facility_name,license_number,municipality,zip_code,metrc_tag,product_name,product_category
5 & Dime Detroit,PC-000205,Detroit,48234,1A405010002786D000029809,Strawberry 1g Infused Preroll,Infused Pre-Rolls
5 & Dime Detroit,PC-000205,Detroit,48234,1A405010002786D000029811,Strawberry 1g Infused Preroll,Infused Pre-Rolls
7Engines,AU-R-000521,Buchanan,49107,1A4050300038CFE000019205,Apple Burst 1g Vape,Vape Cart
7Engines,AU-R-000521,Buchanan,49107,1A4050300038CFE000015944,Dirty Shirly 1g Vape,Vape Cart
7Engines,AU-R-000521,Buchanan,49107,1A4050300038CFE000019802,Fruity Pebbles Vape Cart,Vape Cart
7Engines,AU-R-000521,Buchanan,49107,1A4050300038CFE000019246,Grape Soda 1g Vape,Vape Cart
7Engines,AU-R-000521,Buchanan,49107,1A4050300038CFE000018630,Watermelon Freeze Disposables,Vape Cart
"Atlas Cannabis, Atlas Cannabis Co.",AU-R-000762,Constantine,49042,1A4050300038CFE000011823,Banana Split 1g Disposable,Vape Cart
"Atlas Cannabis, Atlas Cannabis Co.",AU-R-000762,Constantine,49042,1A4050300038CFE000011819,Blue Dream 1g Disposable,Vape Cart
"Atlas Cannabis, Atlas Cannabis Co.",AU-R-000762,Constantine,49042,1A4050300038CFE000011822,Fruity Pebbles 1g Disposable,Vape Cart
"Atlas Cannabis, Atlas Cannabis Co.",AU-R-000762,Constantine,49042,1A4050300038CFE000011170,Grape Soda 1g Vape,Vape Cart
"Atlas Cannabis, Atlas Cannabis Co.",AU-R-000762,Constantine,49042,1A4050300038CFE000011171,Grape Soda 1g Vape,Vape Cart
"Atlas Cannabis, Atlas Cannabis Co.",AU-R-000762,Constantine,49042,1A4050300038CFE000011820,Lemon Cheese Cake Vape,Vape Cart
"Atlas Cannabis, Atlas Cannabis Co.",AU-R-000762,Constantine,49042,1A4050300038CFE000011818,OG Vape Cart,Vape Cart
"Atlas Cannabis, Atlas Cannabis Co.",AU-R-000762,Constantine,49042,1A4050300038CFE000011327,Peaches and Cream Vape Cart,Vape Cart
"Atlas Cannabis, Atlas Cannabis Co.",AU-R-000762,Constantine,49042,1A4050300038CFE000011335,Peaches and Cream Vape Cart,Vape Cart
"Atlas Cannabis, Atlas Cannabis Co.",AU-R-000762,Constantine,49042,1A4050300038CFE000011637,Pina Colada Disposables,Vape Cart
"Atlas Cannabis, Atlas Cannabis Co.",AU-R-000762,Constantine,49042,1A4050300038CFE000011638,Pina Colada Disposables,Vape Cart
"Atlas Cannabis, Atlas Cannabis Co.",AU-R-000762,Constantine,49042,1A4050300038CFE000011821,Strawberry Shortcake Vape Cart,Vape Cart
"Atlas Cannabis, Atlas Cannabis Co.",AU-R-000762,Constantine,49042,1A4050300038CFE000011816,Watermelon Freeze Vape Cart,Vape Cart
Bazonzoes,AU-R-000293,Lansing,48917,1A405030003BB7B000000097,Skywalker 1g Infused Preroll,Infused Pre-Rolls
Bazonzoes,AU-R-000293,Lansing,48917,1A405030003BB7B000000088,Watermelon 1g Infused Preroll,Infused Pre-Rolls
Bazonzoes,AU-R-000293,Lansing,48917,1A405030003BB7B000000089,Waui 1g Infused Preroll,Infused Pre-Rolls
Bazonzoes,AU-R-000394,Walled Lake,48390,1A4050300038CFE000011833,OG 1g Infused Preroll,Infused Pre-Rolls
Bazonzoes,AU-R-000394,Walled Lake,48390,1A4050300038CFE000011791,Peach Mango 1g Infused Preroll,Infused Pre-Rolls
Bazonzoes,AU-R-000394,Walled Lake,48390,1A4050300038CFE000011831,Peach Mango 1g Infused Preroll,Infused Pre-Rolls
Bazonzoes,AU-R-000394,Walled Lake,48390,1A4050300038CFE000002484,Skywalker 1g Infused Preroll,Infused Pre-Rolls
Bazonzoes,AU-R-000394,Walled Lake,48390,1A4050300038CFE000011793,Strawberry 1g Infused Preroll,Infused Pre-Rolls
Bazonzoes,AU-R-000394,Walled Lake,48390,1A4050300038CFE000002463,Watermelon 1g Infused Preroll,Infused Pre-Rolls
Bazonzoes,AU-R-000394,Walled Lake,48390,1A4050300038CFE000011794,Watermelon 1g Infused Preroll,Infused Pre-Rolls
Bazonzoes,AU-R-000394,Walled Lake,48390,1A4050300038CFE000002465,Waui 1g Infused Preroll,Infused Pre-Rolls
Bazonzoes,AU-R-000394,Walled Lake,48390,1A4050300038CFE000011795,Waui 1g Infused Preroll,Infused Pre-Rolls
Bazonzoes,AU-R-000394,Walled Lake,48390,1A4050300038CFE000011805,Banana Split 1g Disposable,Vape Cart
Bazonzoes,AU-R-000394,Walled Lake,48390,1A4050300038CFE000001062,Banana Split Vape Cart,Vape Cart
Bazonzoes,AU-R-000394,Walled Lake,48390,1A4050300038CFE000011804,Blue Dream 1g Disposable,Vape Cart
Bazonzoes,AU-R-000394,Walled Lake,48390,1A4050300038CFE000011155,Blue Dream Vape Cart,Vape Cart
Bazonzoes,AU-R-000394,Walled Lake,48390,1A4050300038CFE000011167,Blue Dream Vape Cart,Vape Cart
Bazonzoes,AU-R-000394,Walled Lake,48390,1A4050300038CFE000001083,Blue Razz Vape Cart,Vape Cart
Bazonzoes,AU-R-000394,Walled Lake,48390,1A4050300038CFE000011803,Fruity Pebbles 1g Disposable,Vape Cart
Bazonzoes,AU-R-000394,Walled Lake,48390,1A4050300038CFE000001078,Fruity Pebbles Vape Cart,Vape Cart
Bazonzoes,AU-R-000394,Walled Lake,48390,1A4050300017D41000006125,Grape Soda 1g Vape,Vape Cart
Bazonzoes,AU-R-000394,Walled Lake,48390,1A4050300038CFE000011067,Grape Soda 1g Vape,Vape Cart
Bazonzoes,AU-R-000394,Walled Lake,48390,1A4050300038CFE000011071,Grape Soda 1g Vape,Vape Cart
Bazonzoes,AU-R-000394,Walled Lake,48390,1A4050300038CFE000011083,Grape Soda 1g Vape,Vape Cart
Bazonzoes,AU-R-000394,Walled Lake,48390,1A4050300038CFE000011089,Grape Soda 1g Vape,Vape Cart
Bazonzoes,AU-R-000394,Walled Lake,48390,1A4050300038CFE000001089,Jungle Juice Vape Cart,Vape Cart
Bazonzoes,AU-R-000394,Walled Lake,48390,1A4050300038CFE000011796,Lemon Cheese Cake Vape,Vape Cart
Bazonzoes,AU-R-000394,Walled Lake,48390,1A4050300038CFE000011807,OG Vape Cart,Vape Cart
Bazonzoes,AU-R-000394,Walled Lake,48390,1A4050300038CFE000011809,Orange Soda 1g Disposable,Vape Cart
Bazonzoes,AU-R-000394,Walled Lake,48390,1A4050300038CFE000011800,Sour Apple 1g Disposable,Vape Cart
Bazonzoes,AU-R-000394,Walled Lake,48390,1A4050300038CFE000001075,Watermelon Freeze Disposables,Vape Cart
Bazonzoes,AU-R-000394,Walled Lake,48390,1A4050300038CFE000011696,Watermelon Freeze Disposables,Vape Cart
Bazonzoes,AU-R-000394,Walled Lake,48390,1A4050300038CFE000011797,Watermelon Freeze Vape Cart,Vape Cart
Bazonzoes,AU-R-000703,Lansing,48911,1A405030003BB7B000000098,Skywalker 1g Infused Preroll,Infused Pre-Rolls
Bazonzoes,AU-R-000703,Lansing,48911,1A405030003BB7B000000087,Watermelon 1g Infused Preroll,Infused Pre-Rolls
Bazonzoes,AU-R-000703,Lansing,48911,1A405030003BB7B000000090,Waui 1g Infused Preroll,Infused Pre-Rolls
BBJ Corunna LLC,AU-R-000859,Corunna,48817,1A4050300038CFE000001266,Fruity Pebbles Vape Cart,Vape Cart
Bodega Michigan,AU-R-000617,Muskegon,49442,1A4050300038CFE000016698,OG 1g Infused Preroll,Infused Pre-Rolls
Bodega Michigan,AU-R-000617,Muskegon,49442,1A4050300038CFE000007475,Skywalker 1g Infused Preroll,Infused Pre-Rolls
Bodega Michigan,AU-R-000617,Muskegon,49442,1A4050300038CFE000016645,Strawberry 1g Infused Preroll,Infused Pre-Rolls
Bodega Michigan,AU-R-000617,Muskegon,49442,1A4050300038CFE000007474,Waui 1g Infused Preroll,Infused Pre-Rolls
Bodega Michigan,AU-R-000617,Muskegon,49442,1A4050300038CFE000000330,Blue Razz Vape Cart,Vape Cart
Bodega Michigan,AU-R-000617,Muskegon,49442,1A4050300038CFE000000332,Cherry Pie Vape Cart,Vape Cart
Bodega Michigan,AU-R-000617,Muskegon,49442,1A4050300038CFE000016670,Fruity Pebbles Box 5 PK Vape Cart,Vape Cart
Bodega Michigan,AU-R-000617,Muskegon,49442,1A4050300038CFE000000333,Fruity Pebbles Vape Cart,Vape Cart
Bodega Michigan,AU-R-000617,Muskegon,49442,1A4050300038CFE000016669,Jungle Juice Box 5 PK Vape Cart,Vape Cart
Bodega Michigan,AU-R-000617,Muskegon,49442,1A4050300038CFE000000334,Pina Colada Vape Cart,Vape Cart
Bodega Michigan,AU-R-000617,Muskegon,49442,1A4050300038CFE000006737,Watermelon Freeze Disposables,Vape Cart
BOWZ,AU-R-001153,Riverview,48193,1A4050300038CFE000021729,Blue Raspberry 1g Infused Preroll,Infused Pre-Rolls
BOWZ,AU-R-001153,Riverview,48193,1A4050300038CFE000021731,Pineapple 1g Infused Preroll,Infused Pre-Rolls
BOWZ,AU-R-001153,Riverview,48193,1A4050300038CFE000021733,Skywalker 1g Infused Preroll,Infused Pre-Rolls
Cannabis King,AU-R-000512,Burton,48529,1A4050300038CFE000008281,Peach Mango 1g Infused Preroll,Infused Pre-Rolls
Cannabis King,AU-R-000512,Burton,48529,1A4050300038CFE000008283,Watermelon 1g Infused Preroll,Infused Pre-Rolls
Cannabis King,AU-R-000512,Burton,48529,1A4050300038CFE000008280,Waui 1g Infused Preroll,Infused Pre-Rolls
Cannabis King,AU-R-000512,Burton,48529,1A4050300038CFE000014025,Strawberry Short Cake 5 - .7g Infused Prerolls,Shake/Trim
Cannabis King,AU-R-000512,Burton,48529,1A4050300038CFE000008210,Banana Split Vape Cart,Vape Cart
Cannabis King,AU-R-000512,Burton,48529,1A4050300038CFE000008038,Blue Dream Vape Cart,Vape Cart
Cannabis King,AU-R-000512,Burton,48529,1A4050300038CFE000008042,Blue Dream Vape Cart,Vape Cart
Cannabis King,AU-R-000512,Burton,48529,1A4050300038CFE000008043,Blue Dream Vape Cart,Vape Cart
Cannabis King,AU-R-000512,Burton,48529,1A4050300038CFE000008057,Blue Dream Vape Cart,Vape Cart
Cannabis King,AU-R-000512,Burton,48529,1A4050300038CFE000008058,Blue Dream Vape Cart,Vape Cart
Cannabis King,AU-R-000512,Burton,48529,1A4050300038CFE000008061,Blue Dream Vape Cart,Vape Cart
Cannabis King,AU-R-000512,Burton,48529,1A4050300038CFE000014120,Blue Razz 1g Disposable,Vape Cart
Cannabis King,AU-R-000512,Burton,48529,1A4050300038CFE000014550,Blue Razz Vape Cart,Vape Cart
Cannabis King,AU-R-000512,Burton,48529,1A4050300038CFE000019765,Blue Razz Vape Cart,Vape Cart
Cannabis King,AU-R-000512,Burton,48529,1A4050300038CFE000008211,Blueberry Pancake 1g vape,Vape Cart
Cannabis King,AU-R-000512,Burton,48529,1A4050300038CFE000014551,Blueberry Pancake 1g vape,Vape Cart
Cannabis King,AU-R-000512,Burton,48529,1A4050300038CFE000008214,Cherry Pie Vape Cart,Vape Cart
Cannabis King,AU-R-000512,Burton,48529,1A4050300038CFE000014522,Fruity Pebbles Vape Cart,Vape Cart
Cannabis King,AU-R-000512,Burton,48529,1A4050300038CFE000019766,Fruity Pebbles Vape Cart,Vape Cart
Cannabis King,AU-R-000512,Burton,48529,1A4050300038CFE000014451,Grape Soda 1g Vape,Vape Cart
Cannabis King,AU-R-000512,Burton,48529,1A4050300038CFE000019238,Grape Soda 1g Vape,Vape Cart
Cannabis King,AU-R-000512,Burton,48529,1A4050300038CFE000019242,Grape Soda 1g Vape,Vape Cart
Cannabis King,AU-R-000512,Burton,48529,1A4050300038CFE000014557,Lemon Drop Vape Cart,Vape Cart
Cannabis King,AU-R-000512,Burton,48529,1A4050300038CFE000019772,Lemon Drop Vape Cart,Vape Cart
Cannabis King,AU-R-000512,Burton,48529,1A4050300038CFE000014553,Lemon Pie Vape Cart,Vape Cart
Cannabis King,AU-R-000512,Burton,48529,1A4050300038CFE000014554,OG Vape Cart,Vape Cart
Cannabis King,AU-R-000512,Burton,48529,1A4050300038CFE000007999,Pina Colada Vape Cart,Vape Cart
Cannabis King,AU-R-000512,Burton,48529,1A4050300038CFE000008010,Pina Colada Vape Cart,Vape Cart
Cannabis King,AU-R-000512,Burton,48529,1A4050300038CFE000008022,Pina Colada Vape Cart,Vape Cart
Cannabis King,AU-R-000512,Burton,48529,1A4050300038CFE000008027,Pina Colada Vape Cart,Vape Cart
Cannabis King,AU-R-000512,Burton,48529,1A4050300038CFE000014556,Red Velvet 1g Vape,Vape Cart
Cannabis King,AU-R-000512,Burton,48529,1A4050300038CFE000014555,Strawberry Cough 1g Vape,Vape Cart
Cannabis King,AU-R-000512,Burton,48529,1A4050300038CFE000019769,Strawberry Cough 1g Vape,Vape Cart
Cannabis King,AU-R-000512,Burton,48529,1A4050300038CFE000006754,Watermelon Freeze Disposables,Vape Cart
Cannabis King,AU-R-000512,Burton,48529,1A4050300038CFE000014080,Watermelon Freeze Disposables,Vape Cart
Cannabis King,AU-R-000512,Burton,48529,1A4050300038CFE000008215,Watermelon Freeze Vape Cart,Vape Cart
Cannabis King,AU-R-000512,Burton,48529,1A4050300038CFE000014552,Watermelon Freeze Vape Cart,Vape Cart
CannaVibes Emporium,AU-R-000364,Battle Creek,49037,1A4050300038CFE000021404,Blue Raspberry 1g Infused Preroll,Infused Pre-Rolls
CannaVibes Emporium,AU-R-000364,Battle Creek,49037,1A4050300038CFE000021406,Pineapple 1g Infused Preroll,Infused Pre-Rolls
CannaVibes Emporium,AU-R-000364,Battle Creek,49037,1A4050300038CFE000021398,Skywalker 1g Infused Preroll,Infused Pre-Rolls
CannaVibes Emporium,AU-R-000364,Battle Creek,49037,1A4050300038CFE000021405,Skywalker 1g Infused Preroll,Infused Pre-Rolls
CannaVibes Emporium,AU-R-000364,Battle Creek,49037,1A4050300038CFE000021399,Waui 1g Infused Preroll,Infused Pre-Rolls
Cherry Brands,AU-R-001080,Jackson,49202,1A4050300038CFE000014321,Peach Mango 1g Infused Preroll,Infused Pre-Rolls
Cherry Brands,AU-R-001080,Jackson,49202,1A4050300038CFE000014323,Peach Mango 1g Infused Preroll,Infused Pre-Rolls
Cherry Brands,AU-R-001080,Jackson,49202,1A4050300038CFE000014322,Pineapple 1g Infused Preroll,Infused Pre-Rolls
Cherry Brands,AU-R-001080,Jackson,49202,1A4050300038CFE000014324,Skywalker 1g Infused Preroll,Infused Pre-Rolls
Cherry Brands,AU-R-001080,Jackson,49202,1A4050300038CFE000014325,Strawberry 1g Infused Preroll,Infused Pre-Rolls
Cherry Brands,AU-R-001080,Jackson,49202,1A4050300038CFE000014326,Watermelon 1g Infused Preroll,Infused Pre-Rolls
Cherry Brands,AU-R-001080,Jackson,49202,1A4050300038CFE000014327,Waui 1g Infused Preroll,Infused Pre-Rolls
Cherry Brands,AU-R-001080,Jackson,49202,1A4050300038CFE000014299,Banana Split Vape Cart,Vape Cart
Cherry Brands,AU-R-001080,Jackson,49202,1A4050300038CFE000013944,Blue Dream 1g Disposable,Vape Cart
Cherry Brands,AU-R-001080,Jackson,49202,1A4050300038CFE000014300,Blue Dream Vape Cart,Vape Cart
Cherry Brands,AU-R-001080,Jackson,49202,1A4050300038CFE000013541,Blueberry Pancake 1g vape,Vape Cart
Cherry Brands,AU-R-001080,Jackson,49202,1A4050300038CFE000014301,Cherry Pie Vape Cart,Vape Cart
Cherry Brands,AU-R-001080,Jackson,49202,1A4050300038CFE000013562,Fruity Pebbles Vape Cart,Vape Cart
Cherry Brands,AU-R-001080,Jackson,49202,1A4050300038CFE000014302,Sour Apple Vape Cart,Vape Cart
Cherry Brands,AU-R-001080,Jackson,49202,1A4050300038CFE000014059,Strawberry Shortcake 1g Disposable,Vape Cart
Cherry Brands,AU-R-001080,Jackson,49202,1A4050300038CFE000014084,Watermelon Freeze Disposables,Vape Cart
Cherry Brands,AU-R-001080,Jackson,49202,1A4050300038CFE000013444,Watermelon Freeze Vape Cart,Vape Cart
Cherry Brands,AU-R-001080,Jackson,49202,1A4050300038CFE000013453,Watermelon Freeze Vape Cart,Vape Cart
CHO,AU-R-000797,Stanton,48888,1A4050300038CFE000016387,Blue Razz 1g Disposable,Vape Cart
CHO,AU-R-000797,Stanton,48888,1A4050300038CFE000017184,Fruity Pebbles 1g Disposable,Vape Cart
CHO,AU-R-000797,Stanton,48888,1A4050300038CFE000017828,Jungle Juice 1g Disposable,Vape Cart
CHO,AU-R-000797,Stanton,48888,1A4050300038CFE000017829,Jungle Juice 1g Disposable,Vape Cart
CHO,AU-R-000797,Stanton,48888,1A4050300038CFE000017267,OG Disposables,Vape Cart
CHO,AU-R-000797,Stanton,48888,1A4050300038CFE000018614,Watermelon Freeze Disposables,Vape Cart
Cloud Cannabis 28th Street,AU-R-000940,Grand Rapids,49508,1A4050300038CFE000012600,OG 1g Infused Preroll,Infused Pre-Rolls
Cloud Cannabis 28th Street,AU-R-000940,Grand Rapids,49508,1A4050300038CFE000008333,Peach Mango 1g Infused Preroll,Infused Pre-Rolls
Cloud Cannabis 28th Street,AU-R-000940,Grand Rapids,49508,1A4050300038CFE000012601,Peach Mango 1g Infused Preroll,Infused Pre-Rolls
Cloud Cannabis 28th Street,AU-R-000940,Grand Rapids,49508,1A4050300038CFE000007481,Skywalker 1g Infused Preroll,Infused Pre-Rolls
Cloud Cannabis 28th Street,AU-R-000940,Grand Rapids,49508,1A4050300038CFE000012599,Strawberry 1g Infused Preroll,Infused Pre-Rolls
Cloud Cannabis 28th Street,AU-R-000940,Grand Rapids,49508,1A4050300038CFE000002860,Watermelon 1g Infused Preroll,Infused Pre-Rolls
Cloud Cannabis 28th Street,AU-R-000940,Grand Rapids,49508,1A4050300038CFE000008339,Watermelon 1g Infused Preroll,Infused Pre-Rolls
Cloud Cannabis 28th Street,AU-R-000940,Grand Rapids,49508,1A4050300038CFE000012598,Watermelon 1g Infused Preroll,Infused Pre-Rolls
Cloud Cannabis 28th Street,AU-R-000940,Grand Rapids,49508,1A4050300038CFE000007480,Waui 1g Infused Preroll,Infused Pre-Rolls
Cloud Cannabis 28th Street,AU-R-000940,Grand Rapids,49508,1A4050300038CFE000012597,Waui 1g Infused Preroll,Infused Pre-Rolls
Cloud Cannabis 28th Street,AU-R-000940,Grand Rapids,49508,1A4050300038CFE000010590,Blue Dream Vape Cart,Vape Cart
Cloud Cannabis 28th Street,AU-R-000940,Grand Rapids,49508,1A4050300038CFE000014277,Blue Dream Vape Cart,Vape Cart
Cloud Cannabis 28th Street,AU-R-000940,Grand Rapids,49508,1A4050300038CFE000010581,Blueberry Pancake 1g vape,Vape Cart
Cloud Cannabis 28th Street,AU-R-000940,Grand Rapids,49508,1A4050300038CFE000007485,Cherry Pie Vape Cart,Vape Cart
Cloud Cannabis 28th Street,AU-R-000940,Grand Rapids,49508,1A4050300038CFE000013549,Fruity Pebbles Vape Cart,Vape Cart
Cloud Cannabis 28th Street,AU-R-000940,Grand Rapids,49508,1A4050300038CFE000007489,Jungle Juice Vape Cart,Vape Cart
Cloud Cannabis 28th Street,AU-R-000940,Grand Rapids,49508,1A4050300038CFE000007508,Jungle Juice Vape Cart,Vape Cart
Cloud Cannabis 28th Street,AU-R-000940,Grand Rapids,49508,1A4050300038CFE000010585,Lemon Cheese Cake Vape,Vape Cart
Cloud Cannabis 28th Street,AU-R-000940,Grand Rapids,49508,1A4050300038CFE000010586,OG Vape Cart,Vape Cart
Cloud Cannabis 28th Street,AU-R-000940,Grand Rapids,49508,1A4050300038CFE000008017,Pina Colada Vape Cart,Vape Cart
Cloud Cannabis 28th Street,AU-R-000940,Grand Rapids,49508,1A4050300038CFE000007503,Sour Apple Vape Cart,Vape Cart
Cloud Cannabis 28th Street,AU-R-000940,Grand Rapids,49508,1A4050300038CFE000010584,Sour Apple Vape Cart,Vape Cart
Cloud Cannabis 28th Street,AU-R-000940,Grand Rapids,49508,1A4050300038CFE000007501,Strawberry Shortcake Vape Cart,Vape Cart
Cloud Cannabis 28th Street,AU-R-000940,Grand Rapids,49508,1A4050300038CFE000007491,Watermelon Freeze Vape Cart,Vape Cart
Cloud Cannabis 28th Street,AU-R-000940,Grand Rapids,49508,1A4050300038CFE000007506,Watermelon Freeze Vape Cart,Vape Cart
Cloud Cannabis 28th Street,AU-R-000940,Grand Rapids,49508,1A4050300038CFE000010587,Watermelon Freeze Vape Cart,Vape Cart
Cloud Cannabis Cedar Springs,AU-R-000853,Cedar Springs,49319,1A4050300038CFE000018927,Blue Raspberry 1g Infused Preroll,Infused Pre-Rolls
Cloud Cannabis Cedar Springs,AU-R-000853,Cedar Springs,49319,1A4050300038CFE000012529,OG 1g Infused Preroll,Infused Pre-Rolls
Cloud Cannabis Cedar Springs,AU-R-000853,Cedar Springs,49319,1A4050300038CFE000018922,OG 1g Infused Preroll,Infused Pre-Rolls
Cloud Cannabis Cedar Springs,AU-R-000853,Cedar Springs,49319,1A4050300038CFE000008842,Peach Mango 1g Infused Preroll,Infused Pre-Rolls
Cloud Cannabis Cedar Springs,AU-R-000853,Cedar Springs,49319,1A4050300038CFE000012528,Peach Mango 1g Infused Preroll,Infused Pre-Rolls
Cloud Cannabis Cedar Springs,AU-R-000853,Cedar Springs,49319,1A4050300038CFE000005602,Strawberry 1g Infused Preroll,Infused Pre-Rolls
Cloud Cannabis Cedar Springs,AU-R-000853,Cedar Springs,49319,1A4050300038CFE000012530,Strawberry 1g Infused Preroll,Infused Pre-Rolls
Cloud Cannabis Cedar Springs,AU-R-000853,Cedar Springs,49319,1A4050300038CFE000002763,Watermelon 1g Infused Preroll,Infused Pre-Rolls
Cloud Cannabis Cedar Springs,AU-R-000853,Cedar Springs,49319,1A4050300038CFE000002770,Watermelon 1g Infused Preroll,Infused Pre-Rolls
Cloud Cannabis Cedar Springs,AU-R-000853,Cedar Springs,49319,1A4050300038CFE000005228,Watermelon 1g Infused Preroll,Infused Pre-Rolls
Cloud Cannabis Cedar Springs,AU-R-000853,Cedar Springs,49319,1A4050300038CFE000008840,Watermelon 1g Infused Preroll,Infused Pre-Rolls
Cloud Cannabis Cedar Springs,AU-R-000853,Cedar Springs,49319,1A4050300038CFE000012531,Watermelon 1g Infused Preroll,Infused Pre-Rolls
Cloud Cannabis Cedar Springs,AU-R-000853,Cedar Springs,49319,1A4050300038CFE000018924,Watermelon 1g Infused Preroll,Infused Pre-Rolls
Cloud Cannabis Cedar Springs,AU-R-000853,Cedar Springs,49319,1A4050300038CFE000002766,Waui 1g Infused Preroll,Infused Pre-Rolls
Cloud Cannabis Cedar Springs,AU-R-000853,Cedar Springs,49319,1A4050300038CFE000007562,Waui 1g Infused Preroll,Infused Pre-Rolls
Cloud Cannabis Cedar Springs,AU-R-000853,Cedar Springs,49319,1A4050300038CFE000012532,Waui 1g Infused Preroll,Infused Pre-Rolls
Cloud Cannabis Cedar Springs,AU-R-000853,Cedar Springs,49319,1A4050300038CFE000014241,Banana Split Vape Cart,Vape Cart
Cloud Cannabis Cedar Springs,AU-R-000853,Cedar Springs,49319,1A4050300038CFE000017419,Banana Split Vape Cart,Vape Cart
Cloud Cannabis Cedar Springs,AU-R-000853,Cedar Springs,49319,1A4050300038CFE000014238,Blue Dream Vape Cart,Vape Cart
Cloud Cannabis Cedar Springs,AU-R-000853,Cedar Springs,49319,1A4050300038CFE000017420,Blue Dream Vape Cart,Vape Cart
Cloud Cannabis Cedar Springs,AU-R-000853,Cedar Springs,49319,1A4050300038CFE000013511,Blueberry Pancake 1g vape,Vape Cart
Cloud Cannabis Cedar Springs,AU-R-000853,Cedar Springs,49319,1A4050300038CFE000017072,Blueberry Pancake 1g vape,Vape Cart
Cloud Cannabis Cedar Springs,AU-R-000853,Cedar Springs,49319,1A4050300038CFE000018141,Blueberry Pancake 1g vape,Vape Cart
Cloud Cannabis Cedar Springs,AU-R-000853,Cedar Springs,49319,1A4050300038CFE000014239,Cherry Pie Vape Cart,Vape Cart
Cloud Cannabis Cedar Springs,AU-R-000853,Cedar Springs,49319,1A4050300038CFE000018877,Cherry Pie Vape Cart,Vape Cart
Cloud Cannabis Cedar Springs,AU-R-000853,Cedar Springs,49319,1A4050300038CFE000013557,Fruity Pebbles Vape Cart,Vape Cart
Cloud Cannabis Cedar Springs,AU-R-000853,Cedar Springs,49319,1A4050300038CFE000013578,Fruity Pebbles Vape Cart,Vape Cart
Cloud Cannabis Cedar Springs,AU-R-000853,Cedar Springs,49319,1A4050300038CFE000016442,Fruity Pebbles Vape Cart,Vape Cart
Cloud Cannabis Cedar Springs,AU-R-000853,Cedar Springs,49319,1A4050300038CFE000018880,Fruity Pebbles Vape Cart,Vape Cart
Cloud Cannabis Cedar Springs,AU-R-000853,Cedar Springs,49319,1A4050300038CFE000014240,Grape Soda 1g Vape,Vape Cart
Cloud Cannabis Cedar Springs,AU-R-000853,Cedar Springs,49319,1A4050300038CFE000017422,Jungle Juice Vape Cart,Vape Cart
Cloud Cannabis Cedar Springs,AU-R-000853,Cedar Springs,49319,1A4050300038CFE000018042,Jungle Juice Vape Cart,Vape Cart
Cloud Cannabis Cedar Springs,AU-R-000853,Cedar Springs,49319,1A4050300038CFE000017428,Lemon Cheese Cake Vape,Vape Cart
Cloud Cannabis Cedar Springs,AU-R-000853,Cedar Springs,49319,1A4050300038CFE000014243,Lemon Drop Vape Cart,Vape Cart
Cloud Cannabis Cedar Springs,AU-R-000853,Cedar Springs,49319,1A4050300038CFE000017423,Lemon Drop Vape Cart,Vape Cart
Cloud Cannabis Cedar Springs,AU-R-000853,Cedar Springs,49319,1A4050300038CFE000018401,Lemon Drop Vape Cart,Vape Cart
Cloud Cannabis Cedar Springs,AU-R-000853,Cedar Springs,49319,1A4050300038CFE000013810,OG Vape Cart,Vape Cart
Cloud Cannabis Cedar Springs,AU-R-000853,Cedar Springs,49319,1A4050300038CFE000013612,Orange Soda Vape Cart,Vape Cart
Cloud Cannabis Cedar Springs,AU-R-000853,Cedar Springs,49319,1A4050300038CFE000016887,Orange Soda Vape Cart,Vape Cart
Cloud Cannabis Cedar Springs,AU-R-000853,Cedar Springs,49319,1A4050300038CFE000014245,Peaches and Cream Vape Cart,Vape Cart
Cloud Cannabis Cedar Springs,AU-R-000853,Cedar Springs,49319,1A4050300038CFE000017424,Peaches and Cream Vape Cart,Vape Cart
Cloud Cannabis Cedar Springs,AU-R-000853,Cedar Springs,49319,1A4050300038CFE000016189,Pink Lemonade 1g Vape Cart,Vape Cart
Cloud Cannabis Cedar Springs,AU-R-000853,Cedar Springs,49319,1A4050300038CFE000017426,Red Velvet 1g Vape,Vape Cart
Cloud Cannabis Cedar Springs,AU-R-000853,Cedar Springs,49319,1A4050300038CFE000013981,Sour Apple Vape Cart,Vape Cart
Cloud Cannabis Cedar Springs,AU-R-000853,Cedar Springs,49319,1A4050300038CFE000013427,Watermelon Freeze Vape Cart,Vape Cart
Cloud Cannabis Cedar Springs,AU-R-000853,Cedar Springs,49319,1A4050300038CFE000013432,Watermelon Freeze Vape Cart,Vape Cart
Cloud Cannabis Cedar Springs,AU-R-000853,Cedar Springs,49319,1A4050300038CFE000014895,Watermelon Freeze Vape Cart,Vape Cart
Cloud Cannabis Cedar Springs,AU-R-000853,Cedar Springs,49319,1A4050300038CFE000018294,Watermelon Freeze Vape Cart,Vape Cart
Cloud Cannabis Cedar Springs,AU-R-000853,Cedar Springs,49319,1A4050300038CFE000018295,Watermelon Freeze Vape Cart,Vape Cart
Cloud Cannabis Company,AU-R-000317,Ann Arbor,48105,1A4050300038CFE000002780,Watermelon 1g Infused Preroll,Infused Pre-Rolls
Cloud Cannabis Company,AU-R-000317,Ann Arbor,48105,1A4050300038CFE000002786,Watermelon 1g Infused Preroll,Infused Pre-Rolls
Cloud Cannabis Company,AU-R-000317,Ann Arbor,48105,1A4050300038CFE000008312,Watermelon 1g Infused Preroll,Infused Pre-Rolls
Cloud Cannabis Company,AU-R-000317,Ann Arbor,48105,1A4050300038CFE000002779,Waui 1g Infused Preroll,Infused Pre-Rolls
Cloud Cannabis Company,AU-R-000317,Ann Arbor,48105,1A4050300038CFE000010507,Banana Split Vape Cart,Vape Cart
Cloud Cannabis Company,AU-R-000317,Ann Arbor,48105,1A4050300038CFE000013921,Banana Split Vape Cart,Vape Cart
Cloud Cannabis Company,AU-R-000317,Ann Arbor,48105,1A4050300038CFE000010515,Blue Dream Vape Cart,Vape Cart
Cloud Cannabis Company,AU-R-000317,Ann Arbor,48105,1A4050300038CFE000013930,Blue Dream Vape Cart,Vape Cart
Cloud Cannabis Company,AU-R-000317,Ann Arbor,48105,1A4050300038CFE000010511,Blueberry Pancake 1g vape,Vape Cart
Cloud Cannabis Company,AU-R-000317,Ann Arbor,48105,1A4050300038CFE000013533,Blueberry Pancake 1g vape,Vape Cart
Cloud Cannabis Company,AU-R-000317,Ann Arbor,48105,1A4050300038CFE000017081,Blueberry Pancake 1g vape,Vape Cart
Cloud Cannabis Company,AU-R-000317,Ann Arbor,48105,1A4050300038CFE000017082,Blueberry Pancake 1g vape,Vape Cart
Cloud Cannabis Company,AU-R-000317,Ann Arbor,48105,1A4050300038CFE000015877,Cereal Milk 1g Vape,Vape Cart
Cloud Cannabis Company,AU-R-000317,Ann Arbor,48105,1A4050300038CFE000007338,Cherry Pie Vape Cart,Vape Cart
Cloud Cannabis Company,AU-R-000317,Ann Arbor,48105,1A4050300038CFE000007353,Cherry Pie Vape Cart,Vape Cart
Cloud Cannabis Company,AU-R-000317,Ann Arbor,48105,1A4050300038CFE000014016,Cherry Pie Vape Cart,Vape Cart
Cloud Cannabis Company,AU-R-000317,Ann Arbor,48105,1A4050300038CFE000015918,Dirty Shirly 1g Vape,Vape Cart
Cloud Cannabis Company,AU-R-000317,Ann Arbor,48105,1A4050300038CFE000013571,Fruity Pebbles Vape Cart,Vape Cart
Cloud Cannabis Company,AU-R-000317,Ann Arbor,48105,1A4050300038CFE000016435,Fruity Pebbles Vape Cart,Vape Cart
Cloud Cannabis Company,AU-R-000317,Ann Arbor,48105,1A4050300038CFE000016437,Fruity Pebbles Vape Cart,Vape Cart
Cloud Cannabis Company,AU-R-000317,Ann Arbor,48105,1A4050300038CFE000010516,Grape Soda 1g Vape,Vape Cart
Cloud Cannabis Company,AU-R-000317,Ann Arbor,48105,1A4050300038CFE000011090,Grape Soda 1g Vape,Vape Cart
Cloud Cannabis Company,AU-R-000317,Ann Arbor,48105,1A4050300038CFE000007339,Jungle Juice Vape Cart,Vape Cart
Cloud Cannabis Company,AU-R-000317,Ann Arbor,48105,1A4050300038CFE000016910,Jungle Juice Vape Cart,Vape Cart
Cloud Cannabis Company,AU-R-000317,Ann Arbor,48105,1A4050300038CFE000010509,Lemon Drop Vape Cart,Vape Cart
Cloud Cannabis Company,AU-R-000317,Ann Arbor,48105,1A4050300038CFE000014955,Lemon Drop Vape Cart,Vape Cart
Cloud Cannabis Company,AU-R-000317,Ann Arbor,48105,1A4050300038CFE000016778,Lemon Drop Vape Cart,Vape Cart
Cloud Cannabis Company,AU-R-000317,Ann Arbor,48105,1A4050300038CFE000014141,Lemon Pie Vape Cart,Vape Cart
Cloud Cannabis Company,AU-R-000317,Ann Arbor,48105,1A4050300038CFE000010506,OG Vape Cart,Vape Cart
Cloud Cannabis Company,AU-R-000317,Ann Arbor,48105,1A4050300038CFE000013792,OG Vape Cart,Vape Cart
Cloud Cannabis Company,AU-R-000317,Ann Arbor,48105,1A4050300038CFE000016946,OG Vape Cart,Vape Cart
Cloud Cannabis Company,AU-R-000317,Ann Arbor,48105,1A4050300038CFE000010514,Orange Soda Vape Cart,Vape Cart
Cloud Cannabis Company,AU-R-000317,Ann Arbor,48105,1A4050300038CFE000013622,Orange Soda Vape Cart,Vape Cart
Cloud Cannabis Company,AU-R-000317,Ann Arbor,48105,1A4050300038CFE000016879,Orange Soda Vape Cart,Vape Cart
Cloud Cannabis Company,AU-R-000317,Ann Arbor,48105,1A4050300038CFE000013995,Peaches and Cream Vape Cart,Vape Cart
Cloud Cannabis Company,AU-R-000317,Ann Arbor,48105,1A4050300038CFE000016190,Pink Lemonade 1g Vape Cart,Vape Cart
Cloud Cannabis Company,AU-R-000317,Ann Arbor,48105,1A4050300038CFE000007347,Sour Apple Vape Cart,Vape Cart
Cloud Cannabis Company,AU-R-000317,Ann Arbor,48105,1A4050300038CFE000007354,Sour Apple Vape Cart,Vape Cart
Cloud Cannabis Company,AU-R-000317,Ann Arbor,48105,1A4050300038CFE000010513,Sour Apple Vape Cart,Vape Cart
Cloud Cannabis Company,AU-R-000317,Ann Arbor,48105,1A4050300038CFE000013982,Sour Apple Vape Cart,Vape Cart
Cloud Cannabis Company,AU-R-000317,Ann Arbor,48105,1A4050300038CFE000007421,Strawberry Cough 1g Vape,Vape Cart
Cloud Cannabis Company,AU-R-000317,Ann Arbor,48105,1A4050300038CFE000007342,Strawberry Shortcake Vape Cart,Vape Cart
Cloud Cannabis Company,AU-R-000317,Ann Arbor,48105,1A4050300038CFE000014142,Strawberry Shortcake Vape Cart,Vape Cart
Cloud Cannabis Company,AU-R-000317,Ann Arbor,48105,1A4050300038CFE000007344,Watermelon Freeze Vape Cart,Vape Cart
Cloud Cannabis Company,AU-R-000317,Ann Arbor,48105,1A4050300038CFE000007351,Watermelon Freeze Vape Cart,Vape Cart
Cloud Cannabis Company,AU-R-000317,Ann Arbor,48105,1A4050300038CFE000010510,Watermelon Freeze Vape Cart,Vape Cart
Cloud Cannabis Company,AU-R-000317,Ann Arbor,48105,1A4050300038CFE000013431,Watermelon Freeze Vape Cart,Vape Cart
Cloud Cannabis Company,AU-R-000317,Ann Arbor,48105,1A4050300038CFE000014896,Watermelon Freeze Vape Cart,Vape Cart
Cloud Cannabis Company,AU-R-000317,Ann Arbor,48105,1A4050300038CFE000014904,Watermelon Freeze Vape Cart,Vape Cart
Cloud Cannabis Company,AU-R-000956,Traverse City,49686,1A4050300038CFE000012519,Peach Mango 1g Infused Preroll,Infused Pre-Rolls
Cloud Cannabis Company,AU-R-000956,Traverse City,49686,1A4050300038CFE000012520,Strawberry 1g Infused Preroll,Infused Pre-Rolls
Cloud Cannabis Company,AU-R-000956,Traverse City,49686,1A4050300038CFE000002812,Watermelon 1g Infused Preroll,Infused Pre-Rolls
Cloud Cannabis Company,AU-R-000956,Traverse City,49686,1A4050300038CFE000008586,Watermelon 1g Infused Preroll,Infused Pre-Rolls
Cloud Cannabis Company,AU-R-000956,Traverse City,49686,1A4050300038CFE000012521,Watermelon 1g Infused Preroll,Infused Pre-Rolls
Cloud Cannabis Company,AU-R-000956,Traverse City,49686,1A4050300038CFE000002811,Waui 1g Infused Preroll,Infused Pre-Rolls
Cloud Cannabis Company,AU-R-000956,Traverse City,49686,1A4050300038CFE000008587,Waui 1g Infused Preroll,Infused Pre-Rolls
Cloud Cannabis Company,AU-R-001143,Gaylord,49735,1A4050300038CFE000012557,OG 1g Infused Preroll,Infused Pre-Rolls
Cloud Cannabis Company,AU-R-001143,Gaylord,49735,1A4050300038CFE000012558,Peach Mango 1g Infused Preroll,Infused Pre-Rolls
Cloud Cannabis Company,AU-R-001143,Gaylord,49735,1A4050300038CFE000014292,Blue Dream 1g Disposable,Vape Cart
Cloud Cannabis Company,AU-R-001143,Gaylord,49735,1A4050300038CFE000016807,Cherry Pie 1g Disposable,Vape Cart
Cloud Cannabis Company,AU-R-001143,Gaylord,49735,1A4050300038CFE000016007,Jungle Juice 1g Disposable,Vape Cart
Cloud Cannabis Company,AU-R-001144,Grand Rapids,49508,1A4050300038CFE000010582,Banana Split Vape Cart,Vape Cart
Cloud Cannabis Company,AU-R-001144,Grand Rapids,49508,1A4050300038CFE000014276,Banana Split Vape Cart,Vape Cart
Cloud Cannabis Company,AU-R-001144,Grand Rapids,49508,1A4050300038CFE000017406,Banana Split Vape Cart,Vape Cart
Cloud Cannabis Company,AU-R-001144,Grand Rapids,49508,1A4050300038CFE000017407,Blue Dream Vape Cart,Vape Cart
Cloud Cannabis Company,AU-R-001144,Grand Rapids,49508,1A4050300038CFE000016244,Blueberry Pancake 1g Disposable,Vape Cart
Cloud Cannabis Company,AU-R-001144,Grand Rapids,49508,1A4050300038CFE000013522,Blueberry Pancake 1g vape,Vape Cart
Cloud Cannabis Company,AU-R-001144,Grand Rapids,49508,1A4050300038CFE000013534,Blueberry Pancake 1g vape,Vape Cart
Cloud Cannabis Company,AU-R-001144,Grand Rapids,49508,1A4050300038CFE000017075,Blueberry Pancake 1g vape,Vape Cart
Cloud Cannabis Company,AU-R-001144,Grand Rapids,49508,1A4050300038CFE000016833,Cherry Pie 1g Disposable,Vape Cart
Cloud Cannabis Company,AU-R-001144,Grand Rapids,49508,1A4050300038CFE000014278,Cherry Pie Vape Cart,Vape Cart
Cloud Cannabis Company,AU-R-001144,Grand Rapids,49508,1A4050300038CFE000017209,Fruity Pebbles 1g Disposable,Vape Cart
Cloud Cannabis Company,AU-R-001144,Grand Rapids,49508,1A4050300038CFE000016425,Fruity Pebbles Vape Cart,Vape Cart
Cloud Cannabis Company,AU-R-001144,Grand Rapids,49508,1A4050300038CFE000010592,Grape Soda 1g Vape,Vape Cart
Cloud Cannabis Company,AU-R-001144,Grand Rapids,49508,1A4050300038CFE000014279,Grape Soda 1g Vape,Vape Cart
Cloud Cannabis Company,AU-R-001144,Grand Rapids,49508,1A4050300038CFE000016907,Jungle Juice Vape Cart,Vape Cart
Cloud Cannabis Company,AU-R-001144,Grand Rapids,49508,1A4050300038CFE000014280,Lemon Drop Vape Cart,Vape Cart
Cloud Cannabis Company,AU-R-001144,Grand Rapids,49508,1A4050300038CFE000017408,Lemon Drop Vape Cart,Vape Cart
Cloud Cannabis Company,AU-R-001144,Grand Rapids,49508,1A4050300038CFE000013805,OG Vape Cart,Vape Cart
Cloud Cannabis Company,AU-R-001144,Grand Rapids,49508,1A4050300038CFE000016895,Orange Soda Vape Cart,Vape Cart
Cloud Cannabis Company,AU-R-001144,Grand Rapids,49508,1A4050300038CFE000014281,Peaches and Cream Vape Cart,Vape Cart
Cloud Cannabis Company,AU-R-001144,Grand Rapids,49508,1A4050300038CFE000017409,Peaches and Cream Vape Cart,Vape Cart
Cloud Cannabis Company,AU-R-001144,Grand Rapids,49508,1A4050300038CFE000017410,Red Velvet 1g Vape,Vape Cart
Cloud Cannabis Company,AU-R-001144,Grand Rapids,49508,1A4050300038CFE000013985,Watermelon Freeze Disposables,Vape Cart
Cloud Cannabis Company,AU-R-001144,Grand Rapids,49508,1A4050300038CFE000015998,Watermelon Freeze Disposables,Vape Cart
Cloud Cannabis Company,AU-R-001144,Grand Rapids,49508,1A4050300038CFE000013443,Watermelon Freeze Vape Cart,Vape Cart
Cloud Cannabis Company,AU-R-001144,Grand Rapids,49508,1A4050300038CFE000014916,Watermelon Freeze Vape Cart,Vape Cart
Cloud Cannabis Company,AU-R-001147,Grand Rapids,49504,1A4050300038CFE000018933,Blue Raspberry 1g Infused Preroll,Infused Pre-Rolls
Cloud Cannabis Company,AU-R-001147,Grand Rapids,49504,1A4050300038CFE000018934,OG 1g Infused Preroll,Infused Pre-Rolls
Cloud Cannabis Company,AU-R-001147,Grand Rapids,49504,1A4050300038CFE000018935,Watermelon 1g Infused Preroll,Infused Pre-Rolls
Cloud Cannabis Company,AU-R-001147,Grand Rapids,49504,1A4050300038CFE000010429,Banana Split Vape Cart,Vape Cart
Cloud Cannabis Company,AU-R-001147,Grand Rapids,49504,1A4050300038CFE000014253,Banana Split Vape Cart,Vape Cart
Cloud Cannabis Company,AU-R-001147,Grand Rapids,49504,1A4050300038CFE000015143,Banana Split Vape Cart,Vape Cart
Cloud Cannabis Company,AU-R-001147,Grand Rapids,49504,1A4050300038CFE000017488,Banana Split Vape Cart,Vape Cart
Cloud Cannabis Company,AU-R-001147,Grand Rapids,49504,1A4050300038CFE000017389,Blue Razz Vape Cart,Vape Cart
Cloud Cannabis Company,AU-R-001147,Grand Rapids,49504,1A4050300038CFE000018318,Blue Razz Vape Cart,Vape Cart
Cloud Cannabis Company,AU-R-001147,Grand Rapids,49504,1A4050300038CFE000016242,Blueberry Pancake 1g Disposable,Vape Cart
Cloud Cannabis Company,AU-R-001147,Grand Rapids,49504,1A4050300038CFE000013530,Blueberry Pancake 1g vape,Vape Cart
Cloud Cannabis Company,AU-R-001147,Grand Rapids,49504,1A4050300038CFE000018130,Blueberry Pancake 1g vape,Vape Cart
Cloud Cannabis Company,AU-R-001147,Grand Rapids,49504,1A4050300038CFE000019043,Bubble Gum 1g vape,Vape Cart
Cloud Cannabis Company,AU-R-001147,Grand Rapids,49504,1A4050300038CFE000016806,Cherry Pie 1g Disposable,Vape Cart
Cloud Cannabis Company,AU-R-001147,Grand Rapids,49504,1A4050300038CFE000017211,Fruity Pebbles 1g Disposable,Vape Cart
Cloud Cannabis Company,AU-R-001147,Grand Rapids,49504,1A4050300038CFE000019041,Grape Soda 1g Vape,Vape Cart
Cloud Cannabis Company,AU-R-001147,Grand Rapids,49504,1A4050300038CFE000018066,Jungle Juice Vape Cart,Vape Cart
Cloud Cannabis Company,AU-R-001147,Grand Rapids,49504,1A4050300038CFE000018411,Lemon Drop Vape Cart,Vape Cart
Cloud Cannabis Company,AU-R-001147,Grand Rapids,49504,1A4050300038CFE000018438,Lemon Drop Vape Cart,Vape Cart
Cloud Cannabis Company,AU-R-001147,Grand Rapids,49504,1A4050300038CFE000010472,OG Vape Cart,Vape Cart
Cloud Cannabis Company,AU-R-001147,Grand Rapids,49504,1A4050300038CFE000016947,OG Vape Cart,Vape Cart
Cloud Cannabis Company,AU-R-001147,Grand Rapids,49504,1A4050300038CFE000019042,OG Vape Cart,Vape Cart
Cloud Cannabis Company,AU-R-001147,Grand Rapids,49504,1A4050300038CFE000018090,Pineapple Express 1g Vape Cart,Vape Cart
Cloud Cannabis Company,AU-R-001147,Grand Rapids,49504,1A4050300038CFE000018096,Pineapple Express 1g Vape Cart,Vape Cart
Cloud Cannabis Company,AU-R-001147,Grand Rapids,49504,1A4050300038CFE000017393,Red Velvet 1g Vape,Vape Cart
Cloud Cannabis Company,AU-R-001147,Grand Rapids,49504,1A4050300038CFE000010431,Sour Apple Vape Cart,Vape Cart
Cloud Cannabis Company,AU-R-001147,Grand Rapids,49504,1A4050300038CFE000019040,Sour Apple Vape Cart,Vape Cart
Cloud Cannabis Company,AU-R-001147,Grand Rapids,49504,1A4050300038CFE000013987,Watermelon Freeze Disposables,Vape Cart
Cloud Cannabis Company,AU-R-001147,Grand Rapids,49504,1A4050300038CFE000015993,Watermelon Freeze Disposables,Vape Cart
Cloud Cannabis Company,AU-R-001147,Grand Rapids,49504,1A4050300038CFE000018301,Watermelon Freeze Vape Cart,Vape Cart
Cloud Cannabis Company,AU-R-001148,Muskegon,49445,1A4050300038CFE000018943,Blue Raspberry 1g Infused Preroll,Infused Pre-Rolls
Cloud Cannabis Company,AU-R-001148,Muskegon,49445,1A4050300038CFE000012578,OG 1g Infused Preroll,Infused Pre-Rolls
Cloud Cannabis Company,AU-R-001148,Muskegon,49445,1A4050300038CFE000018944,OG 1g Infused Preroll,Infused Pre-Rolls
Cloud Cannabis Company,AU-R-001148,Muskegon,49445,1A4050300038CFE000012580,Peach Mango 1g Infused Preroll,Infused Pre-Rolls
Cloud Cannabis Company,AU-R-001148,Muskegon,49445,1A4050300038CFE000012577,Strawberry 1g Infused Preroll,Infused Pre-Rolls
Cloud Cannabis Company,AU-R-001148,Muskegon,49445,1A4050300038CFE000012576,Watermelon 1g Infused Preroll,Infused Pre-Rolls
Cloud Cannabis Company,AU-R-001148,Muskegon,49445,1A4050300038CFE000018945,Watermelon 1g Infused Preroll,Infused Pre-Rolls
Cloud Cannabis Company,AU-R-001148,Muskegon,49445,1A4050300038CFE000013942,Blue Dream 1g Disposable,Vape Cart
Cloud Cannabis Company,AU-R-001148,Muskegon,49445,1A4050300038CFE000018319,Blue Razz Vape Cart,Vape Cart
Cloud Cannabis Company,AU-R-001148,Muskegon,49445,1A4050300038CFE000018320,Blue Razz Vape Cart,Vape Cart
Cloud Cannabis Company,AU-R-001148,Muskegon,49445,1A4050300038CFE000018140,Blueberry Pancake 1g vape,Vape Cart
Cloud Cannabis Company,AU-R-001148,Muskegon,49445,1A4050300038CFE000018892,Bubble Gum 1g vape,Vape Cart
Cloud Cannabis Company,AU-R-001148,Muskegon,49445,1A4050300038CFE000018052,Jungle Juice Vape Cart,Vape Cart
Cloud Cannabis Company,AU-R-001148,Muskegon,49445,1A4050300038CFE000018400,Lemon Drop Vape Cart,Vape Cart
Cloud Cannabis Company,AU-R-001148,Muskegon,49445,1A4050300038CFE000018889,OG Vape Cart,Vape Cart
Cloud Cannabis Company,AU-R-001148,Muskegon,49445,1A4050300038CFE000018890,Sour Apple Vape Cart,Vape Cart
Cloud Cannabis Company,AU-R-001148,Muskegon,49445,1A4050300038CFE000007399,Strawberry Shortcake Vape Cart,Vape Cart
Cloud Cannabis Company,AU-R-001148,Muskegon,49445,1A4050300038CFE000011694,Watermelon Freeze Disposables,Vape Cart
Cloud Cannabis Company,AU-R-001148,Muskegon,49445,1A4050300038CFE000007400,Watermelon Freeze Vape Cart,Vape Cart
Cloud Cannabis Company,AU-R-001149,New Baltimore,48047,1A4050300038CFE000013919,Banana Split Vape Cart,Vape Cart
Cloud Cannabis Company,AU-R-001149,New Baltimore,48047,1A4050300038CFE000017444,Banana Split Vape Cart,Vape Cart
Cloud Cannabis Company,AU-R-001149,New Baltimore,48047,1A4050300038CFE000014094,Blue Dream 1g Disposable,Vape Cart
Cloud Cannabis Company,AU-R-001149,New Baltimore,48047,1A4050300038CFE000013938,Blue Dream Vape Cart,Vape Cart
Cloud Cannabis Company,AU-R-001149,New Baltimore,48047,1A4050300038CFE000017445,Blue Dream Vape Cart,Vape Cart
Cloud Cannabis Company,AU-R-001149,New Baltimore,48047,1A4050300038CFE000014093,Blue Razz 1g Disposable,Vape Cart
Cloud Cannabis Company,AU-R-001149,New Baltimore,48047,1A4050300038CFE000016406,Blue Razz 1g Disposable,Vape Cart
Cloud Cannabis Company,AU-R-001149,New Baltimore,48047,1A4050300038CFE000016243,Blueberry Pancake 1g Disposable,Vape Cart
Cloud Cannabis Company,AU-R-001149,New Baltimore,48047,1A4050300038CFE000013516,Blueberry Pancake 1g vape,Vape Cart
Cloud Cannabis Company,AU-R-001149,New Baltimore,48047,1A4050300038CFE000017069,Blueberry Pancake 1g vape,Vape Cart
Cloud Cannabis Company,AU-R-001149,New Baltimore,48047,1A4050300038CFE000016812,Cherry Pie 1g Disposable,Vape Cart
Cloud Cannabis Company,AU-R-001149,New Baltimore,48047,1A4050300038CFE000014057,Cherry Pie Vape Cart,Vape Cart
Cloud Cannabis Company,AU-R-001149,New Baltimore,48047,1A4050300038CFE000016427,Fruity Pebbles Vape Cart,Vape Cart
Cloud Cannabis Company,AU-R-001149,New Baltimore,48047,1A4050300038CFE000013967,Grape Soda 1g Vape,Vape Cart
Cloud Cannabis Company,AU-R-001149,New Baltimore,48047,1A4050300038CFE000016792,Grape Soda 1g Vape,Vape Cart
Cloud Cannabis Company,AU-R-001149,New Baltimore,48047,1A4050300038CFE000007442,Jungle Juice Vape Cart,Vape Cart
Cloud Cannabis Company,AU-R-001149,New Baltimore,48047,1A4050300038CFE000016917,Jungle Juice Vape Cart,Vape Cart
Cloud Cannabis Company,AU-R-001149,New Baltimore,48047,1A4050300038CFE000017451,Lemon Cheese Cake Vape,Vape Cart
Cloud Cannabis Company,AU-R-001149,New Baltimore,48047,1A4050300038CFE000013975,Lemon Drop Vape Cart,Vape Cart
Cloud Cannabis Company,AU-R-001149,New Baltimore,48047,1A4050300038CFE000017452,Lemon Drop Vape Cart,Vape Cart
Cloud Cannabis Company,AU-R-001149,New Baltimore,48047,1A4050300038CFE000014091,Lemon Pie Vape Cart,Vape Cart
Cloud Cannabis Company,AU-R-001149,New Baltimore,48047,1A4050300038CFE000013784,OG Vape Cart,Vape Cart
Cloud Cannabis Company,AU-R-001149,New Baltimore,48047,1A4050300038CFE000013599,Orange Soda Vape Cart,Vape Cart
Cloud Cannabis Company,AU-R-001149,New Baltimore,48047,1A4050300038CFE000016885,Orange Soda Vape Cart,Vape Cart
Cloud Cannabis Company,AU-R-001149,New Baltimore,48047,1A4050300038CFE000013993,Peaches and Cream Vape Cart,Vape Cart
Cloud Cannabis Company,AU-R-001149,New Baltimore,48047,1A4050300038CFE000017450,Peaches and Cream Vape Cart,Vape Cart
Cloud Cannabis Company,AU-R-001149,New Baltimore,48047,1A4050300038CFE000007438,Sour Apple Vape Cart,Vape Cart
Cloud Cannabis Company,AU-R-001151,Utica,48317,1A4050300038CFE000015236,Banana Split 1g Disposable,Vape Cart
Cloud Cannabis Company,AU-R-001151,Utica,48317,1A4050300038CFE000016077,Blue Dream Vape Cart,Vape Cart
Cloud Cannabis Company,AU-R-001151,Utica,48317,1A4050300038CFE000017468,Blue Dream Vape Cart,Vape Cart
Cloud Cannabis Company,AU-R-001151,Utica,48317,1A4050300038CFE000016384,Blue Razz 1g Disposable,Vape Cart
Cloud Cannabis Company,AU-R-001151,Utica,48317,1A4050300038CFE000016401,Blue Razz 1g Disposable,Vape Cart
Cloud Cannabis Company,AU-R-001151,Utica,48317,1A4050300038CFE000016097,Blue Razz Vape Cart,Vape Cart
Cloud Cannabis Company,AU-R-001151,Utica,48317,1A4050300038CFE000016098,Blue Razz Vape Cart,Vape Cart
Cloud Cannabis Company,AU-R-001151,Utica,48317,1A4050300038CFE000018315,Blue Razz Vape Cart,Vape Cart
Cloud Cannabis Company,AU-R-001151,Utica,48317,1A4050300038CFE000018322,Blue Razz Vape Cart,Vape Cart
Cloud Cannabis Company,AU-R-001151,Utica,48317,1A4050300038CFE000015447,Bubble Gum 1g vape,Vape Cart
Cloud Cannabis Company,AU-R-001151,Utica,48317,1A4050300038CFE000015471,Bubble Gum 1g vape,Vape Cart
Cloud Cannabis Company,AU-R-001151,Utica,48317,1A4050300038CFE000018884,Bubble Gum 1g vape,Vape Cart
Cloud Cannabis Company,AU-R-001151,Utica,48317,1A4050300038CFE000015905,Cereal Milk 1g Vape,Vape Cart
Cloud Cannabis Company,AU-R-001151,Utica,48317,1A4050300038CFE000015906,Cereal Milk 1g Vape,Vape Cart
Cloud Cannabis Company,AU-R-001151,Utica,48317,1A4050300038CFE000016825,Cherry Pie 1g Disposable,Vape Cart
Cloud Cannabis Company,AU-R-001151,Utica,48317,1A4050300038CFE000018885,Cherry Pie Vape Cart,Vape Cart
Cloud Cannabis Company,AU-R-001151,Utica,48317,1A4050300038CFE000015937,Dirty Shirly 1g Vape,Vape Cart
Cloud Cannabis Company,AU-R-001151,Utica,48317,1A4050300038CFE000015938,Dirty Shirly 1g Vape,Vape Cart
Cloud Cannabis Company,AU-R-001151,Utica,48317,1A4050300038CFE000016013,Jungle Juice 1g Disposable,Vape Cart
Cloud Cannabis Company,AU-R-001151,Utica,48317,1A4050300038CFE000016028,Jungle Juice 1g Disposable,Vape Cart
Cloud Cannabis Company,AU-R-001151,Utica,48317,1A4050300038CFE000018887,Lemon Cheese Cake Vape,Vape Cart
Cloud Cannabis Company,AU-R-001151,Utica,48317,1A4050300038CFE000017470,Lemon Drop Vape Cart,Vape Cart
Cloud Cannabis Company,AU-R-001151,Utica,48317,1A4050300038CFE000018405,Lemon Drop Vape Cart,Vape Cart
Cloud Cannabis Company,AU-R-001151,Utica,48317,1A4050300038CFE000018408,Lemon Drop Vape Cart,Vape Cart
Cloud Cannabis Company,AU-R-001151,Utica,48317,1A4050300038CFE000018419,Lemon Drop Vape Cart,Vape Cart
Cloud Cannabis Company,AU-R-001151,Utica,48317,1A4050300038CFE000017270,OG Disposables,Vape Cart
Cloud Cannabis Company,AU-R-001151,Utica,48317,1A4050300038CFE000015371,Peaches and Cream Vape Cart,Vape Cart
Cloud Cannabis Company,AU-R-001151,Utica,48317,1A4050300038CFE000017469,Peaches and Cream Vape Cart,Vape Cart
Cloud Cannabis Company,AU-R-001151,Utica,48317,1A4050300038CFE000016611,Pineapple Express 1g Vape Cart,Vape Cart
Cloud Cannabis Company,AU-R-001151,Utica,48317,1A4050300038CFE000018886,Pineapple Express 1g Vape Cart,Vape Cart
Cloud Cannabis Company,AU-R-001151,Utica,48317,1A4050300038CFE000017467,Sour Apple Vape Cart,Vape Cart
Cloud Cannabis Company,AU-R-001151,Utica,48317,1A4050300038CFE000018882,Sour Apple Vape Cart,Vape Cart
Cloud Cannabis Company,AU-R-001151,Utica,48317,1A4050300038CFE000016376,Strawberry Shortcake 1g Disposable,Vape Cart
Cloud Cannabis Company,AU-R-001151,Utica,48317,1A4050300038CFE000014077,Watermelon Freeze Disposables,Vape Cart
Cloud Cannabis Company,AU-R-001151,Utica,48317,1A4050300038CFE000015981,Watermelon Freeze Disposables,Vape Cart
Cloud Cannabis Company,AU-R-001151,Utica,48317,1A4050300038CFE000015984,Watermelon Freeze Disposables,Vape Cart
Cloud Cannabis Company,AU-R-001151,Utica,48317,1A4050300038CFE000015999,Watermelon Freeze Disposables,Vape Cart
Cloud Cannabis Company,AU-R-001152,Ann Arbor,48105,1A4050300038CFE000008306,Peach Mango 1g Infused Preroll,Infused Pre-Rolls
Cloud Cannabis Company,AU-R-001152,Ann Arbor,48105,1A4050300038CFE000007452,Waui 1g Infused Preroll,Infused Pre-Rolls
Cloud Cannabis Company,AU-R-001152,Ann Arbor,48105,1A4050300038CFE000017369,Strawberry Short Cake 5 - .7g Infused Prerolls,Shake/Trim
Cloud Cannabis Company,AU-R-001152,Ann Arbor,48105,1A4050300038CFE000015249,Banana Split 1g Disposable,Vape Cart
Cloud Cannabis Company,AU-R-001152,Ann Arbor,48105,1A4050300038CFE000014103,Blue Dream 1g Disposable,Vape Cart
Cloud Cannabis Company,AU-R-001152,Ann Arbor,48105,1A4050300038CFE000017383,Blue Dream Vape Cart,Vape Cart
Cloud Cannabis Company,AU-R-001152,Ann Arbor,48105,1A4050300038CFE000014116,Blue Razz 1g Disposable,Vape Cart
Cloud Cannabis Company,AU-R-001152,Ann Arbor,48105,1A4050300038CFE000017385,Blue Razz Vape Cart,Vape Cart
Cloud Cannabis Company,AU-R-001152,Ann Arbor,48105,1A4050300038CFE000016245,Blueberry Pancake 1g Disposable,Vape Cart
Cloud Cannabis Company,AU-R-001152,Ann Arbor,48105,1A4050300038CFE000017083,Blueberry Pancake 1g vape,Vape Cart
Cloud Cannabis Company,AU-R-001152,Ann Arbor,48105,1A4050300038CFE000015878,Cereal Milk 1g Vape,Vape Cart
Cloud Cannabis Company,AU-R-001152,Ann Arbor,48105,1A4050300038CFE000015879,Cereal Milk 1g Vape,Vape Cart
Cloud Cannabis Company,AU-R-001152,Ann Arbor,48105,1A4050300038CFE000015934,Dirty Shirly 1g Vape,Vape Cart
Cloud Cannabis Company,AU-R-001152,Ann Arbor,48105,1A4050300038CFE000015943,Dirty Shirly 1g Vape,Vape Cart
Cloud Cannabis Company,AU-R-001152,Ann Arbor,48105,1A4050300038CFE000013962,Fruity Pebbles 1g Disposable,Vape Cart
Cloud Cannabis Company,AU-R-001152,Ann Arbor,48105,1A4050300038CFE000017210,Fruity Pebbles 1g Disposable,Vape Cart
Cloud Cannabis Company,AU-R-001152,Ann Arbor,48105,1A4050300038CFE000016438,Fruity Pebbles Vape Cart,Vape Cart
Cloud Cannabis Company,AU-R-001152,Ann Arbor,48105,1A4050300038CFE000016909,Jungle Juice Vape Cart,Vape Cart
Cloud Cannabis Company,AU-R-001152,Ann Arbor,48105,1A4050300038CFE000016911,Jungle Juice Vape Cart,Vape Cart
Cloud Cannabis Company,AU-R-001152,Ann Arbor,48105,1A4050300038CFE000017384,Lemon Cheese Cake Vape,Vape Cart
Cloud Cannabis Company,AU-R-001152,Ann Arbor,48105,1A4050300038CFE000017386,Lemon Drop Vape Cart,Vape Cart
Cloud Cannabis Company,AU-R-001152,Ann Arbor,48105,1A4050300038CFE000016746,OG Disposables,Vape Cart
Cloud Cannabis Company,AU-R-001152,Ann Arbor,48105,1A4050300038CFE000016933,OG Vape Cart,Vape Cart
Cloud Cannabis Company,AU-R-001152,Ann Arbor,48105,1A4050300038CFE000016949,OG Vape Cart,Vape Cart
Cloud Cannabis Company,AU-R-001152,Ann Arbor,48105,1A4050300038CFE000016880,Orange Soda Vape Cart,Vape Cart
Cloud Cannabis Company,AU-R-001152,Ann Arbor,48105,1A4050300038CFE000016883,Orange Soda Vape Cart,Vape Cart
Cloud Cannabis Company,AU-R-001152,Ann Arbor,48105,1A4050300038CFE000016167,Pink Lemonade 1g Vape Cart,Vape Cart
Cloud Cannabis Company,AU-R-001152,Ann Arbor,48105,1A4050300038CFE000016188,Pink Lemonade 1g Vape Cart,Vape Cart
Cloud Cannabis Company,AU-R-001152,Ann Arbor,48105,1A4050300038CFE000014905,Watermelon Freeze Vape Cart,Vape Cart
Cloud Cannabis Company,AU-R-001183,Cedar Springs,49319,1A4050300038CFE000014104,Blue Dream 1g Disposable,Vape Cart
Cloud Cannabis Company,AU-R-001183,Cedar Springs,49319,1A4050300038CFE000016828,Cherry Pie 1g Disposable,Vape Cart
Cloud Cannabis Company,AU-R-001183,Cedar Springs,49319,1A4050300038CFE000017206,Fruity Pebbles 1g Disposable,Vape Cart
Cloud Cannabis Company,AU-R-001183,Cedar Springs,49319,1A4050300038CFE000016015,Jungle Juice 1g Disposable,Vape Cart
Cloud Cannabis Company,AU-R-001228,Kalamazoo,49004,1A4050300038CFE000019055,Blue Raspberry 1g Infused Preroll,Infused Pre-Rolls
Cloud Cannabis Company,AU-R-001228,Kalamazoo,49004,1A4050300038CFE000019056,OG 1g Infused Preroll,Infused Pre-Rolls
Cloud Cannabis Company,AU-R-001228,Kalamazoo,49004,1A4050300038CFE000019057,Watermelon 1g Infused Preroll,Infused Pre-Rolls
Cloud Cannabis Detroit,AU-R-000889,Detroit,48224,1A4050300038CFE000012510,OG 1g Infused Preroll,Infused Pre-Rolls
Cloud Cannabis Detroit,AU-R-000889,Detroit,48224,1A4050300038CFE000002511,Peach Mango 1g Infused Preroll,Infused Pre-Rolls
Cloud Cannabis Detroit,AU-R-000889,Detroit,48224,1A4050300038CFE000007934,Peach Mango 1g Infused Preroll,Infused Pre-Rolls
Cloud Cannabis Detroit,AU-R-000889,Detroit,48224,1A4050300038CFE000002518,Skywalker 1g Infused Preroll,Infused Pre-Rolls
Cloud Cannabis Detroit,AU-R-000889,Detroit,48224,1A4050300038CFE000012509,Strawberry 1g Infused Preroll,Infused Pre-Rolls
Cloud Cannabis Detroit,AU-R-000889,Detroit,48224,1A4050300038CFE000002510,Watermelon 1g Infused Preroll,Infused Pre-Rolls
Cloud Cannabis Detroit,AU-R-000889,Detroit,48224,1A4050300038CFE000002529,Watermelon 1g Infused Preroll,Infused Pre-Rolls
Cloud Cannabis Detroit,AU-R-000889,Detroit,48224,1A4050300038CFE000007939,Watermelon 1g Infused Preroll,Infused Pre-Rolls
Cloud Cannabis Detroit,AU-R-000889,Detroit,48224,1A4050300038CFE000008878,Watermelon 1g Infused Preroll,Infused Pre-Rolls
Cloud Cannabis Detroit,AU-R-000889,Detroit,48224,1A4050300038CFE000012508,Watermelon 1g Infused Preroll,Infused Pre-Rolls
Cloud Cannabis Detroit,AU-R-000889,Detroit,48224,1A4050300038CFE000007941,Waui 1g Infused Preroll,Infused Pre-Rolls
Cloud Cannabis Detroit,AU-R-000889,Detroit,48224,1A4050300038CFE000008879,Waui 1g Infused Preroll,Infused Pre-Rolls
Cloud Cannabis Detroit,AU-R-000889,Detroit,48224,1A4050300038CFE000012507,Waui 1g Infused Preroll,Infused Pre-Rolls
Cloud Cannabis Detroit,AU-R-000889,Detroit,48224,1A4050300038CFE000014230,Banana Split Vape Cart,Vape Cart
Cloud Cannabis Detroit,AU-R-000889,Detroit,48224,1A4050300038CFE000014161,Blue Dream Vape Cart,Vape Cart
Cloud Cannabis Detroit,AU-R-000889,Detroit,48224,1A4050300038CFE000014174,Blue Razz 1g Disposable,Vape Cart
Cloud Cannabis Detroit,AU-R-000889,Detroit,48224,1A4050300038CFE000013523,Blueberry Pancake 1g vape,Vape Cart
Cloud Cannabis Detroit,AU-R-000889,Detroit,48224,1A4050300038CFE000007419,Cherry Pie Vape Cart,Vape Cart
Cloud Cannabis Detroit,AU-R-000889,Detroit,48224,1A4050300038CFE000014225,Cherry Pie Vape Cart,Vape Cart
Cloud Cannabis Detroit,AU-R-000889,Detroit,48224,1A4050300038CFE000013957,Fruity Pebbles 1g Disposable,Vape Cart
Cloud Cannabis Detroit,AU-R-000889,Detroit,48224,1A4050300038CFE000013555,Fruity Pebbles Vape Cart,Vape Cart
Cloud Cannabis Detroit,AU-R-000889,Detroit,48224,1A4050300038CFE000013973,Grape Soda 1g Vape,Vape Cart
Cloud Cannabis Detroit,AU-R-000889,Detroit,48224,1A4050300038CFE000007429,Jungle Juice Vape Cart,Vape Cart
Cloud Cannabis Detroit,AU-R-000889,Detroit,48224,1A4050300038CFE000014229,Lemon Drop Vape Cart,Vape Cart
Cloud Cannabis Detroit,AU-R-000889,Detroit,48224,1A4050300038CFE000013785,OG Vape Cart,Vape Cart
Cloud Cannabis Detroit,AU-R-000889,Detroit,48224,1A4050300038CFE000014184,Peaches and Cream Vape Cart,Vape Cart
Cloud Cannabis Detroit,AU-R-000889,Detroit,48224,1A4050300038CFE000007416,Sour Apple Vape Cart,Vape Cart
Cloud Cannabis Detroit,AU-R-000889,Detroit,48224,1A4050300038CFE000013983,Sour Apple Vape Cart,Vape Cart
Cloud Cannabis Detroit,AU-R-000889,Detroit,48224,1A4050300038CFE000007588,Strawberry Shortcake Vape Cart,Vape Cart
Cloud Cannabis Detroit,AU-R-000889,Detroit,48224,1A4050300038CFE000014114,Strawberry Shortcake Vape Cart,Vape Cart
Cloud Cannabis Detroit,AU-R-000889,Detroit,48224,1A4050300038CFE000007589,Watermelon Freeze Vape Cart,Vape Cart
Cloud Cannabis Detroit,AU-R-000889,Detroit,48224,1A4050300038CFE000007595,Watermelon Freeze Vape Cart,Vape Cart
Cloud Cannabis Detroit,AU-R-000889,Detroit,48224,1A4050300038CFE000013430,Watermelon Freeze Vape Cart,Vape Cart
Cloud Cannabis Detroit,AU-R-000889,Detroit,48224,1A4050300038CFE000013446,Watermelon Freeze Vape Cart,Vape Cart
Cloud Cannabis Detroit,AU-R-000889,Detroit,48224,1A4050300038CFE000013454,Watermelon Freeze Vape Cart,Vape Cart
Cloud Cannabis Fulton,AU-R-000976,Grand Rapids,49504,1A4050300038CFE000007556,Peach Mango 1g Infused Preroll,Infused Pre-Rolls
Cloud Cannabis Fulton,AU-R-000976,Grand Rapids,49504,1A4050300038CFE000008890,Peach Mango 1g Infused Preroll,Infused Pre-Rolls
Cloud Cannabis Fulton,AU-R-000976,Grand Rapids,49504,1A4050300038CFE000007557,Skywalker 1g Infused Preroll,Infused Pre-Rolls
Cloud Cannabis Fulton,AU-R-000976,Grand Rapids,49504,1A4050300038CFE000002843,Watermelon 1g Infused Preroll,Infused Pre-Rolls
Cloud Cannabis Fulton,AU-R-000976,Grand Rapids,49504,1A4050300038CFE000008888,Watermelon 1g Infused Preroll,Infused Pre-Rolls
Cloud Cannabis Fulton,AU-R-000976,Grand Rapids,49504,1A4050300038CFE000007555,Waui 1g Infused Preroll,Infused Pre-Rolls
Cloud Cannabis Fulton,AU-R-000976,Grand Rapids,49504,1A4050300038CFE000010423,Blue Dream Vape Cart,Vape Cart
Cloud Cannabis Fulton,AU-R-000976,Grand Rapids,49504,1A4050300038CFE000014254,Blue Dream Vape Cart,Vape Cart
Cloud Cannabis Fulton,AU-R-000976,Grand Rapids,49504,1A4050300038CFE000017388,Blue Dream Vape Cart,Vape Cart
Cloud Cannabis Fulton,AU-R-000976,Grand Rapids,49504,1A4050300038CFE000010434,Blueberry Pancake 1g vape,Vape Cart
Cloud Cannabis Fulton,AU-R-000976,Grand Rapids,49504,1A4050300038CFE000017080,Blueberry Pancake 1g vape,Vape Cart
Cloud Cannabis Fulton,AU-R-000976,Grand Rapids,49504,1A4050300038CFE000018127,Blueberry Pancake 1g vape,Vape Cart
Cloud Cannabis Fulton,AU-R-000976,Grand Rapids,49504,1A4050300038CFE000017390,Cereal Milk 1g Vape,Vape Cart
Cloud Cannabis Fulton,AU-R-000976,Grand Rapids,49504,1A4050300038CFE000007522,Cherry Pie Vape Cart,Vape Cart
Cloud Cannabis Fulton,AU-R-000976,Grand Rapids,49504,1A4050300038CFE000007534,Cherry Pie Vape Cart,Vape Cart
Cloud Cannabis Fulton,AU-R-000976,Grand Rapids,49504,1A4050300038CFE000014255,Cherry Pie Vape Cart,Vape Cart
Cloud Cannabis Fulton,AU-R-000976,Grand Rapids,49504,1A4050300038CFE000015933,Dirty Shirly 1g Vape,Vape Cart
Cloud Cannabis Fulton,AU-R-000976,Grand Rapids,49504,1A4050300038CFE000013556,Fruity Pebbles Vape Cart,Vape Cart
Cloud Cannabis Fulton,AU-R-000976,Grand Rapids,49504,1A4050300038CFE000013560,Fruity Pebbles Vape Cart,Vape Cart
Cloud Cannabis Fulton,AU-R-000976,Grand Rapids,49504,1A4050300038CFE000016419,Fruity Pebbles Vape Cart,Vape Cart
Cloud Cannabis Fulton,AU-R-000976,Grand Rapids,49504,1A4050300038CFE000010433,Grape Soda 1g Vape,Vape Cart
Cloud Cannabis Fulton,AU-R-000976,Grand Rapids,49504,1A4050300038CFE000013965,Grape Soda 1g Vape,Vape Cart
Cloud Cannabis Fulton,AU-R-000976,Grand Rapids,49504,1A4050300038CFE000007524,Jungle Juice Vape Cart,Vape Cart
Cloud Cannabis Fulton,AU-R-000976,Grand Rapids,49504,1A4050300038CFE000007535,Jungle Juice Vape Cart,Vape Cart
Cloud Cannabis Fulton,AU-R-000976,Grand Rapids,49504,1A4050300038CFE000016914,Jungle Juice Vape Cart,Vape Cart
Cloud Cannabis Fulton,AU-R-000976,Grand Rapids,49504,1A4050300038CFE000017391,Lemon Cheese Cake Vape,Vape Cart
Cloud Cannabis Fulton,AU-R-000976,Grand Rapids,49504,1A4050300038CFE000010425,Lemon Drop Vape Cart,Vape Cart
Cloud Cannabis Fulton,AU-R-000976,Grand Rapids,49504,1A4050300038CFE000014256,Lemon Drop Vape Cart,Vape Cart
Cloud Cannabis Fulton,AU-R-000976,Grand Rapids,49504,1A4050300038CFE000013804,OG Vape Cart,Vape Cart
Cloud Cannabis Fulton,AU-R-000976,Grand Rapids,49504,1A4050300038CFE000014257,Peaches and Cream Vape Cart,Vape Cart
Cloud Cannabis Fulton,AU-R-000976,Grand Rapids,49504,1A4050300038CFE000017392,Peaches and Cream Vape Cart,Vape Cart
Cloud Cannabis Fulton,AU-R-000976,Grand Rapids,49504,1A4050300038CFE000016136,Pineapple Express 1g Vape Cart,Vape Cart
Cloud Cannabis Fulton,AU-R-000976,Grand Rapids,49504,1A4050300038CFE000016168,Pink Lemonade 1g Vape Cart,Vape Cart
Cloud Cannabis Fulton,AU-R-000976,Grand Rapids,49504,1A4050300038CFE000007528,Sour Apple Vape Cart,Vape Cart
Cloud Cannabis Fulton,AU-R-000976,Grand Rapids,49504,1A4050300038CFE000007536,Sour Apple Vape Cart,Vape Cart
Cloud Cannabis Fulton,AU-R-000976,Grand Rapids,49504,1A4050300038CFE000014258,Sour Apple Vape Cart,Vape Cart
Cloud Cannabis Fulton,AU-R-000976,Grand Rapids,49504,1A4050300038CFE000007526,Strawberry Shortcake Vape Cart,Vape Cart
Cloud Cannabis Fulton,AU-R-000976,Grand Rapids,49504,1A4050300038CFE000019039,Strawberry Shortcake Vape Cart,Vape Cart
Cloud Cannabis Fulton,AU-R-000976,Grand Rapids,49504,1A4050300038CFE000007529,Watermelon Freeze Vape Cart,Vape Cart
Cloud Cannabis Fulton,AU-R-000976,Grand Rapids,49504,1A4050300038CFE000010426,Watermelon Freeze Vape Cart,Vape Cart
Cloud Cannabis Fulton,AU-R-000976,Grand Rapids,49504,1A4050300038CFE000013439,Watermelon Freeze Vape Cart,Vape Cart
Cloud Cannabis Fulton,AU-R-000976,Grand Rapids,49504,1A4050300038CFE000014901,Watermelon Freeze Vape Cart,Vape Cart
Cloud Cannabis Kalamazoo,AU-R-000556,Kalamazoo,49004,1A4050300038CFE000012541,OG 1g Infused Preroll,Infused Pre-Rolls
Cloud Cannabis Kalamazoo,AU-R-000556,Kalamazoo,49004,1A4050300038CFE000007629,Peach Mango 1g Infused Preroll,Infused Pre-Rolls
Cloud Cannabis Kalamazoo,AU-R-000556,Kalamazoo,49004,1A4050300038CFE000008863,Peach Mango 1g Infused Preroll,Infused Pre-Rolls
Cloud Cannabis Kalamazoo,AU-R-000556,Kalamazoo,49004,1A4050300038CFE000012543,Peach Mango 1g Infused Preroll,Infused Pre-Rolls
Cloud Cannabis Kalamazoo,AU-R-000556,Kalamazoo,49004,1A4050300038CFE000007626,Skywalker 1g Infused Preroll,Infused Pre-Rolls
Cloud Cannabis Kalamazoo,AU-R-000556,Kalamazoo,49004,1A4050300038CFE000005607,Strawberry 1g Infused Preroll,Infused Pre-Rolls
Cloud Cannabis Kalamazoo,AU-R-000556,Kalamazoo,49004,1A4050300038CFE000012540,Strawberry 1g Infused Preroll,Infused Pre-Rolls
Cloud Cannabis Kalamazoo,AU-R-000556,Kalamazoo,49004,1A4050300038CFE000005640,Watermelon 1g Infused Preroll,Infused Pre-Rolls
Cloud Cannabis Kalamazoo,AU-R-000556,Kalamazoo,49004,1A4050300038CFE000008861,Watermelon 1g Infused Preroll,Infused Pre-Rolls
Cloud Cannabis Kalamazoo,AU-R-000556,Kalamazoo,49004,1A4050300038CFE000012539,Watermelon 1g Infused Preroll,Infused Pre-Rolls
Cloud Cannabis Kalamazoo,AU-R-000556,Kalamazoo,49004,1A4050300038CFE000002697,Waui 1g Infused Preroll,Infused Pre-Rolls
Cloud Cannabis Kalamazoo,AU-R-000556,Kalamazoo,49004,1A4050300038CFE000007624,Waui 1g Infused Preroll,Infused Pre-Rolls
Cloud Cannabis Kalamazoo,AU-R-000556,Kalamazoo,49004,1A4050300038CFE000012538,Waui 1g Infused Preroll,Infused Pre-Rolls
Cloud Cannabis Kalamazoo,AU-R-000556,Kalamazoo,49004,1A4050300038CFE000015234,Banana Split 1g Disposable,Vape Cart
Cloud Cannabis Kalamazoo,AU-R-000556,Kalamazoo,49004,1A4050300038CFE000010419,Banana Split Vape Cart,Vape Cart
Cloud Cannabis Kalamazoo,AU-R-000556,Kalamazoo,49004,1A4050300038CFE000013923,Banana Split Vape Cart,Vape Cart
Cloud Cannabis Kalamazoo,AU-R-000556,Kalamazoo,49004,1A4050300038CFE000017430,Banana Split Vape Cart,Vape Cart
Cloud Cannabis Kalamazoo,AU-R-000556,Kalamazoo,49004,1A4050300038CFE000014110,Blue Dream 1g Disposable,Vape Cart
Cloud Cannabis Kalamazoo,AU-R-000556,Kalamazoo,49004,1A4050300038CFE000010415,Blue Dream Vape Cart,Vape Cart
Cloud Cannabis Kalamazoo,AU-R-000556,Kalamazoo,49004,1A4050300038CFE000013936,Blue Dream Vape Cart,Vape Cart
Cloud Cannabis Kalamazoo,AU-R-000556,Kalamazoo,49004,1A4050300038CFE000017378,Blue Dream Vape Cart,Vape Cart
Cloud Cannabis Kalamazoo,AU-R-000556,Kalamazoo,49004,1A4050300038CFE000018313,Blue Razz Vape Cart,Vape Cart
Cloud Cannabis Kalamazoo,AU-R-000556,Kalamazoo,49004,1A4050300038CFE000018314,Blue Razz Vape Cart,Vape Cart
Cloud Cannabis Kalamazoo,AU-R-000556,Kalamazoo,49004,1A4050300038CFE000018316,Blue Razz Vape Cart,Vape Cart
Cloud Cannabis Kalamazoo,AU-R-000556,Kalamazoo,49004,1A4050300038CFE000018323,Blue Razz Vape Cart,Vape Cart
Cloud Cannabis Kalamazoo,AU-R-000556,Kalamazoo,49004,1A4050300038CFE000016231,Blueberry Pancake 1g Disposable,Vape Cart
Cloud Cannabis Kalamazoo,AU-R-000556,Kalamazoo,49004,1A4050300038CFE000010410,Blueberry Pancake 1g vape,Vape Cart
Cloud Cannabis Kalamazoo,AU-R-000556,Kalamazoo,49004,1A4050300038CFE000013537,Blueberry Pancake 1g vape,Vape Cart
Cloud Cannabis Kalamazoo,AU-R-000556,Kalamazoo,49004,1A4050300038CFE000017079,Blueberry Pancake 1g vape,Vape Cart
Cloud Cannabis Kalamazoo,AU-R-000556,Kalamazoo,49004,1A4050300038CFE000018133,Blueberry Pancake 1g vape,Vape Cart
Cloud Cannabis Kalamazoo,AU-R-000556,Kalamazoo,49004,1A4050300038CFE000018134,Blueberry Pancake 1g vape,Vape Cart
Cloud Cannabis Kalamazoo,AU-R-000556,Kalamazoo,49004,1A4050300038CFE000018138,Blueberry Pancake 1g vape,Vape Cart
Cloud Cannabis Kalamazoo,AU-R-000556,Kalamazoo,49004,1A4050300038CFE000018139,Blueberry Pancake 1g vape,Vape Cart
Cloud Cannabis Kalamazoo,AU-R-000556,Kalamazoo,49004,1A4050300038CFE000017381,Cereal Milk 1g Vape,Vape Cart
Cloud Cannabis Kalamazoo,AU-R-000556,Kalamazoo,49004,1A4050300038CFE000007412,Cherry Pie Vape Cart,Vape Cart
Cloud Cannabis Kalamazoo,AU-R-000556,Kalamazoo,49004,1A4050300038CFE000007614,Cherry Pie Vape Cart,Vape Cart
Cloud Cannabis Kalamazoo,AU-R-000556,Kalamazoo,49004,1A4050300038CFE000014014,Cherry Pie Vape Cart,Vape Cart
Cloud Cannabis Kalamazoo,AU-R-000556,Kalamazoo,49004,1A4050300038CFE000019047,Cherry Pie Vape Cart,Vape Cart
Cloud Cannabis Kalamazoo,AU-R-000556,Kalamazoo,49004,1A4050300038CFE000013958,Fruity Pebbles 1g Disposable,Vape Cart
Cloud Cannabis Kalamazoo,AU-R-000556,Kalamazoo,49004,1A4050300038CFE000013575,Fruity Pebbles Vape Cart,Vape Cart
Cloud Cannabis Kalamazoo,AU-R-000556,Kalamazoo,49004,1A4050300038CFE000016440,Fruity Pebbles Vape Cart,Vape Cart
Cloud Cannabis Kalamazoo,AU-R-000556,Kalamazoo,49004,1A4050300038CFE000010413,Grape Soda 1g Vape,Vape Cart
Cloud Cannabis Kalamazoo,AU-R-000556,Kalamazoo,49004,1A4050300038CFE000013974,Grape Soda 1g Vape,Vape Cart
Cloud Cannabis Kalamazoo,AU-R-000556,Kalamazoo,49004,1A4050300038CFE000016016,Jungle Juice 1g Disposable,Vape Cart
Cloud Cannabis Kalamazoo,AU-R-000556,Kalamazoo,49004,1A4050300038CFE000007413,Jungle Juice Vape Cart,Vape Cart
Cloud Cannabis Kalamazoo,AU-R-000556,Kalamazoo,49004,1A4050300038CFE000018047,Jungle Juice Vape Cart,Vape Cart
Cloud Cannabis Kalamazoo,AU-R-000556,Kalamazoo,49004,1A4050300038CFE000018048,Jungle Juice Vape Cart,Vape Cart
Cloud Cannabis Kalamazoo,AU-R-000556,Kalamazoo,49004,1A4050300038CFE000018049,Jungle Juice Vape Cart,Vape Cart
Cloud Cannabis Kalamazoo,AU-R-000556,Kalamazoo,49004,1A4050300038CFE000018058,Jungle Juice Vape Cart,Vape Cart
Cloud Cannabis Kalamazoo,AU-R-000556,Kalamazoo,49004,1A4050300038CFE000019045,Lemon Cheese Cake Vape,Vape Cart
Cloud Cannabis Kalamazoo,AU-R-000556,Kalamazoo,49004,1A4050300038CFE000013978,Lemon Drop Vape Cart,Vape Cart
Cloud Cannabis Kalamazoo,AU-R-000556,Kalamazoo,49004,1A4050300038CFE000016779,Lemon Drop Vape Cart,Vape Cart
Cloud Cannabis Kalamazoo,AU-R-000556,Kalamazoo,49004,1A4050300038CFE000018404,Lemon Drop Vape Cart,Vape Cart
Cloud Cannabis Kalamazoo,AU-R-000556,Kalamazoo,49004,1A4050300038CFE000018412,Lemon Drop Vape Cart,Vape Cart
Cloud Cannabis Kalamazoo,AU-R-000556,Kalamazoo,49004,1A4050300038CFE000018415,Lemon Drop Vape Cart,Vape Cart
Cloud Cannabis Kalamazoo,AU-R-000556,Kalamazoo,49004,1A4050300038CFE000018436,Lemon Drop Vape Cart,Vape Cart
Cloud Cannabis Kalamazoo,AU-R-000556,Kalamazoo,49004,1A4050300038CFE000010421,OG Vape Cart,Vape Cart
Cloud Cannabis Kalamazoo,AU-R-000556,Kalamazoo,49004,1A4050300038CFE000013814,OG Vape Cart,Vape Cart
Cloud Cannabis Kalamazoo,AU-R-000556,Kalamazoo,49004,1A4050300038CFE000016934,OG Vape Cart,Vape Cart
Cloud Cannabis Kalamazoo,AU-R-000556,Kalamazoo,49004,1A4050300038CFE000016935,OG Vape Cart,Vape Cart
Cloud Cannabis Kalamazoo,AU-R-000556,Kalamazoo,49004,1A4050300038CFE000016945,OG Vape Cart,Vape Cart
Cloud Cannabis Kalamazoo,AU-R-000556,Kalamazoo,49004,1A4050300038CFE000013610,Orange Soda Vape Cart,Vape Cart
Cloud Cannabis Kalamazoo,AU-R-000556,Kalamazoo,49004,1A4050300038CFE000016881,Orange Soda Vape Cart,Vape Cart
Cloud Cannabis Kalamazoo,AU-R-000556,Kalamazoo,49004,1A4050300038CFE000013991,Peaches and Cream Vape Cart,Vape Cart
Cloud Cannabis Kalamazoo,AU-R-000556,Kalamazoo,49004,1A4050300038CFE000017382,Peaches and Cream Vape Cart,Vape Cart
Cloud Cannabis Kalamazoo,AU-R-000556,Kalamazoo,49004,1A4050300038CFE000016135,Pineapple Express 1g Vape Cart,Vape Cart
Cloud Cannabis Kalamazoo,AU-R-000556,Kalamazoo,49004,1A4050300038CFE000018077,Pineapple Express 1g Vape Cart,Vape Cart
Cloud Cannabis Kalamazoo,AU-R-000556,Kalamazoo,49004,1A4050300038CFE000018079,Pineapple Express 1g Vape Cart,Vape Cart
Cloud Cannabis Kalamazoo,AU-R-000556,Kalamazoo,49004,1A4050300038CFE000016161,Pink Lemonade 1g Vape Cart,Vape Cart
Cloud Cannabis Kalamazoo,AU-R-000556,Kalamazoo,49004,1A4050300038CFE000016169,Pink Lemonade 1g Vape Cart,Vape Cart
Cloud Cannabis Kalamazoo,AU-R-000556,Kalamazoo,49004,1A4050300038CFE000016175,Pink Lemonade 1g Vape Cart,Vape Cart
Cloud Cannabis Kalamazoo,AU-R-000556,Kalamazoo,49004,1A4050300038CFE000016199,Pink Lemonade 1g Vape Cart,Vape Cart
Cloud Cannabis Kalamazoo,AU-R-000556,Kalamazoo,49004,1A4050300038CFE000017379,Red Velvet 1g Vape,Vape Cart
Cloud Cannabis Kalamazoo,AU-R-000556,Kalamazoo,49004,1A4050300038CFE000007605,Sour Apple Vape Cart,Vape Cart
Cloud Cannabis Kalamazoo,AU-R-000556,Kalamazoo,49004,1A4050300038CFE000010414,Sour Apple Vape Cart,Vape Cart
Cloud Cannabis Kalamazoo,AU-R-000556,Kalamazoo,49004,1A4050300038CFE000014112,Sour Apple Vape Cart,Vape Cart
Cloud Cannabis Kalamazoo,AU-R-000556,Kalamazoo,49004,1A4050300038CFE000007428,Strawberry Cough 1g Vape,Vape Cart
Cloud Cannabis Kalamazoo,AU-R-000556,Kalamazoo,49004,1A4050300038CFE000007417,Strawberry Shortcake Vape Cart,Vape Cart
Cloud Cannabis Kalamazoo,AU-R-000556,Kalamazoo,49004,1A4050300038CFE000019044,Strawberry Shortcake Vape Cart,Vape Cart
Cloud Cannabis Kalamazoo,AU-R-000556,Kalamazoo,49004,1A4050300038CFE000015985,Watermelon Freeze Disposables,Vape Cart
Cloud Cannabis Kalamazoo,AU-R-000556,Kalamazoo,49004,1A4050300038CFE000010417,Watermelon Freeze Vape Cart,Vape Cart
Cloud Cannabis Kalamazoo,AU-R-000556,Kalamazoo,49004,1A4050300038CFE000013434,Watermelon Freeze Vape Cart,Vape Cart
Cloud Cannabis Kalamazoo,AU-R-000556,Kalamazoo,49004,1A4050300038CFE000013449,Watermelon Freeze Vape Cart,Vape Cart
Cloud Cannabis Kalamazoo,AU-R-000556,Kalamazoo,49004,1A4050300038CFE000013450,Watermelon Freeze Vape Cart,Vape Cart
Cloud Cannabis Muskegon,AU-R-000955,Muskegon,49445,1A4050300038CFE000007520,Peach Mango 1g Infused Preroll,Infused Pre-Rolls
Cloud Cannabis Muskegon,AU-R-000955,Muskegon,49445,1A4050300038CFE000007517,Skywalker 1g Infused Preroll,Infused Pre-Rolls
Cloud Cannabis Muskegon,AU-R-000955,Muskegon,49445,1A4050300038CFE000002795,Watermelon 1g Infused Preroll,Infused Pre-Rolls
Cloud Cannabis Muskegon,AU-R-000955,Muskegon,49445,1A4050300038CFE000002794,Waui 1g Infused Preroll,Infused Pre-Rolls
Cloud Cannabis Muskegon,AU-R-000955,Muskegon,49445,1A4050300038CFE000012575,Waui 1g Infused Preroll,Infused Pre-Rolls
Cloud Cannabis Muskegon,AU-R-000955,Muskegon,49445,1A4050300038CFE000010436,Banana Split Vape Cart,Vape Cart
Cloud Cannabis Muskegon,AU-R-000955,Muskegon,49445,1A4050300038CFE000017413,Banana Split Vape Cart,Vape Cart
Cloud Cannabis Muskegon,AU-R-000955,Muskegon,49445,1A4050300038CFE000010446,Blue Dream Vape Cart,Vape Cart
Cloud Cannabis Muskegon,AU-R-000955,Muskegon,49445,1A4050300038CFE000014267,Blue Dream Vape Cart,Vape Cart
Cloud Cannabis Muskegon,AU-R-000955,Muskegon,49445,1A4050300038CFE000017414,Blue Dream Vape Cart,Vape Cart
Cloud Cannabis Muskegon,AU-R-000955,Muskegon,49445,1A4050300038CFE000010440,Blueberry Pancake 1g vape,Vape Cart
Cloud Cannabis Muskegon,AU-R-000955,Muskegon,49445,1A4050300038CFE000013512,Blueberry Pancake 1g vape,Vape Cart
Cloud Cannabis Muskegon,AU-R-000955,Muskegon,49445,1A4050300038CFE000017073,Blueberry Pancake 1g vape,Vape Cart
Cloud Cannabis Muskegon,AU-R-000955,Muskegon,49445,1A4050300038CFE000018136,Blueberry Pancake 1g vape,Vape Cart
Cloud Cannabis Muskegon,AU-R-000955,Muskegon,49445,1A4050300038CFE000007391,Cherry Pie Vape Cart,Vape Cart
Cloud Cannabis Muskegon,AU-R-000955,Muskegon,49445,1A4050300038CFE000014268,Cherry Pie Vape Cart,Vape Cart
Cloud Cannabis Muskegon,AU-R-000955,Muskegon,49445,1A4050300038CFE000013566,Fruity Pebbles Vape Cart,Vape Cart
Cloud Cannabis Muskegon,AU-R-000955,Muskegon,49445,1A4050300038CFE000016441,Fruity Pebbles Vape Cart,Vape Cart
Cloud Cannabis Muskegon,AU-R-000955,Muskegon,49445,1A4050300038CFE000010445,Grape Soda 1g Vape,Vape Cart
Cloud Cannabis Muskegon,AU-R-000955,Muskegon,49445,1A4050300038CFE000014269,Grape Soda 1g Vape,Vape Cart
Cloud Cannabis Muskegon,AU-R-000955,Muskegon,49445,1A4050300038CFE000007392,Jungle Juice Vape Cart,Vape Cart
Cloud Cannabis Muskegon,AU-R-000955,Muskegon,49445,1A4050300038CFE000016918,Jungle Juice Vape Cart,Vape Cart
Cloud Cannabis Muskegon,AU-R-000955,Muskegon,49445,1A4050300038CFE000018043,Jungle Juice Vape Cart,Vape Cart
Cloud Cannabis Muskegon,AU-R-000955,Muskegon,49445,1A4050300038CFE000010435,Lemon Drop Vape Cart,Vape Cart
Cloud Cannabis Muskegon,AU-R-000955,Muskegon,49445,1A4050300038CFE000014271,Lemon Drop Vape Cart,Vape Cart
Cloud Cannabis Muskegon,AU-R-000955,Muskegon,49445,1A4050300038CFE000017417,Lemon Drop Vape Cart,Vape Cart
Cloud Cannabis Muskegon,AU-R-000955,Muskegon,49445,1A4050300038CFE000010437,OG Vape Cart,Vape Cart
Cloud Cannabis Muskegon,AU-R-000955,Muskegon,49445,1A4050300038CFE000013809,OG Vape Cart,Vape Cart
Cloud Cannabis Muskegon,AU-R-000955,Muskegon,49445,1A4050300038CFE000017415,OG Vape Cart,Vape Cart
Cloud Cannabis Muskegon,AU-R-000955,Muskegon,49445,1A4050300038CFE000014270,Peaches and Cream Vape Cart,Vape Cart
Cloud Cannabis Muskegon,AU-R-000955,Muskegon,49445,1A4050300038CFE000016149,Pineapple Express 1g Vape Cart,Vape Cart
Cloud Cannabis Muskegon,AU-R-000955,Muskegon,49445,1A4050300038CFE000016163,Pink Lemonade 1g Vape Cart,Vape Cart
Cloud Cannabis Muskegon,AU-R-000955,Muskegon,49445,1A4050300038CFE000017416,Red Velvet 1g Vape,Vape Cart
Cloud Cannabis Muskegon,AU-R-000955,Muskegon,49445,1A4050300038CFE000007394,Sour Apple Vape Cart,Vape Cart
Cloud Cannabis Muskegon,AU-R-000955,Muskegon,49445,1A4050300038CFE000010442,Sour Apple Vape Cart,Vape Cart
Cloud Cannabis Muskegon,AU-R-000955,Muskegon,49445,1A4050300038CFE000013980,Sour Apple Vape Cart,Vape Cart
Cloud Cannabis Muskegon,AU-R-000955,Muskegon,49445,1A4050300038CFE000017418,Sour Apple Vape Cart,Vape Cart
Cloud Cannabis Muskegon,AU-R-000955,Muskegon,49445,1A4050300038CFE000007492,Strawberry Cough 1g Vape,Vape Cart
Cloud Cannabis Muskegon,AU-R-000955,Muskegon,49445,1A4050300038CFE000007395,Strawberry Shortcake Vape Cart,Vape Cart
Cloud Cannabis Muskegon,AU-R-000955,Muskegon,49445,1A4050300038CFE000007397,Watermelon Freeze Vape Cart,Vape Cart
Cloud Cannabis Muskegon,AU-R-000955,Muskegon,49445,1A4050300038CFE000010443,Watermelon Freeze Vape Cart,Vape Cart
Cloud Cannabis Muskegon,AU-R-000955,Muskegon,49445,1A4050300038CFE000013437,Watermelon Freeze Vape Cart,Vape Cart
Cloud Cannabis Muskegon,AU-R-000955,Muskegon,49445,1A4050300038CFE000013441,Watermelon Freeze Vape Cart,Vape Cart
Cloud Cannabis Muskegon,AU-R-000955,Muskegon,49445,1A4050300038CFE000014913,Watermelon Freeze Vape Cart,Vape Cart
Cloud Cannabis New Baltimore,AU-R-000707,New Baltimore,48047,1A4050300038CFE000012568,OG 1g Infused Preroll,Infused Pre-Rolls
Cloud Cannabis New Baltimore,AU-R-000707,New Baltimore,48047,1A4050300038CFE000002556,Skywalker 1g Infused Preroll,Infused Pre-Rolls
Cloud Cannabis New Baltimore,AU-R-000707,New Baltimore,48047,1A4050300038CFE000007449,Skywalker 1g Infused Preroll,Infused Pre-Rolls
Cloud Cannabis New Baltimore,AU-R-000707,New Baltimore,48047,1A4050300038CFE000012567,Strawberry 1g Infused Preroll,Infused Pre-Rolls
Cloud Cannabis New Baltimore,AU-R-000707,New Baltimore,48047,1A4050300038CFE000002545,Watermelon 1g Infused Preroll,Infused Pre-Rolls
Cloud Cannabis New Baltimore,AU-R-000707,New Baltimore,48047,1A4050300038CFE000008868,Watermelon 1g Infused Preroll,Infused Pre-Rolls
Cloud Cannabis New Baltimore,AU-R-000707,New Baltimore,48047,1A4050300038CFE000012566,Watermelon 1g Infused Preroll,Infused Pre-Rolls
Cloud Cannabis New Baltimore,AU-R-000707,New Baltimore,48047,1A4050300038CFE000002544,Waui 1g Infused Preroll,Infused Pre-Rolls
Cloud Cannabis New Baltimore,AU-R-000707,New Baltimore,48047,1A4050300038CFE000007447,Waui 1g Infused Preroll,Infused Pre-Rolls
Cloud Cannabis New Baltimore,AU-R-000707,New Baltimore,48047,1A4050300038CFE000012565,Waui 1g Infused Preroll,Infused Pre-Rolls
Cloud Cannabis New Baltimore,AU-R-000707,New Baltimore,48047,1A4050300038CFE000017421,Blue Razz Vape Cart,Vape Cart
Cloud Cannabis New Baltimore,AU-R-000707,New Baltimore,48047,1A4050300038CFE000007404,Cherry Pie Vape Cart,Vape Cart
Cloud Cannabis New Baltimore,AU-R-000707,New Baltimore,48047,1A4050300038CFE000013547,Fruity Pebbles Vape Cart,Vape Cart
Cloud Cannabis New Baltimore,AU-R-000707,New Baltimore,48047,1A4050300038CFE000007405,Jungle Juice Vape Cart,Vape Cart
Cloud Cannabis New Baltimore,AU-R-000707,New Baltimore,48047,1A4050300038CFE000007410,Sour Apple Vape Cart,Vape Cart
Cloud Cannabis New Baltimore,AU-R-000707,New Baltimore,48047,1A4050300038CFE000007433,Strawberry Cough 1g Vape,Vape Cart
Cloud Cannabis New Baltimore,AU-R-000707,New Baltimore,48047,1A4050300038CFE000007408,Strawberry Shortcake Vape Cart,Vape Cart
Cloud Cannabis New Baltimore,AU-R-000707,New Baltimore,48047,1A4050300038CFE000014090,Strawberry Shortcake Vape Cart,Vape Cart
Cloud Cannabis New Baltimore,AU-R-000707,New Baltimore,48047,1A4050300038CFE000007407,Watermelon Freeze Vape Cart,Vape Cart
Cloud Cannabis New Baltimore,AU-R-000707,New Baltimore,48047,1A4050300038CFE000013438,Watermelon Freeze Vape Cart,Vape Cart
Cloud Cannabis Utica,AU-R-000434,Utica,48317,1A4050300038CFE000002622,Watermelon 1g Infused Preroll,Infused Pre-Rolls
Cloud Cannabis Utica,AU-R-000434,Utica,48317,1A4050300038CFE000002576,Waui 1g Infused Preroll,Infused Pre-Rolls
Cloud Cannabis Utica,AU-R-000999,Utica,48317,1A4050300038CFE000018913,Blue Raspberry 1g Infused Preroll,Infused Pre-Rolls
Cloud Cannabis Utica,AU-R-000999,Utica,48317,1A4050300038CFE000012590,OG 1g Infused Preroll,Infused Pre-Rolls
Cloud Cannabis Utica,AU-R-000999,Utica,48317,1A4050300038CFE000018914,OG 1g Infused Preroll,Infused Pre-Rolls
Cloud Cannabis Utica,AU-R-000999,Utica,48317,1A4050300038CFE000008736,Peach Mango 1g Infused Preroll,Infused Pre-Rolls
Cloud Cannabis Utica,AU-R-000999,Utica,48317,1A4050300038CFE000012591,Peach Mango 1g Infused Preroll,Infused Pre-Rolls
Cloud Cannabis Utica,AU-R-000999,Utica,48317,1A4050300038CFE000005494,Strawberry 1g Infused Preroll,Infused Pre-Rolls
Cloud Cannabis Utica,AU-R-000999,Utica,48317,1A4050300038CFE000012078,Strawberry 1g Infused Preroll,Infused Pre-Rolls
Cloud Cannabis Utica,AU-R-000999,Utica,48317,1A4050300038CFE000012589,Strawberry 1g Infused Preroll,Infused Pre-Rolls
Cloud Cannabis Utica,AU-R-000999,Utica,48317,1A4050300038CFE000002590,Watermelon 1g Infused Preroll,Infused Pre-Rolls
Cloud Cannabis Utica,AU-R-000999,Utica,48317,1A4050300038CFE000005263,Watermelon 1g Infused Preroll,Infused Pre-Rolls
Cloud Cannabis Utica,AU-R-000999,Utica,48317,1A4050300038CFE000008739,Watermelon 1g Infused Preroll,Infused Pre-Rolls
Cloud Cannabis Utica,AU-R-000999,Utica,48317,1A4050300038CFE000012083,Watermelon 1g Infused Preroll,Infused Pre-Rolls
Cloud Cannabis Utica,AU-R-000999,Utica,48317,1A4050300038CFE000012588,Watermelon 1g Infused Preroll,Infused Pre-Rolls
Cloud Cannabis Utica,AU-R-000999,Utica,48317,1A4050300038CFE000018915,Watermelon 1g Infused Preroll,Infused Pre-Rolls
Cloud Cannabis Utica,AU-R-000999,Utica,48317,1A4050300038CFE000008740,Waui 1g Infused Preroll,Infused Pre-Rolls
Cloud Cannabis Utica,AU-R-000999,Utica,48317,1A4050300038CFE000012082,Waui 1g Infused Preroll,Infused Pre-Rolls
Cloud Cannabis Utica,AU-R-000999,Utica,48317,1A4050300038CFE000012587,Waui 1g Infused Preroll,Infused Pre-Rolls
Cloud Cannabis Utica,AU-R-000999,Utica,48317,1A4050300038CFE000013924,Banana Split Vape Cart,Vape Cart
Cloud Cannabis Utica,AU-R-000999,Utica,48317,1A4050300038CFE000013943,Blue Dream 1g Disposable,Vape Cart
Cloud Cannabis Utica,AU-R-000999,Utica,48317,1A4050300038CFE000013935,Blue Dream Vape Cart,Vape Cart
Cloud Cannabis Utica,AU-R-000999,Utica,48317,1A4050300038CFE000016081,Blue Dream Vape Cart,Vape Cart
Cloud Cannabis Utica,AU-R-000999,Utica,48317,1A4050300038CFE000016082,Blue Dream Vape Cart,Vape Cart
Cloud Cannabis Utica,AU-R-000999,Utica,48317,1A4050300038CFE000016090,Blue Razz Vape Cart,Vape Cart
Cloud Cannabis Utica,AU-R-000999,Utica,48317,1A4050300038CFE000013539,Blueberry Pancake 1g vape,Vape Cart
Cloud Cannabis Utica,AU-R-000999,Utica,48317,1A4050300038CFE000018883,Blueberry Pancake 1g vape,Vape Cart
Cloud Cannabis Utica,AU-R-000999,Utica,48317,1A4050300038CFE000015451,Bubble Gum 1g vape,Vape Cart
Cloud Cannabis Utica,AU-R-000999,Utica,48317,1A4050300038CFE000015457,Bubble Gum 1g vape,Vape Cart
Cloud Cannabis Utica,AU-R-000999,Utica,48317,1A4050300038CFE000007650,Cherry Pie Vape Cart,Vape Cart
Cloud Cannabis Utica,AU-R-000999,Utica,48317,1A4050300038CFE000014015,Cherry Pie Vape Cart,Vape Cart
Cloud Cannabis Utica,AU-R-000999,Utica,48317,1A4050300038CFE000013569,Fruity Pebbles Vape Cart,Vape Cart
Cloud Cannabis Utica,AU-R-000999,Utica,48317,1A4050300038CFE000016420,Fruity Pebbles Vape Cart,Vape Cart
Cloud Cannabis Utica,AU-R-000999,Utica,48317,1A4050300038CFE000016423,Fruity Pebbles Vape Cart,Vape Cart
Cloud Cannabis Utica,AU-R-000999,Utica,48317,1A4050300038CFE000016429,Fruity Pebbles Vape Cart,Vape Cart
Cloud Cannabis Utica,AU-R-000999,Utica,48317,1A4050300038CFE000016434,Fruity Pebbles Vape Cart,Vape Cart
Cloud Cannabis Utica,AU-R-000999,Utica,48317,1A4050300038CFE000016439,Fruity Pebbles Vape Cart,Vape Cart
Cloud Cannabis Utica,AU-R-000999,Utica,48317,1A4050300038CFE000017460,Fruity Pebbles Vape Cart,Vape Cart
Cloud Cannabis Utica,AU-R-000999,Utica,48317,1A4050300038CFE000011172,Grape Soda 1g Vape,Vape Cart
Cloud Cannabis Utica,AU-R-000999,Utica,48317,1A4050300038CFE000007631,Jungle Juice Vape Cart,Vape Cart
Cloud Cannabis Utica,AU-R-000999,Utica,48317,1A4050300038CFE000013976,Lemon Drop Vape Cart,Vape Cart
Cloud Cannabis Utica,AU-R-000999,Utica,48317,1A4050300038CFE000014959,Lemon Drop Vape Cart,Vape Cart
Cloud Cannabis Utica,AU-R-000999,Utica,48317,1A4050300038CFE000014960,Lemon Drop Vape Cart,Vape Cart
Cloud Cannabis Utica,AU-R-000999,Utica,48317,1A4050300038CFE000014961,Lemon Drop Vape Cart,Vape Cart
Cloud Cannabis Utica,AU-R-000999,Utica,48317,1A4050300038CFE000015067,OG Disposables,Vape Cart
Cloud Cannabis Utica,AU-R-000999,Utica,48317,1A4050300038CFE000013786,OG Vape Cart,Vape Cart
Cloud Cannabis Utica,AU-R-000999,Utica,48317,1A4050300038CFE000013990,Peaches and Cream Vape Cart,Vape Cart
Cloud Cannabis Utica,AU-R-000999,Utica,48317,1A4050300038CFE000015366,Peaches and Cream Vape Cart,Vape Cart
Cloud Cannabis Utica,AU-R-000999,Utica,48317,1A4050300038CFE000015374,Peaches and Cream Vape Cart,Vape Cart
Cloud Cannabis Utica,AU-R-000999,Utica,48317,1A4050300038CFE000015377,Peaches and Cream Vape Cart,Vape Cart
Cloud Cannabis Utica,AU-R-000999,Utica,48317,1A4050300038CFE000015390,Pina Colada Vape Cart,Vape Cart
Cloud Cannabis Utica,AU-R-000999,Utica,48317,1A4050300038CFE000015394,Pina Colada Vape Cart,Vape Cart
Cloud Cannabis Utica,AU-R-000999,Utica,48317,1A4050300038CFE000007649,Sour Apple Vape Cart,Vape Cart
Cloud Cannabis Utica,AU-R-000999,Utica,48317,1A4050300038CFE000007663,Sour Apple Vape Cart,Vape Cart
Cloud Cannabis Utica,AU-R-000999,Utica,48317,1A4050300038CFE000015485,Sour Apple Vape Cart,Vape Cart
Cloud Cannabis Utica,AU-R-000999,Utica,48317,1A4050300038CFE000015494,Sour Apple Vape Cart,Vape Cart
Cloud Cannabis Utica,AU-R-000999,Utica,48317,1A4050300038CFE000015501,Sour Apple Vape Cart,Vape Cart
Cloud Cannabis Utica,AU-R-000999,Utica,48317,1A4050300038CFE000007630,Strawberry Cough 1g Vape,Vape Cart
Cloud Cannabis Utica,AU-R-000999,Utica,48317,1A4050300038CFE000007665,Strawberry Cough 1g Vape,Vape Cart
Cloud Cannabis Utica,AU-R-000999,Utica,48317,1A4050300038CFE000016377,Strawberry Shortcake 1g Disposable,Vape Cart
Cloud Cannabis Utica,AU-R-000999,Utica,48317,1A4050300038CFE000007651,Strawberry Shortcake Vape Cart,Vape Cart
Cloud Cannabis Utica,AU-R-000999,Utica,48317,1A4050300038CFE000007664,Strawberry Shortcake Vape Cart,Vape Cart
Cloud Cannabis Utica,AU-R-000999,Utica,48317,1A4050300038CFE000014188,Strawberry Shortcake Vape Cart,Vape Cart
Cloud Cannabis Utica,AU-R-000999,Utica,48317,1A4050300038CFE000016551,Strawberry Shortcake Vape Cart,Vape Cart
Cloud Cannabis Utica,AU-R-000999,Utica,48317,1A4050300038CFE000016552,Strawberry Shortcake Vape Cart,Vape Cart
Cloud Cannabis Utica,AU-R-000999,Utica,48317,1A4050300038CFE000013986,Watermelon Freeze Disposables,Vape Cart
Cloud Cannabis Utica,AU-R-000999,Utica,48317,1A4050300038CFE000015994,Watermelon Freeze Disposables,Vape Cart
Cloud Cannabis Utica,AU-R-000999,Utica,48317,1A4050300038CFE000007647,Watermelon Freeze Vape Cart,Vape Cart
Cloud Cannabis Utica,AU-R-000999,Utica,48317,1A4050300038CFE000007662,Watermelon Freeze Vape Cart,Vape Cart
Cloud Cannabis Utica,AU-R-000999,Utica,48317,1A4050300038CFE000013442,Watermelon Freeze Vape Cart,Vape Cart
"Cloud Gaylord, LLC",AU-R-000980,Gaylord,49735,1A4050300038CFE000005585,Strawberry 1g Infused Preroll,Infused Pre-Rolls
"Cloud Gaylord, LLC",AU-R-000980,Gaylord,49735,1A4050300038CFE000012556,Strawberry 1g Infused Preroll,Infused Pre-Rolls
"Cloud Gaylord, LLC",AU-R-000980,Gaylord,49735,1A4050300038CFE000002827,Watermelon 1g Infused Preroll,Infused Pre-Rolls
"Cloud Gaylord, LLC",AU-R-000980,Gaylord,49735,1A4050300038CFE000005642,Watermelon 1g Infused Preroll,Infused Pre-Rolls
"Cloud Gaylord, LLC",AU-R-000980,Gaylord,49735,1A4050300038CFE000008849,Watermelon 1g Infused Preroll,Infused Pre-Rolls
"Cloud Gaylord, LLC",AU-R-000980,Gaylord,49735,1A4050300038CFE000012553,Watermelon 1g Infused Preroll,Infused Pre-Rolls
"Cloud Gaylord, LLC",AU-R-000980,Gaylord,49735,1A4050300038CFE000007567,Waui 1g Infused Preroll,Infused Pre-Rolls
"Cloud Gaylord, LLC",AU-R-000980,Gaylord,49735,1A4050300038CFE000012552,Waui 1g Infused Preroll,Infused Pre-Rolls
"Cloud Gaylord, LLC",AU-R-000980,Gaylord,49735,1A4050300038CFE000010399,Banana Split Vape Cart,Vape Cart
"Cloud Gaylord, LLC",AU-R-000980,Gaylord,49735,1A4050300038CFE000010405,Blue Dream Vape Cart,Vape Cart
"Cloud Gaylord, LLC",AU-R-000980,Gaylord,49735,1A4050300038CFE000014288,Blue Dream Vape Cart,Vape Cart
"Cloud Gaylord, LLC",AU-R-000980,Gaylord,49735,1A4050300038CFE000017459,Blue Dream Vape Cart,Vape Cart
"Cloud Gaylord, LLC",AU-R-000980,Gaylord,49735,1A4050300038CFE000013524,Blueberry Pancake 1g vape,Vape Cart
"Cloud Gaylord, LLC",AU-R-000980,Gaylord,49735,1A4050300038CFE000017068,Blueberry Pancake 1g vape,Vape Cart
"Cloud Gaylord, LLC",AU-R-000980,Gaylord,49735,1A4050300038CFE000015452,Bubble Gum 1g vape,Vape Cart
"Cloud Gaylord, LLC",AU-R-000980,Gaylord,49735,1A4050300038CFE000007569,Cherry Pie Vape Cart,Vape Cart
"Cloud Gaylord, LLC",AU-R-000980,Gaylord,49735,1A4050300038CFE000013558,Fruity Pebbles Vape Cart,Vape Cart
"Cloud Gaylord, LLC",AU-R-000980,Gaylord,49735,1A4050300038CFE000013570,Fruity Pebbles Vape Cart,Vape Cart
"Cloud Gaylord, LLC",AU-R-000980,Gaylord,49735,1A4050300038CFE000016426,Fruity Pebbles Vape Cart,Vape Cart
"Cloud Gaylord, LLC",AU-R-000980,Gaylord,49735,1A4050300038CFE000016430,Fruity Pebbles Vape Cart,Vape Cart
"Cloud Gaylord, LLC",AU-R-000980,Gaylord,49735,1A4050300038CFE000010409,Grape Soda 1g Vape,Vape Cart
"Cloud Gaylord, LLC",AU-R-000980,Gaylord,49735,1A4050300038CFE000014289,Grape Soda 1g Vape,Vape Cart
"Cloud Gaylord, LLC",AU-R-000980,Gaylord,49735,1A4050300038CFE000017678,Grape Soda 1g Vape,Vape Cart
"Cloud Gaylord, LLC",AU-R-000980,Gaylord,49735,1A4050300038CFE000007573,Jungle Juice Vape Cart,Vape Cart
"Cloud Gaylord, LLC",AU-R-000980,Gaylord,49735,1A4050300038CFE000017461,Jungle Juice Vape Cart,Vape Cart
"Cloud Gaylord, LLC",AU-R-000980,Gaylord,49735,1A4050300038CFE000014290,Lemon Drop Vape Cart,Vape Cart
"Cloud Gaylord, LLC",AU-R-000980,Gaylord,49735,1A4050300038CFE000017462,Lemon Drop Vape Cart,Vape Cart
"Cloud Gaylord, LLC",AU-R-000980,Gaylord,49735,1A4050300038CFE000010404,OG Vape Cart,Vape Cart
"Cloud Gaylord, LLC",AU-R-000980,Gaylord,49735,1A4050300038CFE000013796,OG Vape Cart,Vape Cart
"Cloud Gaylord, LLC",AU-R-000980,Gaylord,49735,1A4050300038CFE000017651,OG Vape Cart,Vape Cart
"Cloud Gaylord, LLC",AU-R-000980,Gaylord,49735,1A4050300038CFE000013588,Orange Soda Vape Cart,Vape Cart
"Cloud Gaylord, LLC",AU-R-000980,Gaylord,49735,1A4050300038CFE000017463,Orange Soda Vape Cart,Vape Cart
"Cloud Gaylord, LLC",AU-R-000980,Gaylord,49735,1A4050300038CFE000007587,Pina Colada Vape Cart,Vape Cart
"Cloud Gaylord, LLC",AU-R-000980,Gaylord,49735,1A4050300038CFE000007572,Sour Apple Vape Cart,Vape Cart
"Cloud Gaylord, LLC",AU-R-000980,Gaylord,49735,1A4050300038CFE000014291,Sour Apple Vape Cart,Vape Cart
"Cloud Gaylord, LLC",AU-R-000980,Gaylord,49735,1A4050300038CFE000017652,Sour Apple Vape Cart,Vape Cart
"Cloud Gaylord, LLC",AU-R-000980,Gaylord,49735,1A4050300038CFE000007582,Strawberry Cough 1g Vape,Vape Cart
"Cloud Gaylord, LLC",AU-R-000980,Gaylord,49735,1A4050300038CFE000007576,Strawberry Shortcake Vape Cart,Vape Cart
"Cloud Gaylord, LLC",AU-R-000980,Gaylord,49735,1A4050300038CFE000007571,Watermelon Freeze Vape Cart,Vape Cart
"Cloud Gaylord, LLC",AU-R-000980,Gaylord,49735,1A4050300038CFE000007583,Watermelon Freeze Vape Cart,Vape Cart
"Cloud Gaylord, LLC",AU-R-000980,Gaylord,49735,1A4050300038CFE000010406,Watermelon Freeze Vape Cart,Vape Cart
"Cloud Gaylord, LLC",AU-R-000980,Gaylord,49735,1A4050300038CFE000013418,Watermelon Freeze Vape Cart,Vape Cart
"Cloud Gaylord, LLC",AU-R-000980,Gaylord,49735,1A4050300038CFE000014908,Watermelon Freeze Vape Cart,Vape Cart
Consume Cannabis Alma,AU-R-001002,Alma,48801,1A4050300038CFE000017836,Blue Raspberry 1g Infused Preroll,Infused Pre-Rolls
Consume Cannabis Alma,AU-R-001002,Alma,48801,1A4050300038CFE000013022,OG 1g Infused Preroll,Infused Pre-Rolls
Consume Cannabis Alma,AU-R-001002,Alma,48801,1A4050300038CFE000013020,Peach Mango 1g Infused Preroll,Infused Pre-Rolls
Consume Cannabis Alma,AU-R-001002,Alma,48801,1A4050300038CFE000017838,Peach Mango 1g Infused Preroll,Infused Pre-Rolls
Consume Cannabis Alma,AU-R-001002,Alma,48801,1A4050300038CFE000013021,Pineapple 1g Infused Preroll,Infused Pre-Rolls
Consume Cannabis Alma,AU-R-001002,Alma,48801,1A4050300038CFE000022164,Pineapple 1g Infused Preroll,Infused Pre-Rolls
Consume Cannabis Alma,AU-R-001002,Alma,48801,1A4050300038CFE000013023,Skywalker 1g Infused Preroll,Infused Pre-Rolls
Consume Cannabis Alma,AU-R-001002,Alma,48801,1A4050300038CFE000022099,Skywalker 1g Infused Preroll,Infused Pre-Rolls
Consume Cannabis Alma,AU-R-001002,Alma,48801,1A4050300038CFE000017839,Strawberry 1g Infused Preroll,Infused Pre-Rolls
Consume Cannabis Alma,AU-R-001002,Alma,48801,1A4050300038CFE000013024,Watermelon 1g Infused Preroll,Infused Pre-Rolls
Consume Cannabis Alma,AU-R-001002,Alma,48801,1A4050300038CFE000013025,Waui 1g Infused Preroll,Infused Pre-Rolls
Consume Cannabis Alma,AU-R-001002,Alma,48801,1A4050300038CFE000022100,Waui 1g Infused Preroll,Infused Pre-Rolls
Consume Cannabis Alma,AU-R-001002,Alma,48801,1A4050300038CFE000010329,Banana Split 1g Disposable,Vape Cart
Consume Cannabis Alma,AU-R-001002,Alma,48801,1A4050300038CFE000010331,Blue Dream Vape Cart,Vape Cart
Consume Cannabis Alma,AU-R-001002,Alma,48801,1A4050300038CFE000013056,Blue Dream Vape Cart,Vape Cart
Consume Cannabis Alma,AU-R-001002,Alma,48801,1A4050300038CFE000010338,Blue Razz 1g Disposable,Vape Cart
Consume Cannabis Alma,AU-R-001002,Alma,48801,1A4050300038CFE000016386,Blue Razz 1g Disposable,Vape Cart
Consume Cannabis Alma,AU-R-001002,Alma,48801,1A4050300038CFE000010330,Blueberry Pancake 1g vape,Vape Cart
Consume Cannabis Alma,AU-R-001002,Alma,48801,1A4050300038CFE000013068,Blueberry Pancake 1g vape,Vape Cart
Consume Cannabis Alma,AU-R-001002,Alma,48801,1A4050300038CFE000017841,Blueberry Pancake 1g vape,Vape Cart
Consume Cannabis Alma,AU-R-001002,Alma,48801,1A4050300038CFE000015472,Bubble Gum 1g vape,Vape Cart
Consume Cannabis Alma,AU-R-001002,Alma,48801,1A4050300038CFE000015968,Bubble Gum 1g vape,Vape Cart
Consume Cannabis Alma,AU-R-001002,Alma,48801,1A4050300038CFE000013059,Cherry Pie Vape Cart,Vape Cart
Consume Cannabis Alma,AU-R-001002,Alma,48801,1A4050300038CFE000017842,Cherry Pie Vape Cart,Vape Cart
Consume Cannabis Alma,AU-R-001002,Alma,48801,1A4050300038CFE000010328,Fruity Pebbles 1g Disposable,Vape Cart
Consume Cannabis Alma,AU-R-001002,Alma,48801,1A4050300038CFE000013062,Fruity Pebbles 1g Disposable,Vape Cart
Consume Cannabis Alma,AU-R-001002,Alma,48801,1A4050300038CFE000017187,Fruity Pebbles 1g Disposable,Vape Cart
Consume Cannabis Alma,AU-R-001002,Alma,48801,1A4050300038CFE000013061,Fruity Pebbles Vape Cart,Vape Cart
Consume Cannabis Alma,AU-R-001002,Alma,48801,1A4050300038CFE000010333,Grape Soda 1g Vape,Vape Cart
Consume Cannabis Alma,AU-R-001002,Alma,48801,1A4050300038CFE000017843,Grape Soda 1g Vape,Vape Cart
Consume Cannabis Alma,AU-R-001002,Alma,48801,1A4050300038CFE000010336,Jungle Juice 1g Disposable,Vape Cart
Consume Cannabis Alma,AU-R-001002,Alma,48801,1A4050300038CFE000017845,Jungle Juice 1g Disposable,Vape Cart
Consume Cannabis Alma,AU-R-001002,Alma,48801,1A4050300038CFE000013064,Jungle Juice Vape Cart,Vape Cart
Consume Cannabis Alma,AU-R-001002,Alma,48801,1A4050300038CFE000017844,Jungle Juice Vape Cart,Vape Cart
Consume Cannabis Alma,AU-R-001002,Alma,48801,1A4050300038CFE000013066,Lemon Cheese Cake Disposable,Vape Cart
Consume Cannabis Alma,AU-R-001002,Alma,48801,1A4050300038CFE000010339,Peaches and Cream Vape Cart,Vape Cart
Consume Cannabis Alma,AU-R-001002,Alma,48801,1A4050300038CFE000013067,Peaches and Cream Vape Cart,Vape Cart
Consume Cannabis Alma,AU-R-001002,Alma,48801,1A4050300038CFE000013069,Red Velvet 1g Vape,Vape Cart
Consume Cannabis Alma,AU-R-001002,Alma,48801,1A4050300038CFE000017847,Red Velvet 1g Vape,Vape Cart
Consume Cannabis Alma,AU-R-001002,Alma,48801,1A4050300038CFE000010334,Sour Apple 1g Disposable,Vape Cart
Consume Cannabis Alma,AU-R-001002,Alma,48801,1A4050300038CFE000013070,Strawberry Cough 1g Vape,Vape Cart
Consume Cannabis Alma,AU-R-001002,Alma,48801,1A4050300038CFE000013071,Strawberry Shortcake Vape Cart,Vape Cart
Consume Cannabis Alma,AU-R-001002,Alma,48801,1A4050300038CFE000017848,Strawberry Shortcake Vape Cart,Vape Cart
Consume Cannabis Bay City,AU-R-000500,Bay City,48708,1A4050300038CFE000017860,Banana Split 1g Disposable,Vape Cart
Consume Cannabis Bay City,AU-R-000500,Bay City,48708,1A4050300038CFE000017859,Banana Split Vape Cart,Vape Cart
Consume Cannabis Bay City,AU-R-000500,Bay City,48708,1A4050300038CFE000016236,Blueberry Pancake 1g Disposable,Vape Cart
Consume Cannabis Bay City,AU-R-000500,Bay City,48708,1A4050300038CFE000017861,Blueberry Pancake 1g vape,Vape Cart
Consume Cannabis Bay City,AU-R-000500,Bay City,48708,1A4050300038CFE000017862,Cherry Pie Vape Cart,Vape Cart
Consume Cannabis Bay City,AU-R-000500,Bay City,48708,1A4050300038CFE000017199,Fruity Pebbles 1g Disposable,Vape Cart
Consume Cannabis Bay City,AU-R-000500,Bay City,48708,1A4050300038CFE000017863,Fruity Pebbles Vape Cart,Vape Cart
Consume Cannabis Bay City,AU-R-000500,Bay City,48708,1A4050300038CFE000017864,Grape Soda 1g Vape,Vape Cart
Consume Cannabis Bay City,AU-R-000500,Bay City,48708,1A4050300038CFE000017866,Watermelon Freeze Disposables,Vape Cart
Consume Cannabis Harrisville,AU-R-000345,Harrisville,48740,1A4050300038CFE000022554,Pineapple 1g Infused Preroll,Infused Pre-Rolls
Consume Cannabis Harrisville,AU-R-000345,Harrisville,48740,1A4050300038CFE000022584,Pineapple 1g Infused Preroll,Infused Pre-Rolls
Consume Cannabis Harrisville,AU-R-000345,Harrisville,48740,1A4050300038CFE000013918,Banana Split Vape Cart,Vape Cart
Consume Cannabis Harrisville,AU-R-000345,Harrisville,48740,1A4050300038CFE000013540,Blueberry Pancake 1g vape,Vape Cart
Consume Cannabis Harrisville,AU-R-000345,Harrisville,48740,1A4050300038CFE000014013,Cherry Pie Vape Cart,Vape Cart
Consume Cannabis Harrisville,AU-R-000345,Harrisville,48740,1A4050300038CFE000013959,Fruity Pebbles 1g Disposable,Vape Cart
Consume Cannabis Harrisville,AU-R-000345,Harrisville,48740,1A4050300038CFE000013574,Fruity Pebbles Vape Cart,Vape Cart
Consume Cannabis Harrisville,AU-R-000345,Harrisville,48740,1A4050300038CFE000013970,Grape Soda 1g Vape,Vape Cart
Consume Cannabis Harrisville,AU-R-000345,Harrisville,48740,1A4050300038CFE000013996,Lemon Cheese Cake Disposable,Vape Cart
Consume Cannabis Harrisville,AU-R-000345,Harrisville,48740,1A4050300038CFE000014003,Strawberry Shortcake Vape Cart,Vape Cart
Consume Cannabis Ionia,AU-R-000485,Ionia,48846,1A4050300038CFE000017850,Blue Raspberry 1g Infused Preroll,Infused Pre-Rolls
Consume Cannabis Ionia,AU-R-000485,Ionia,48846,1A4050300038CFE000016654,OG 1g Infused Preroll,Infused Pre-Rolls
Consume Cannabis Ionia,AU-R-000485,Ionia,48846,1A4050300038CFE000010321,Peach Mango 1g Infused Preroll,Infused Pre-Rolls
Consume Cannabis Ionia,AU-R-000485,Ionia,48846,1A4050300038CFE000016653,Peach Mango 1g Infused Preroll,Infused Pre-Rolls
Consume Cannabis Ionia,AU-R-000485,Ionia,48846,1A4050300038CFE000010322,Skywalker 1g Infused Preroll,Infused Pre-Rolls
Consume Cannabis Ionia,AU-R-000485,Ionia,48846,1A4050300038CFE000016644,Strawberry 1g Infused Preroll,Infused Pre-Rolls
Consume Cannabis Ionia,AU-R-000485,Ionia,48846,1A4050300038CFE000010323,Waui 1g Infused Preroll,Infused Pre-Rolls
Consume Cannabis Ionia,AU-R-000485,Ionia,48846,1A4050300038CFE000017897,Banana Split Vape Cart,Vape Cart
Consume Cannabis Ionia,AU-R-000485,Ionia,48846,1A4050300038CFE000010982,Blue Dream 1g Disposable,Vape Cart
Consume Cannabis Ionia,AU-R-000485,Ionia,48846,1A4050300038CFE000014105,Blue Dream 1g Disposable,Vape Cart
Consume Cannabis Ionia,AU-R-000485,Ionia,48846,1A4050300038CFE000010300,Blue Dream Vape Cart,Vape Cart
Consume Cannabis Ionia,AU-R-000485,Ionia,48846,1A4050300038CFE000010988,Blue Dream Vape Cart,Vape Cart
Consume Cannabis Ionia,AU-R-000485,Ionia,48846,1A4050300038CFE000014657,Blue Dream Vape Cart,Vape Cart
Consume Cannabis Ionia,AU-R-000485,Ionia,48846,1A4050300038CFE000010302,Blue Razz 1g Disposable,Vape Cart
Consume Cannabis Ionia,AU-R-000485,Ionia,48846,1A4050300038CFE000010983,Blue Razz 1g Disposable,Vape Cart
Consume Cannabis Ionia,AU-R-000485,Ionia,48846,1A4050300038CFE000016392,Blue Razz 1g Disposable,Vape Cart
Consume Cannabis Ionia,AU-R-000485,Ionia,48846,1A4050300038CFE000016105,Blue Razz Vape Cart,Vape Cart
Consume Cannabis Ionia,AU-R-000485,Ionia,48846,1A4050300038CFE000016110,Blue Razz Vape Cart,Vape Cart
Consume Cannabis Ionia,AU-R-000485,Ionia,48846,1A4050300038CFE000016252,Blueberry Pancake 1g Disposable,Vape Cart
Consume Cannabis Ionia,AU-R-000485,Ionia,48846,1A4050300038CFE000010301,Blueberry Pancake 1g vape,Vape Cart
Consume Cannabis Ionia,AU-R-000485,Ionia,48846,1A4050300038CFE000010987,Blueberry Pancake 1g vape,Vape Cart
Consume Cannabis Ionia,AU-R-000485,Ionia,48846,1A4050300038CFE000014656,Blueberry Pancake 1g vape,Vape Cart
Consume Cannabis Ionia,AU-R-000485,Ionia,48846,1A4050300038CFE000017899,Blueberry Pancake 1g vape,Vape Cart
Consume Cannabis Ionia,AU-R-000485,Ionia,48846,1A4050300038CFE000017900,Cherry Pie Vape Cart,Vape Cart
Consume Cannabis Ionia,AU-R-000485,Ionia,48846,1A4050300038CFE000010303,Fruity Pebbles 1g Disposable,Vape Cart
Consume Cannabis Ionia,AU-R-000485,Ionia,48846,1A4050300038CFE000010980,Fruity Pebbles 1g Disposable,Vape Cart
Consume Cannabis Ionia,AU-R-000485,Ionia,48846,1A4050300038CFE000017902,Fruity Pebbles 1g Disposable,Vape Cart
Consume Cannabis Ionia,AU-R-000485,Ionia,48846,1A4050300038CFE000017901,Fruity Pebbles Vape Cart,Vape Cart
Consume Cannabis Ionia,AU-R-000485,Ionia,48846,1A4050300038CFE000010296,Grape Soda 1g Vape,Vape Cart
Consume Cannabis Ionia,AU-R-000485,Ionia,48846,1A4050300038CFE000010992,Grape Soda 1g Vape,Vape Cart
Consume Cannabis Ionia,AU-R-000485,Ionia,48846,1A4050300038CFE000014452,Grape Soda 1g Vape,Vape Cart
Consume Cannabis Ionia,AU-R-000485,Ionia,48846,1A4050300038CFE000017903,Grape Soda 1g Vape,Vape Cart
Consume Cannabis Ionia,AU-R-000485,Ionia,48846,1A4050300038CFE000010305,Jungle Juice 1g Disposable,Vape Cart
Consume Cannabis Ionia,AU-R-000485,Ionia,48846,1A4050300038CFE000017905,Jungle Juice 1g Disposable,Vape Cart
Consume Cannabis Ionia,AU-R-000485,Ionia,48846,1A4050300038CFE000014418,Jungle Juice Vape Cart,Vape Cart
Consume Cannabis Ionia,AU-R-000485,Ionia,48846,1A4050300038CFE000017904,Jungle Juice Vape Cart,Vape Cart
Consume Cannabis Ionia,AU-R-000485,Ionia,48846,1A4050300038CFE000010293,Lemon Drop Vape Cart,Vape Cart
Consume Cannabis Ionia,AU-R-000485,Ionia,48846,1A4050300038CFE000017906,OG Vape Cart,Vape Cart
Consume Cannabis Ionia,AU-R-000485,Ionia,48846,1A4050300038CFE000010304,Orange Soda 1g Disposable,Vape Cart
Consume Cannabis Ionia,AU-R-000485,Ionia,48846,1A4050300038CFE000014658,Orange Soda 1g Disposable,Vape Cart
Consume Cannabis Ionia,AU-R-000485,Ionia,48846,1A4050300038CFE000011647,Pina Colada Disposables,Vape Cart
Consume Cannabis Ionia,AU-R-000485,Ionia,48846,1A4050300038CFE000014659,Red Velvet 1g Vape,Vape Cart
Consume Cannabis Ionia,AU-R-000485,Ionia,48846,1A4050300038CFE000014660,Strawberry Cough 1g Vape,Vape Cart
Consume Cannabis Ionia,AU-R-000485,Ionia,48846,1A4050300038CFE000010981,Watermelon Freeze Disposables,Vape Cart
Consume Cannabis Ionia,AU-R-000485,Ionia,48846,1A4050300038CFE000014086,Watermelon Freeze Disposables,Vape Cart
Consume Cannabis Ionia,AU-R-000485,Ionia,48846,1A4050300038CFE000010294,Watermelon Freeze Vape Cart,Vape Cart
Consume Cannabis Ionia,AU-R-000485,Ionia,48846,1A4050300038CFE000010986,Watermelon Freeze Vape Cart,Vape Cart
Consume Cannabis Ionia,AU-R-000485,Ionia,48846,1A4050300038CFE000013455,Watermelon Freeze Vape Cart,Vape Cart
Consume Cannabis Lapeer,AU-R-000341,Lapeer,48446,1A4050300038CFE000006861,Lemon Pie 5 - .7g Infused Prerolls,Buds
Consume Cannabis Lapeer,AU-R-000341,Lapeer,48446,1A4050300038CFE000021443,Blue Raspberry 1g Infused Preroll,Infused Pre-Rolls
Consume Cannabis Lapeer,AU-R-000341,Lapeer,48446,1A4050300038CFE000021448,OG 1g Infused Preroll,Infused Pre-Rolls
Consume Cannabis Lapeer,AU-R-000341,Lapeer,48446,1A4050300038CFE000021446,Pineapple 1g Infused Preroll,Infused Pre-Rolls
Consume Cannabis Lapeer,AU-R-000341,Lapeer,48446,1A4050300038CFE000021449,Skywalker 1g Infused Preroll,Infused Pre-Rolls
Consume Cannabis Lapeer,AU-R-000341,Lapeer,48446,1A4050300038CFE000002994,Watermelon 1g Infused Preroll,Infused Pre-Rolls
Consume Cannabis Lapeer,AU-R-000341,Lapeer,48446,1A4050300038CFE000021450,Watermelon 1g Infused Preroll,Infused Pre-Rolls
Consume Cannabis Lapeer,AU-R-000341,Lapeer,48446,1A4050300038CFE000008153,Waui 1g Infused Preroll,Infused Pre-Rolls
Consume Cannabis Lapeer,AU-R-000341,Lapeer,48446,1A4050300038CFE000021451,Waui 1g Infused Preroll,Infused Pre-Rolls
Consume Cannabis Lapeer,AU-R-000341,Lapeer,48446,1A4050300038CFE000008134,OG 5 - .7g Infused Prerolls,Shake/Trim
Consume Cannabis Lapeer,AU-R-000341,Lapeer,48446,1A4050300038CFE000003525,Banana Split Vape Cart,Vape Cart
Consume Cannabis Lapeer,AU-R-000341,Lapeer,48446,1A4050300038CFE000005621,Banana Split Vape Cart,Vape Cart
Consume Cannabis Lapeer,AU-R-000341,Lapeer,48446,1A4050300038CFE000012339,Blue Dream 1g Disposable,Vape Cart
Consume Cannabis Lapeer,AU-R-000341,Lapeer,48446,1A4050300038CFE000008050,Blue Dream Vape Cart,Vape Cart
Consume Cannabis Lapeer,AU-R-000341,Lapeer,48446,1A4050300038CFE000008051,Blue Dream Vape Cart,Vape Cart
Consume Cannabis Lapeer,AU-R-000341,Lapeer,48446,1A4050300038CFE000002412,Blue Razz Vape Cart,Vape Cart
Consume Cannabis Lapeer,AU-R-000341,Lapeer,48446,1A4050300038CFE000005628,Blue Razz Vape Cart,Vape Cart
Consume Cannabis Lapeer,AU-R-000341,Lapeer,48446,1A4050300038CFE000008130,Blueberry Pancake 1g vape,Vape Cart
Consume Cannabis Lapeer,AU-R-000341,Lapeer,48446,1A4050300038CFE000002417,Fruity Pebbles Vape Cart,Vape Cart
Consume Cannabis Lapeer,AU-R-000341,Lapeer,48446,1A4050300038CFE000005626,Fruity Pebbles Vape Cart,Vape Cart
Consume Cannabis Lapeer,AU-R-000341,Lapeer,48446,1A4050300038CFE000008107,Jungle Juice Vape Cart,Vape Cart
Consume Cannabis Lapeer,AU-R-000341,Lapeer,48446,1A4050300038CFE000012340,Orange Soda 1g Disposable,Vape Cart
Consume Cannabis Lapeer,AU-R-000341,Lapeer,48446,1A4050300038CFE000002420,Peaches and Cream Vape Cart,Vape Cart
Consume Cannabis Lapeer,AU-R-000341,Lapeer,48446,1A4050300038CFE000003519,Peaches and Cream Vape Cart,Vape Cart
Consume Cannabis Lapeer,AU-R-000341,Lapeer,48446,1A4050300038CFE000012663,Strawberry Shortcake Vape Cart,Vape Cart
Consume Cannabis Lapeer,AU-R-000341,Lapeer,48446,1A4050300038CFE000003523,Watermelon Freeze Disposables,Vape Cart
Consume Cannabis Lapeer,AU-R-000341,Lapeer,48446,1A4050300038CFE000005624,Watermelon Freeze Disposables,Vape Cart
Consume Cannabis Lapeer,AU-R-000341,Lapeer,48446,1A4050300038CFE000008150,Watermelon Freeze Vape Cart,Vape Cart
Consume Cannabis Quincy,AU-R-000249,Quincy,49082,1A4050300038CFE000018952,Blue Raspberry 1g Infused Preroll,Infused Pre-Rolls
Consume Cannabis Quincy,AU-R-000249,Quincy,49082,1A4050300038CFE000010682,OG 1g Infused Preroll,Infused Pre-Rolls
Consume Cannabis Quincy,AU-R-000249,Quincy,49082,1A4050300038CFE000010690,OG 1g Infused Preroll,Infused Pre-Rolls
Consume Cannabis Quincy,AU-R-000249,Quincy,49082,1A4050300038CFE000013035,OG 1g Infused Preroll,Infused Pre-Rolls
Consume Cannabis Quincy,AU-R-000249,Quincy,49082,1A4050300038CFE000016981,OG 1g Infused Preroll,Infused Pre-Rolls
Consume Cannabis Quincy,AU-R-000249,Quincy,49082,1A4050300038CFE000018954,OG 1g Infused Preroll,Infused Pre-Rolls
Consume Cannabis Quincy,AU-R-000249,Quincy,49082,1A4050300038CFE000010681,Peach Mango 1g Infused Preroll,Infused Pre-Rolls
Consume Cannabis Quincy,AU-R-000249,Quincy,49082,1A4050300038CFE000013034,Peach Mango 1g Infused Preroll,Infused Pre-Rolls
Consume Cannabis Quincy,AU-R-000249,Quincy,49082,1A4050300038CFE000016980,Peach Mango 1g Infused Preroll,Infused Pre-Rolls
Consume Cannabis Quincy,AU-R-000249,Quincy,49082,1A4050300038CFE000010683,Skywalker 1g Infused Preroll,Infused Pre-Rolls
Consume Cannabis Quincy,AU-R-000249,Quincy,49082,1A4050300038CFE000010688,Skywalker 1g Infused Preroll,Infused Pre-Rolls
Consume Cannabis Quincy,AU-R-000249,Quincy,49082,1A4050300038CFE000013036,Skywalker 1g Infused Preroll,Infused Pre-Rolls
Consume Cannabis Quincy,AU-R-000249,Quincy,49082,1A4050300038CFE000016982,Strawberry 1g Infused Preroll,Infused Pre-Rolls
Consume Cannabis Quincy,AU-R-000249,Quincy,49082,1A4050300038CFE000010684,Waui 1g Infused Preroll,Infused Pre-Rolls
Consume Cannabis Quincy,AU-R-000249,Quincy,49082,1A4050300038CFE000010689,Waui 1g Infused Preroll,Infused Pre-Rolls
Consume Cannabis Quincy,AU-R-000249,Quincy,49082,1A4050300038CFE000013037,Waui 1g Infused Preroll,Infused Pre-Rolls
Consume Cannabis Quincy,AU-R-000249,Quincy,49082,1A4050300038CFE000010660,Blue Dream 1g Disposable,Vape Cart
Consume Cannabis Quincy,AU-R-000249,Quincy,49082,1A4050300038CFE000013940,Blue Dream 1g Disposable,Vape Cart
Consume Cannabis Quincy,AU-R-000249,Quincy,49082,1A4050300038CFE000010653,Blue Dream Vape Cart,Vape Cart
Consume Cannabis Quincy,AU-R-000249,Quincy,49082,1A4050300038CFE000013932,Blue Dream Vape Cart,Vape Cart
Consume Cannabis Quincy,AU-R-000249,Quincy,49082,1A4050300038CFE000016072,Blue Dream Vape Cart,Vape Cart
Consume Cannabis Quincy,AU-R-000249,Quincy,49082,1A4050300038CFE000016085,Blue Dream Vape Cart,Vape Cart
Consume Cannabis Quincy,AU-R-000249,Quincy,49082,1A4050300038CFE000016389,Blue Razz 1g Disposable,Vape Cart
Consume Cannabis Quincy,AU-R-000249,Quincy,49082,1A4050300038CFE000017136,Blue Razz Vape Cart,Vape Cart
Consume Cannabis Quincy,AU-R-000249,Quincy,49082,1A4050300038CFE000017137,Blue Razz Vape Cart,Vape Cart
Consume Cannabis Quincy,AU-R-000249,Quincy,49082,1A4050300038CFE000016235,Blueberry Pancake 1g Disposable,Vape Cart
Consume Cannabis Quincy,AU-R-000249,Quincy,49082,1A4050300038CFE000010652,Blueberry Pancake 1g vape,Vape Cart
Consume Cannabis Quincy,AU-R-000249,Quincy,49082,1A4050300038CFE000013521,Blueberry Pancake 1g vape,Vape Cart
Consume Cannabis Quincy,AU-R-000249,Quincy,49082,1A4050300038CFE000017054,Blueberry Pancake 1g vape,Vape Cart
Consume Cannabis Quincy,AU-R-000249,Quincy,49082,1A4050300038CFE000017055,Blueberry Pancake 1g vape,Vape Cart
Consume Cannabis Quincy,AU-R-000249,Quincy,49082,1A4050300038CFE000017058,Blueberry Pancake 1g vape,Vape Cart
Consume Cannabis Quincy,AU-R-000249,Quincy,49082,1A4050300038CFE000015947,Bubble Gum 1g vape,Vape Cart
Consume Cannabis Quincy,AU-R-000249,Quincy,49082,1A4050300038CFE000015950,Bubble Gum 1g vape,Vape Cart
Consume Cannabis Quincy,AU-R-000249,Quincy,49082,1A4050300038CFE000016815,Cherry Pie 1g Disposable,Vape Cart
Consume Cannabis Quincy,AU-R-000249,Quincy,49082,1A4050300038CFE000010663,Fruity Pebbles 1g Disposable,Vape Cart
Consume Cannabis Quincy,AU-R-000249,Quincy,49082,1A4050300038CFE000013960,Fruity Pebbles 1g Disposable,Vape Cart
Consume Cannabis Quincy,AU-R-000249,Quincy,49082,1A4050300038CFE000017142,Fruity Pebbles 1g Disposable,Vape Cart
Consume Cannabis Quincy,AU-R-000249,Quincy,49082,1A4050300038CFE000010656,Grape Soda 1g Vape,Vape Cart
Consume Cannabis Quincy,AU-R-000249,Quincy,49082,1A4050300038CFE000016802,Grape Soda 1g Vape,Vape Cart
Consume Cannabis Quincy,AU-R-000249,Quincy,49082,1A4050300038CFE000016803,Grape Soda 1g Vape,Vape Cart
Consume Cannabis Quincy,AU-R-000249,Quincy,49082,1A4050300038CFE000017865,Jungle Juice 1g Disposable,Vape Cart
Consume Cannabis Quincy,AU-R-000249,Quincy,49082,1A4050300038CFE000013999,Lemon Cheese Cake Disposable,Vape Cart
Consume Cannabis Quincy,AU-R-000249,Quincy,49082,1A4050300038CFE000010651,Lemon Cheese Cake Vape,Vape Cart
Consume Cannabis Quincy,AU-R-000249,Quincy,49082,1A4050300038CFE000016771,Lemon Drop Vape Cart,Vape Cart
Consume Cannabis Quincy,AU-R-000249,Quincy,49082,1A4050300038CFE000016777,Lemon Drop Vape Cart,Vape Cart
Consume Cannabis Quincy,AU-R-000249,Quincy,49082,1A4050300038CFE000017274,OG Disposables,Vape Cart
Consume Cannabis Quincy,AU-R-000249,Quincy,49082,1A4050300038CFE000010661,Orange Soda 1g Disposable,Vape Cart
Consume Cannabis Quincy,AU-R-000249,Quincy,49082,1A4050300038CFE000016863,Pina Colada Disposables,Vape Cart
Consume Cannabis Quincy,AU-R-000249,Quincy,49082,1A4050300038CFE000016173,Pink Lemonade 1g Vape Cart,Vape Cart
Consume Cannabis Quincy,AU-R-000249,Quincy,49082,1A4050300038CFE000016201,Pink Lemonade 1g Vape Cart,Vape Cart
Consume Cannabis Quincy,AU-R-000249,Quincy,49082,1A4050300038CFE000017104,Red Velvet 1g Vape,Vape Cart
Consume Cannabis Quincy,AU-R-000249,Quincy,49082,1A4050300038CFE000017106,Red Velvet 1g Vape,Vape Cart
Consume Cannabis Quincy,AU-R-000249,Quincy,49082,1A4050300038CFE000016368,Strawberry Shortcake 1g Disposable,Vape Cart
Consume Cannabis Quincy,AU-R-000249,Quincy,49082,1A4050300038CFE000016558,Strawberry Shortcake Vape Cart,Vape Cart
Consume Cannabis Quincy,AU-R-000249,Quincy,49082,1A405030000CB21000004146,Watermelon Freeze Disposables,Vape Cart
Consume Cannabis Quincy,AU-R-000249,Quincy,49082,1A4050300038CFE000010662,Watermelon Freeze Disposables,Vape Cart
Consume Cannabis Quincy,AU-R-000249,Quincy,49082,1A4050300038CFE000010668,Watermelon Freeze Disposables,Vape Cart
Consume Cannabis Quincy,AU-R-000249,Quincy,49082,1A4050300038CFE000018635,Watermelon Freeze Disposables,Vape Cart
Crave Cannabis,AU-R-000656,Monroe,48161,1A4050300038CFE000017159,Blue Raspberry 1g Infused Preroll,Infused Pre-Rolls
Crave Cannabis,AU-R-000656,Monroe,48161,1A4050300038CFE000009834,OG 1g Infused Preroll,Infused Pre-Rolls
Crave Cannabis,AU-R-000656,Monroe,48161,1A4050300038CFE000017161,OG 1g Infused Preroll,Infused Pre-Rolls
Crave Cannabis,AU-R-000656,Monroe,48161,1A4050300038CFE000009829,Peach Mango 1g Infused Preroll,Infused Pre-Rolls
Crave Cannabis,AU-R-000656,Monroe,48161,1A4050300038CFE000002631,Skywalker 1g Infused Preroll,Infused Pre-Rolls
Crave Cannabis,AU-R-000656,Monroe,48161,1A4050300038CFE000009833,Skywalker 1g Infused Preroll,Infused Pre-Rolls
Crave Cannabis,AU-R-000656,Monroe,48161,1A4050300038CFE000009836,Strawberry 1g Infused Preroll,Infused Pre-Rolls
Crave Cannabis,AU-R-000656,Monroe,48161,1A4050300038CFE000002647,Watermelon 1g Infused Preroll,Infused Pre-Rolls
Crave Cannabis,AU-R-000656,Monroe,48161,1A4050300038CFE000009835,Watermelon 1g Infused Preroll,Infused Pre-Rolls
Crave Cannabis,AU-R-000656,Monroe,48161,1A4050300038CFE000002632,Waui 1g Infused Preroll,Infused Pre-Rolls
Crave Cannabis,AU-R-000656,Monroe,48161,1A4050300038CFE000009837,Waui 1g Infused Preroll,Infused Pre-Rolls
Crave Cannabis,AU-R-000656,Monroe,48161,1A4050300038CFE000019127,Apple Burst 1g Vape,Vape Cart
Crave Cannabis,AU-R-000656,Monroe,48161,1A4050300038CFE000020373,Apple Burst 1g Vape,Vape Cart
Crave Cannabis,AU-R-000656,Monroe,48161,1A4050300038CFE000009747,Banana Split 1g Disposable,Vape Cart
Crave Cannabis,AU-R-000656,Monroe,48161,1A4050300038CFE000016037,Banana Split 1g Disposable,Vape Cart
Crave Cannabis,AU-R-000656,Monroe,48161,1A4050300038CFE000015349,Banana Split Box 5 PK Vape Cart,Vape Cart
Crave Cannabis,AU-R-000656,Monroe,48161,1A4050300038CFE000000825,Banana Split Vape Cart,Vape Cart
Crave Cannabis,AU-R-000656,Monroe,48161,1A4050300038CFE000006163,Banana Split Vape Cart,Vape Cart
Crave Cannabis,AU-R-000656,Monroe,48161,1A4050300038CFE000010716,Banana Split Vape Cart,Vape Cart
Crave Cannabis,AU-R-000656,Monroe,48161,1A4050300038CFE000013920,Banana Split Vape Cart,Vape Cart
Crave Cannabis,AU-R-000656,Monroe,48161,1A4050300038CFE000013925,Banana Split Vape Cart,Vape Cart
Crave Cannabis,AU-R-000656,Monroe,48161,1A4050300038CFE000013926,Banana Split Vape Cart,Vape Cart
Crave Cannabis,AU-R-000656,Monroe,48161,1A4050300038CFE000013927,Banana Split Vape Cart,Vape Cart
Crave Cannabis,AU-R-000656,Monroe,48161,1A4050300038CFE000017476,Banana Split Vape Cart,Vape Cart
Crave Cannabis,AU-R-000656,Monroe,48161,1A4050300038CFE000017479,Banana Split Vape Cart,Vape Cart
Crave Cannabis,AU-R-000656,Monroe,48161,1A4050300038CFE000017483,Banana Split Vape Cart,Vape Cart
Crave Cannabis,AU-R-000656,Monroe,48161,1A4050300038CFE000017485,Banana Split Vape Cart,Vape Cart
Crave Cannabis,AU-R-000656,Monroe,48161,1A4050300038CFE000014102,Blue Dream 1g Disposable,Vape Cart
Crave Cannabis,AU-R-000656,Monroe,48161,1A4050300038CFE000015344,Blue Dream Box 5 PK Vape Cart,Vape Cart
Crave Cannabis,AU-R-000656,Monroe,48161,1A4050300038CFE000008044,Blue Dream Vape Cart,Vape Cart
Crave Cannabis,AU-R-000656,Monroe,48161,1A4050300038CFE000008048,Blue Dream Vape Cart,Vape Cart
Crave Cannabis,AU-R-000656,Monroe,48161,1A4050300038CFE000008060,Blue Dream Vape Cart,Vape Cart
Crave Cannabis,AU-R-000656,Monroe,48161,1A4050300038CFE000011149,Blue Dream Vape Cart,Vape Cart
Crave Cannabis,AU-R-000656,Monroe,48161,1A4050300038CFE000011158,Blue Dream Vape Cart,Vape Cart
Crave Cannabis,AU-R-000656,Monroe,48161,1A4050300038CFE000011159,Blue Dream Vape Cart,Vape Cart
Crave Cannabis,AU-R-000656,Monroe,48161,1A4050300038CFE000011166,Blue Dream Vape Cart,Vape Cart
Crave Cannabis,AU-R-000656,Monroe,48161,1A4050300038CFE000013931,Blue Dream Vape Cart,Vape Cart
Crave Cannabis,AU-R-000656,Monroe,48161,1A4050300038CFE000013933,Blue Dream Vape Cart,Vape Cart
Crave Cannabis,AU-R-000656,Monroe,48161,1A4050300038CFE000013934,Blue Dream Vape Cart,Vape Cart
Crave Cannabis,AU-R-000656,Monroe,48161,1A4050300038CFE000013937,Blue Dream Vape Cart,Vape Cart
Crave Cannabis,AU-R-000656,Monroe,48161,1A4050300038CFE000016069,Blue Dream Vape Cart,Vape Cart
Crave Cannabis,AU-R-000656,Monroe,48161,1A4050300038CFE000016071,Blue Dream Vape Cart,Vape Cart
Crave Cannabis,AU-R-000656,Monroe,48161,1A4050300038CFE000016084,Blue Dream Vape Cart,Vape Cart
Crave Cannabis,AU-R-000656,Monroe,48161,1A4050300038CFE000009749,Blue Razz 1g Disposable,Vape Cart
Crave Cannabis,AU-R-000656,Monroe,48161,1A4050300038CFE000017166,Blue Razz Box 5 PK Vape Cart,Vape Cart
Crave Cannabis,AU-R-000656,Monroe,48161,1A4050300038CFE000017633,Blue Razz Box 5 PK Vape Cart,Vape Cart
Crave Cannabis,AU-R-000656,Monroe,48161,1A4050300038CFE000000115,Blue Razz Vape Cart,Vape Cart
Crave Cannabis,AU-R-000656,Monroe,48161,1A4050300038CFE000006164,Blue Razz Vape Cart,Vape Cart
Crave Cannabis,AU-R-000656,Monroe,48161,1A4050300038CFE000018321,Blue Razz Vape Cart,Vape Cart
Crave Cannabis,AU-R-000656,Monroe,48161,1A4050300038CFE000018336,Blue Razz Vape Cart,Vape Cart
Crave Cannabis,AU-R-000656,Monroe,48161,1A4050300038CFE000009759,Blueberry Pancake 1g vape,Vape Cart
Crave Cannabis,AU-R-000656,Monroe,48161,1A4050300038CFE000011357,Blueberry Pancake 1g vape,Vape Cart
Crave Cannabis,AU-R-000656,Monroe,48161,1A4050300038CFE000011358,Blueberry Pancake 1g vape,Vape Cart
Crave Cannabis,AU-R-000656,Monroe,48161,1A4050300038CFE000011364,Blueberry Pancake 1g vape,Vape Cart
Crave Cannabis,AU-R-000656,Monroe,48161,1A4050300038CFE000011373,Blueberry Pancake 1g vape,Vape Cart
Crave Cannabis,AU-R-000656,Monroe,48161,1A4050300038CFE000013506,Blueberry Pancake 1g vape,Vape Cart
Crave Cannabis,AU-R-000656,Monroe,48161,1A4050300038CFE000013525,Blueberry Pancake 1g vape,Vape Cart
Crave Cannabis,AU-R-000656,Monroe,48161,1A4050300038CFE000013535,Blueberry Pancake 1g vape,Vape Cart
Crave Cannabis,AU-R-000656,Monroe,48161,1A4050300038CFE000013536,Blueberry Pancake 1g vape,Vape Cart
Crave Cannabis,AU-R-000656,Monroe,48161,1A4050300038CFE000016033,Blueberry Pancake 1g vape,Vape Cart
Crave Cannabis,AU-R-000656,Monroe,48161,1A4050300038CFE000017061,Blueberry Pancake 1g vape,Vape Cart
Crave Cannabis,AU-R-000656,Monroe,48161,1A4050300038CFE000017062,Blueberry Pancake 1g vape,Vape Cart
Crave Cannabis,AU-R-000656,Monroe,48161,1A4050300038CFE000017063,Blueberry Pancake 1g vape,Vape Cart
Crave Cannabis,AU-R-000656,Monroe,48161,1A4050300038CFE000017666,Blueberry Pancake 1g vape,Vape Cart
Crave Cannabis,AU-R-000656,Monroe,48161,1A4050300038CFE000018146,Blueberry Pancake 1g vape,Vape Cart
Crave Cannabis,AU-R-000656,Monroe,48161,1A4050300038CFE000018147,Blueberry Pancake 1g vape,Vape Cart
Crave Cannabis,AU-R-000656,Monroe,48161,1A4050300038CFE000018148,Blueberry Pancake 1g vape,Vape Cart
Crave Cannabis,AU-R-000656,Monroe,48161,1A4050300038CFE000018149,Blueberry Pancake 1g vape,Vape Cart
Crave Cannabis,AU-R-000656,Monroe,48161,1A4050300038CFE000018151,Blueberry Pancake 1g vape,Vape Cart
Crave Cannabis,AU-R-000656,Monroe,48161,1A4050300038CFE000017167,Blueberry Pancake Box 5 PK Vape Cart,Vape Cart
Crave Cannabis,AU-R-000656,Monroe,48161,1A4050300038CFE000017680,Blueberry Pancake Box 5 PK Vape Cart,Vape Cart
Crave Cannabis,AU-R-000656,Monroe,48161,1A4050300038CFE000015450,Bubble Gum 1g vape,Vape Cart
Crave Cannabis,AU-R-000656,Monroe,48161,1A4050300038CFE000015454,Bubble Gum 1g vape,Vape Cart
Crave Cannabis,AU-R-000656,Monroe,48161,1A4050300038CFE000015456,Bubble Gum 1g vape,Vape Cart
Crave Cannabis,AU-R-000656,Monroe,48161,1A4050300038CFE000015474,Bubble Gum 1g vape,Vape Cart
Crave Cannabis,AU-R-000656,Monroe,48161,1A4050300038CFE000015945,Bubble Gum 1g vape,Vape Cart
Crave Cannabis,AU-R-000656,Monroe,48161,1A4050300038CFE000015956,Bubble Gum 1g vape,Vape Cart
Crave Cannabis,AU-R-000656,Monroe,48161,1A4050300038CFE000015967,Bubble Gum 1g vape,Vape Cart
Crave Cannabis,AU-R-000656,Monroe,48161,1A4050300038CFE000019125,Bubble Gum 1g vape,Vape Cart
Crave Cannabis,AU-R-000656,Monroe,48161,1A4050300038CFE000017165,Bubble Gum Box 5 PK Vape Cart,Vape Cart
Crave Cannabis,AU-R-000656,Monroe,48161,1A4050300038CFE000017636,Bubble Gum Box 5 PK Vape Cart,Vape Cart
Crave Cannabis,AU-R-000656,Monroe,48161,1A4050300038CFE000015881,Cereal Milk 1g Vape,Vape Cart
Crave Cannabis,AU-R-000656,Monroe,48161,1A4050300038CFE000015882,Cereal Milk 1g Vape,Vape Cart
Crave Cannabis,AU-R-000656,Monroe,48161,1A4050300038CFE000015886,Cereal Milk 1g Vape,Vape Cart
Crave Cannabis,AU-R-000656,Monroe,48161,1A4050300038CFE000015907,Cereal Milk 1g Vape,Vape Cart
Crave Cannabis,AU-R-000656,Monroe,48161,1A4050300038CFE000015908,Cereal Milk 1g Vape,Vape Cart
Crave Cannabis,AU-R-000656,Monroe,48161,1A4050300038CFE000015909,Cereal Milk 1g Vape,Vape Cart
Crave Cannabis,AU-R-000656,Monroe,48161,1A4050300038CFE000015910,Cereal Milk 1g Vape,Vape Cart
Crave Cannabis,AU-R-000656,Monroe,48161,1A4050300038CFE000017667,Cereal Milk 1g Vape,Vape Cart
Crave Cannabis,AU-R-000656,Monroe,48161,1A4050300038CFE000016822,Cherry Pie 1g Disposable,Vape Cart
Crave Cannabis,AU-R-000656,Monroe,48161,1A4050300038CFE000016838,Cherry Pie 1g Disposable,Vape Cart
Crave Cannabis,AU-R-000656,Monroe,48161,1A4050300038CFE000015309,Cherry Pie Box 5 PK Vape Cart,Vape Cart
Crave Cannabis,AU-R-000656,Monroe,48161,1A4050300038CFE000000113,Cherry Pie Vape Cart,Vape Cart
Crave Cannabis,AU-R-000656,Monroe,48161,1A4050300038CFE000000644,Cherry Pie Vape Cart,Vape Cart
Crave Cannabis,AU-R-000656,Monroe,48161,1A4050300038CFE000014012,Cherry Pie Vape Cart,Vape Cart
Crave Cannabis,AU-R-000656,Monroe,48161,1A4050300038CFE000014018,Cherry Pie Vape Cart,Vape Cart
Crave Cannabis,AU-R-000656,Monroe,48161,1A4050300038CFE000014020,Cherry Pie Vape Cart,Vape Cart
Crave Cannabis,AU-R-000656,Monroe,48161,1A4050300038CFE000014148,Cherry Pie Vape Cart,Vape Cart
Crave Cannabis,AU-R-000656,Monroe,48161,1A4050300038CFE000016034,Cherry Pie Vape Cart,Vape Cart
Crave Cannabis,AU-R-000656,Monroe,48161,1A4050300038CFE000015912,Dirty Shirly 1g Vape,Vape Cart
Crave Cannabis,AU-R-000656,Monroe,48161,1A4050300038CFE000015913,Dirty Shirly 1g Vape,Vape Cart
Crave Cannabis,AU-R-000656,Monroe,48161,1A4050300038CFE000015921,Dirty Shirly 1g Vape,Vape Cart
Crave Cannabis,AU-R-000656,Monroe,48161,1A4050300038CFE000015927,Dirty Shirly 1g Vape,Vape Cart
Crave Cannabis,AU-R-000656,Monroe,48161,1A4050300038CFE000015928,Dirty Shirly 1g Vape,Vape Cart
Crave Cannabis,AU-R-000656,Monroe,48161,1A4050300038CFE000015932,Dirty Shirly 1g Vape,Vape Cart
Crave Cannabis,AU-R-000656,Monroe,48161,1A4050300038CFE000015936,Dirty Shirly 1g Vape,Vape Cart
Crave Cannabis,AU-R-000656,Monroe,48161,1A4050300038CFE000015939,Dirty Shirly 1g Vape,Vape Cart
Crave Cannabis,AU-R-000656,Monroe,48161,1A4050300038CFE000017672,Dirty Shirly 1g Vape,Vape Cart
Crave Cannabis,AU-R-000656,Monroe,48161,1A4050300038CFE000013963,Fruity Pebbles 1g Disposable,Vape Cart
Crave Cannabis,AU-R-000656,Monroe,48161,1A4050300038CFE000016036,Fruity Pebbles 1g Disposable,Vape Cart
Crave Cannabis,AU-R-000656,Monroe,48161,1A4050300038CFE000017683,Fruity Pebbles Box 5 PK Vape Cart,Vape Cart
Crave Cannabis,AU-R-000656,Monroe,48161,1A4050300038CFE000000114,Fruity Pebbles Vape Cart,Vape Cart
Crave Cannabis,AU-R-000656,Monroe,48161,1A4050300038CFE000000634,Fruity Pebbles Vape Cart,Vape Cart
Crave Cannabis,AU-R-000656,Monroe,48161,1A4050300038CFE000000821,Fruity Pebbles Vape Cart,Vape Cart
Crave Cannabis,AU-R-000656,Monroe,48161,1A4050300038CFE000006162,Fruity Pebbles Vape Cart,Vape Cart
Crave Cannabis,AU-R-000656,Monroe,48161,1A4050300038CFE000013548,Fruity Pebbles Vape Cart,Vape Cart
Crave Cannabis,AU-R-000656,Monroe,48161,1A4050300038CFE000013553,Fruity Pebbles Vape Cart,Vape Cart
Crave Cannabis,AU-R-000656,Monroe,48161,1A4050300038CFE000013563,Fruity Pebbles Vape Cart,Vape Cart
Crave Cannabis,AU-R-000656,Monroe,48161,1A4050300038CFE000013565,Fruity Pebbles Vape Cart,Vape Cart
Crave Cannabis,AU-R-000656,Monroe,48161,1A4050300038CFE000019131,Fruity Pebbles Vape Cart,Vape Cart
Crave Cannabis,AU-R-000656,Monroe,48161,1A4050300038CFE000020376,Fruity Pebbles Vape Cart,Vape Cart
Crave Cannabis,AU-R-000656,Monroe,48161,1A4050300038CFE000011066,Grape Soda 1g Vape,Vape Cart
Crave Cannabis,AU-R-000656,Monroe,48161,1A4050300038CFE000011068,Grape Soda 1g Vape,Vape Cart
Crave Cannabis,AU-R-000656,Monroe,48161,1A4050300038CFE000011070,Grape Soda 1g Vape,Vape Cart
Crave Cannabis,AU-R-000656,Monroe,48161,1A4050300038CFE000011073,Grape Soda 1g Vape,Vape Cart
Crave Cannabis,AU-R-000656,Monroe,48161,1A4050300038CFE000013964,Grape Soda 1g Vape,Vape Cart
Crave Cannabis,AU-R-000656,Monroe,48161,1A4050300038CFE000013966,Grape Soda 1g Vape,Vape Cart
Crave Cannabis,AU-R-000656,Monroe,48161,1A4050300038CFE000013969,Grape Soda 1g Vape,Vape Cart
Crave Cannabis,AU-R-000656,Monroe,48161,1A4050300038CFE000013972,Grape Soda 1g Vape,Vape Cart
Crave Cannabis,AU-R-000656,Monroe,48161,1A4050300038CFE000016796,Grape Soda 1g Vape,Vape Cart
Crave Cannabis,AU-R-000656,Monroe,48161,1A4050300038CFE000016798,Grape Soda 1g Vape,Vape Cart
Crave Cannabis,AU-R-000656,Monroe,48161,1A4050300038CFE000017673,Grape Soda 1g Vape,Vape Cart
Crave Cannabis,AU-R-000656,Monroe,48161,1A4050300038CFE000019816,Grape Soda 1g Vape,Vape Cart
Crave Cannabis,AU-R-000656,Monroe,48161,1A4050300038CFE000017682,Grape Soda Box 5 PK Vape Cart,Vape Cart
Crave Cannabis,AU-R-000656,Monroe,48161,1A4050300038CFE000009748,Jungle Juice 1g Disposable,Vape Cart
Crave Cannabis,AU-R-000656,Monroe,48161,1A4050300038CFE000016030,Jungle Juice 1g Disposable,Vape Cart
Crave Cannabis,AU-R-000656,Monroe,48161,1A4050300038CFE000016031,Jungle Juice 1g Disposable,Vape Cart
Crave Cannabis,AU-R-000656,Monroe,48161,1A4050300038CFE000000111,Jungle Juice Vape Cart,Vape Cart
Crave Cannabis,AU-R-000656,Monroe,48161,1A4050300038CFE000000829,Jungle Juice Vape Cart,Vape Cart
Crave Cannabis,AU-R-000656,Monroe,48161,1A4050300038CFE000007359,Jungle Juice Vape Cart,Vape Cart
Crave Cannabis,AU-R-000656,Monroe,48161,1A4050300038CFE000014396,Jungle Juice Vape Cart,Vape Cart
Crave Cannabis,AU-R-000656,Monroe,48161,1A4050300038CFE000014408,Jungle Juice Vape Cart,Vape Cart
Crave Cannabis,AU-R-000656,Monroe,48161,1A4050300038CFE000015194,Jungle Juice Vape Cart,Vape Cart
Crave Cannabis,AU-R-000656,Monroe,48161,1A4050300038CFE000015195,Jungle Juice Vape Cart,Vape Cart
Crave Cannabis,AU-R-000656,Monroe,48161,1A4050300038CFE000016920,Jungle Juice Vape Cart,Vape Cart
Crave Cannabis,AU-R-000656,Monroe,48161,1A4050300038CFE000016926,Jungle Juice Vape Cart,Vape Cart
Crave Cannabis,AU-R-000656,Monroe,48161,1A4050300038CFE000016927,Jungle Juice Vape Cart,Vape Cart
Crave Cannabis,AU-R-000656,Monroe,48161,1A4050300038CFE000017674,Jungle Juice Vape Cart,Vape Cart
Crave Cannabis,AU-R-000656,Monroe,48161,1A4050300038CFE000018053,Jungle Juice Vape Cart,Vape Cart
Crave Cannabis,AU-R-000656,Monroe,48161,1A4050300038CFE000018060,Jungle Juice Vape Cart,Vape Cart
Crave Cannabis,AU-R-000656,Monroe,48161,1A4050300038CFE000018062,Jungle Juice Vape Cart,Vape Cart
Crave Cannabis,AU-R-000656,Monroe,48161,1A4050300038CFE000018064,Jungle Juice Vape Cart,Vape Cart
Crave Cannabis,AU-R-000656,Monroe,48161,1A4050300038CFE000018068,Jungle Juice Vape Cart,Vape Cart
Crave Cannabis,AU-R-000656,Monroe,48161,1A4050300038CFE000018070,Jungle Juice Vape Cart,Vape Cart
Crave Cannabis,AU-R-000656,Monroe,48161,1A4050300038CFE000010720,Lemon Cheese Cake Vape,Vape Cart
Crave Cannabis,AU-R-000656,Monroe,48161,1A4050300038CFE000014853,Lemon Cheese Cake Vape,Vape Cart
Crave Cannabis,AU-R-000656,Monroe,48161,1A4050300038CFE000015287,Lemon Cheese Cake Vape,Vape Cart
Crave Cannabis,AU-R-000656,Monroe,48161,1A4050300038CFE000015292,Lemon Cheese Cake Vape,Vape Cart
Crave Cannabis,AU-R-000656,Monroe,48161,1A4050300038CFE000015295,Lemon Cheese Cake Vape,Vape Cart
Crave Cannabis,AU-R-000656,Monroe,48161,1A4050300038CFE000000641,Lemon Drop Vape Cart,Vape Cart
Crave Cannabis,AU-R-000656,Monroe,48161,1A4050300038CFE000000824,Lemon Drop Vape Cart,Vape Cart
Crave Cannabis,AU-R-000656,Monroe,48161,1A4050300038CFE000014963,Lemon Drop Vape Cart,Vape Cart
Crave Cannabis,AU-R-000656,Monroe,48161,1A4050300038CFE000014964,Lemon Drop Vape Cart,Vape Cart
Crave Cannabis,AU-R-000656,Monroe,48161,1A4050300038CFE000014965,Lemon Drop Vape Cart,Vape Cart
Crave Cannabis,AU-R-000656,Monroe,48161,1A4050300038CFE000014966,Lemon Drop Vape Cart,Vape Cart
Crave Cannabis,AU-R-000656,Monroe,48161,1A4050300038CFE000016769,Lemon Drop Vape Cart,Vape Cart
Crave Cannabis,AU-R-000656,Monroe,48161,1A4050300038CFE000016786,Lemon Drop Vape Cart,Vape Cart
Crave Cannabis,AU-R-000656,Monroe,48161,1A4050300038CFE000016787,Lemon Drop Vape Cart,Vape Cart
Crave Cannabis,AU-R-000656,Monroe,48161,1A4050300038CFE000018402,Lemon Drop Vape Cart,Vape Cart
Crave Cannabis,AU-R-000656,Monroe,48161,1A4050300038CFE000018403,Lemon Drop Vape Cart,Vape Cart
Crave Cannabis,AU-R-000656,Monroe,48161,1A4050300038CFE000018417,Lemon Drop Vape Cart,Vape Cart
Crave Cannabis,AU-R-000656,Monroe,48161,1A4050300038CFE000018426,Lemon Drop Vape Cart,Vape Cart
Crave Cannabis,AU-R-000656,Monroe,48161,1A4050300038CFE000014492,Lemon Pie Vape Cart,Vape Cart
Crave Cannabis,AU-R-000656,Monroe,48161,1A4050300038CFE000014500,Lemon Pie Vape Cart,Vape Cart
Crave Cannabis,AU-R-000656,Monroe,48161,1A4050300038CFE000014503,Lemon Pie Vape Cart,Vape Cart
Crave Cannabis,AU-R-000656,Monroe,48161,1A4050300038CFE000014633,Lemon Pie Vape Cart,Vape Cart
Crave Cannabis,AU-R-000656,Monroe,48161,1A4050300038CFE000014641,Lemon Pie Vape Cart,Vape Cart
Crave Cannabis,AU-R-000656,Monroe,48161,1A4050300038CFE000015319,OG Box 5 PK Vape Cart,Vape Cart
Crave Cannabis,AU-R-000656,Monroe,48161,1A4050300038CFE000015066,OG Disposables,Vape Cart
Crave Cannabis,AU-R-000656,Monroe,48161,1A4050300038CFE000015068,OG Disposables,Vape Cart
Crave Cannabis,AU-R-000656,Monroe,48161,1A4050300038CFE000017260,OG Disposables,Vape Cart
Crave Cannabis,AU-R-000656,Monroe,48161,1A4050300038CFE000000639,OG Vape Cart,Vape Cart
Crave Cannabis,AU-R-000656,Monroe,48161,1A4050300038CFE000006168,OG Vape Cart,Vape Cart
Crave Cannabis,AU-R-000656,Monroe,48161,1A4050300038CFE000006640,OG Vape Cart,Vape Cart
Crave Cannabis,AU-R-000656,Monroe,48161,1A4050300038CFE000006641,OG Vape Cart,Vape Cart
Crave Cannabis,AU-R-000656,Monroe,48161,1A4050300038CFE000006642,OG Vape Cart,Vape Cart
Crave Cannabis,AU-R-000656,Monroe,48161,1A4050300038CFE000006645,OG Vape Cart,Vape Cart
Crave Cannabis,AU-R-000656,Monroe,48161,1A4050300038CFE000006649,OG Vape Cart,Vape Cart
Crave Cannabis,AU-R-000656,Monroe,48161,1A4050300038CFE000006650,OG Vape Cart,Vape Cart
Crave Cannabis,AU-R-000656,Monroe,48161,1A4050300038CFE000006651,OG Vape Cart,Vape Cart
Crave Cannabis,AU-R-000656,Monroe,48161,1A4050300038CFE000013799,OG Vape Cart,Vape Cart
Crave Cannabis,AU-R-000656,Monroe,48161,1A4050300038CFE000013802,OG Vape Cart,Vape Cart
Crave Cannabis,AU-R-000656,Monroe,48161,1A4050300038CFE000016937,OG Vape Cart,Vape Cart
Crave Cannabis,AU-R-000656,Monroe,48161,1A4050300038CFE000016938,OG Vape Cart,Vape Cart
Crave Cannabis,AU-R-000656,Monroe,48161,1A4050300038CFE000016939,OG Vape Cart,Vape Cart
Crave Cannabis,AU-R-000656,Monroe,48161,1A4050300038CFE000016940,OG Vape Cart,Vape Cart
Crave Cannabis,AU-R-000656,Monroe,48161,1A4050300038CFE000017668,OG Vape Cart,Vape Cart
Crave Cannabis,AU-R-000656,Monroe,48161,1A4050300038CFE000009746,Orange Soda 1g Disposable,Vape Cart
Crave Cannabis,AU-R-000656,Monroe,48161,1A4050300038CFE000011943,Orange Soda Vape Cart,Vape Cart
Crave Cannabis,AU-R-000656,Monroe,48161,1A4050300038CFE000013603,Orange Soda Vape Cart,Vape Cart
Crave Cannabis,AU-R-000656,Monroe,48161,1A4050300038CFE000013606,Orange Soda Vape Cart,Vape Cart
Crave Cannabis,AU-R-000656,Monroe,48161,1A4050300038CFE000016899,Orange Soda Vape Cart,Vape Cart
Crave Cannabis,AU-R-000656,Monroe,48161,1A4050300038CFE000016901,Orange Soda Vape Cart,Vape Cart
Crave Cannabis,AU-R-000656,Monroe,48161,1A4050300038CFE000016902,Orange Soda Vape Cart,Vape Cart
Crave Cannabis,AU-R-000656,Monroe,48161,1A4050300038CFE000000117,Peaches and Cream Vape Cart,Vape Cart
Crave Cannabis,AU-R-000656,Monroe,48161,1A4050300038CFE000006159,Peaches and Cream Vape Cart,Vape Cart
Crave Cannabis,AU-R-000656,Monroe,48161,1A4050300038CFE000006790,Peaches and Cream Vape Cart,Vape Cart
Crave Cannabis,AU-R-000656,Monroe,48161,1A4050300038CFE000006792,Peaches and Cream Vape Cart,Vape Cart
Crave Cannabis,AU-R-000656,Monroe,48161,1A4050300038CFE000006793,Peaches and Cream Vape Cart,Vape Cart
Crave Cannabis,AU-R-000656,Monroe,48161,1A4050300038CFE000006794,Peaches and Cream Vape Cart,Vape Cart
Crave Cannabis,AU-R-000656,Monroe,48161,1A4050300038CFE000006797,Peaches and Cream Vape Cart,Vape Cart
Crave Cannabis,AU-R-000656,Monroe,48161,1A4050300038CFE000006799,Peaches and Cream Vape Cart,Vape Cart
Crave Cannabis,AU-R-000656,Monroe,48161,1A4050300038CFE000006800,Peaches and Cream Vape Cart,Vape Cart
Crave Cannabis,AU-R-000656,Monroe,48161,1A4050300038CFE000011326,Peaches and Cream Vape Cart,Vape Cart
Crave Cannabis,AU-R-000656,Monroe,48161,1A4050300038CFE000011331,Peaches and Cream Vape Cart,Vape Cart
Crave Cannabis,AU-R-000656,Monroe,48161,1A4050300038CFE000011337,Peaches and Cream Vape Cart,Vape Cart
Crave Cannabis,AU-R-000656,Monroe,48161,1A4050300038CFE000011343,Peaches and Cream Vape Cart,Vape Cart
Crave Cannabis,AU-R-000656,Monroe,48161,1A4050300038CFE000013992,Peaches and Cream Vape Cart,Vape Cart
Crave Cannabis,AU-R-000656,Monroe,48161,1A4050300038CFE000013994,Peaches and Cream Vape Cart,Vape Cart
Crave Cannabis,AU-R-000656,Monroe,48161,1A4050300038CFE000015521,Peaches and Cream Vape Cart,Vape Cart
Crave Cannabis,AU-R-000656,Monroe,48161,1A4050300038CFE000015523,Peaches and Cream Vape Cart,Vape Cart
Crave Cannabis,AU-R-000656,Monroe,48161,1A4050300038CFE000017681,Pina Colada Box 5 PK Vape Cart,Vape Cart
Crave Cannabis,AU-R-000656,Monroe,48161,1A4050300038CFE000016861,Pina Colada Disposables,Vape Cart
Crave Cannabis,AU-R-000656,Monroe,48161,1A4050300038CFE000016871,Pina Colada Disposables,Vape Cart
Crave Cannabis,AU-R-000656,Monroe,48161,1A4050300038CFE000000116,Pina Colada Vape Cart,Vape Cart
Crave Cannabis,AU-R-000656,Monroe,48161,1A4050300038CFE000000637,Pina Colada Vape Cart,Vape Cart
Crave Cannabis,AU-R-000656,Monroe,48161,1A4050300038CFE000008002,Pina Colada Vape Cart,Vape Cart
Crave Cannabis,AU-R-000656,Monroe,48161,1A4050300038CFE000008016,Pina Colada Vape Cart,Vape Cart
Crave Cannabis,AU-R-000656,Monroe,48161,1A4050300038CFE000015384,Pina Colada Vape Cart,Vape Cart
Crave Cannabis,AU-R-000656,Monroe,48161,1A4050300038CFE000015387,Pina Colada Vape Cart,Vape Cart
Crave Cannabis,AU-R-000656,Monroe,48161,1A4050300038CFE000015389,Pina Colada Vape Cart,Vape Cart
Crave Cannabis,AU-R-000656,Monroe,48161,1A4050300038CFE000015392,Pina Colada Vape Cart,Vape Cart
Crave Cannabis,AU-R-000656,Monroe,48161,1A4050300038CFE000016130,Pineapple Express 1g Vape Cart,Vape Cart
Crave Cannabis,AU-R-000656,Monroe,48161,1A4050300038CFE000016132,Pineapple Express 1g Vape Cart,Vape Cart
Crave Cannabis,AU-R-000656,Monroe,48161,1A4050300038CFE000016140,Pineapple Express 1g Vape Cart,Vape Cart
Crave Cannabis,AU-R-000656,Monroe,48161,1A4050300038CFE000016157,Pineapple Express 1g Vape Cart,Vape Cart
Crave Cannabis,AU-R-000656,Monroe,48161,1A4050300038CFE000016165,Pink Lemonade 1g Vape Cart,Vape Cart
Crave Cannabis,AU-R-000656,Monroe,48161,1A4050300038CFE000016170,Pink Lemonade 1g Vape Cart,Vape Cart
Crave Cannabis,AU-R-000656,Monroe,48161,1A4050300038CFE000016197,Pink Lemonade 1g Vape Cart,Vape Cart
Crave Cannabis,AU-R-000656,Monroe,48161,1A4050300038CFE000017102,Red Velvet 1g Vape,Vape Cart
Crave Cannabis,AU-R-000656,Monroe,48161,1A4050300038CFE000017107,Red Velvet 1g Vape,Vape Cart
Crave Cannabis,AU-R-000656,Monroe,48161,1A4050300038CFE000017110,Red Velvet 1g Vape,Vape Cart
Crave Cannabis,AU-R-000656,Monroe,48161,1A4050300038CFE000017097,Red Velvet Box 5 PK Vape Cart,Vape Cart
Crave Cannabis,AU-R-000656,Monroe,48161,1A4050300038CFE000017099,Red Velvet Box 5 PK Vape Cart,Vape Cart
Crave Cannabis,AU-R-000656,Monroe,48161,1A4050300038CFE000009751,Sour Apple 1g Disposable,Vape Cart
Crave Cannabis,AU-R-000656,Monroe,48161,1A4050300038CFE000000112,Sour Apple Vape Cart,Vape Cart
Crave Cannabis,AU-R-000656,Monroe,48161,1A4050300038CFE000000638,Sour Apple Vape Cart,Vape Cart
Crave Cannabis,AU-R-000656,Monroe,48161,1A4050300038CFE000000820,Sour Apple Vape Cart,Vape Cart
Crave Cannabis,AU-R-000656,Monroe,48161,1A4050300038CFE000006836,Sour Apple Vape Cart,Vape Cart
Crave Cannabis,AU-R-000656,Monroe,48161,1A4050300038CFE000006838,Sour Apple Vape Cart,Vape Cart
Crave Cannabis,AU-R-000656,Monroe,48161,1A4050300038CFE000006842,Sour Apple Vape Cart,Vape Cart
Crave Cannabis,AU-R-000656,Monroe,48161,1A4050300038CFE000006843,Sour Apple Vape Cart,Vape Cart
Crave Cannabis,AU-R-000656,Monroe,48161,1A4050300038CFE000006844,Sour Apple Vape Cart,Vape Cart
Crave Cannabis,AU-R-000656,Monroe,48161,1A4050300038CFE000006845,Sour Apple Vape Cart,Vape Cart
Crave Cannabis,AU-R-000656,Monroe,48161,1A4050300038CFE000006846,Sour Apple Vape Cart,Vape Cart
Crave Cannabis,AU-R-000656,Monroe,48161,1A4050300038CFE000006847,Sour Apple Vape Cart,Vape Cart
Crave Cannabis,AU-R-000656,Monroe,48161,1A4050300038CFE000006848,Sour Apple Vape Cart,Vape Cart
Crave Cannabis,AU-R-000656,Monroe,48161,1A4050300038CFE000006849,Sour Apple Vape Cart,Vape Cart
Crave Cannabis,AU-R-000656,Monroe,48161,1A4050300038CFE000006850,Sour Apple Vape Cart,Vape Cart
Crave Cannabis,AU-R-000656,Monroe,48161,1A4050300038CFE000007355,Sour Apple Vape Cart,Vape Cart
Crave Cannabis,AU-R-000656,Monroe,48161,1A4050300038CFE000010722,Sour Apple Vape Cart,Vape Cart
Crave Cannabis,AU-R-000656,Monroe,48161,1A4050300038CFE000011944,Sour Apple Vape Cart,Vape Cart
Crave Cannabis,AU-R-000656,Monroe,48161,1A4050300038CFE000013984,Sour Apple Vape Cart,Vape Cart
Crave Cannabis,AU-R-000656,Monroe,48161,1A4050300038CFE000014147,Sour Apple Vape Cart,Vape Cart
Crave Cannabis,AU-R-000656,Monroe,48161,1A4050300038CFE000015497,Sour Apple Vape Cart,Vape Cart
Crave Cannabis,AU-R-000656,Monroe,48161,1A4050300038CFE000007422,Strawberry Cough 1g Vape,Vape Cart
Crave Cannabis,AU-R-000656,Monroe,48161,1A4050300038CFE000015341,Strawberry Cough Box 5 PK Vape Cart,Vape Cart
Crave Cannabis,AU-R-000656,Monroe,48161,1A4050300038CFE000014001,Strawberry Shortcake 1g Disposable,Vape Cart
Crave Cannabis,AU-R-000656,Monroe,48161,1A4050300038CFE000016364,Strawberry Shortcake 1g Disposable,Vape Cart
Crave Cannabis,AU-R-000656,Monroe,48161,1A4050300038CFE000007358,Strawberry Shortcake Vape Cart,Vape Cart
Crave Cannabis,AU-R-000656,Monroe,48161,1A4050300038CFE000011945,Strawberry Shortcake Vape Cart,Vape Cart
Crave Cannabis,AU-R-000656,Monroe,48161,1A4050300038CFE000015426,Strawberry Shortcake Vape Cart,Vape Cart
Crave Cannabis,AU-R-000656,Monroe,48161,1A4050300038CFE000015427,Strawberry Shortcake Vape Cart,Vape Cart
Crave Cannabis,AU-R-000656,Monroe,48161,1A4050300038CFE000015431,Strawberry Shortcake Vape Cart,Vape Cart
Crave Cannabis,AU-R-000656,Monroe,48161,1A4050300038CFE000015434,Strawberry Shortcake Vape Cart,Vape Cart
Crave Cannabis,AU-R-000656,Monroe,48161,1A4050300038CFE000017675,Strawberry Shortcake Vape Cart,Vape Cart
Crave Cannabis,AU-R-000656,Monroe,48161,1A4050300038CFE000019130,Strawberry Shortcake Vape Cart,Vape Cart
Crave Cannabis,AU-R-000656,Monroe,48161,1A4050300038CFE000019229,Strawberry Shortcake Vape Cart,Vape Cart
Crave Cannabis,AU-R-000656,Monroe,48161,1A4050300038CFE000019232,Strawberry Shortcake Vape Cart,Vape Cart
Crave Cannabis,AU-R-000656,Monroe,48161,1A4050300038CFE000021090,Strawberry Shortcake Vape Cart,Vape Cart
Crave Cannabis,AU-R-000656,Monroe,48161,1A4050300038CFE000021104,Strawberry Shortcake Vape Cart,Vape Cart
Crave Cannabis,AU-R-000656,Monroe,48161,1A4050300038CFE000021108,Strawberry Shortcake Vape Cart,Vape Cart
Crave Cannabis,AU-R-000656,Monroe,48161,1A4050300038CFE000021111,Strawberry Shortcake Vape Cart,Vape Cart
Crave Cannabis,AU-R-000656,Monroe,48161,1A4050300038CFE000021116,Strawberry Shortcake Vape Cart,Vape Cart
Crave Cannabis,AU-R-000656,Monroe,48161,1A4050300038CFE000021117,Strawberry Shortcake Vape Cart,Vape Cart
Crave Cannabis,AU-R-000656,Monroe,48161,1A4050300038CFE000021118,Strawberry Shortcake Vape Cart,Vape Cart
Crave Cannabis,AU-R-000656,Monroe,48161,1A4050300038CFE000021121,Strawberry Shortcake Vape Cart,Vape Cart
Crave Cannabis,AU-R-000656,Monroe,48161,1A4050300038CFE000021122,Strawberry Shortcake Vape Cart,Vape Cart
Crave Cannabis,AU-R-000656,Monroe,48161,1A4050300038CFE000021123,Strawberry Shortcake Vape Cart,Vape Cart
Crave Cannabis,AU-R-000656,Monroe,48161,1A4050300038CFE000017639,Watermelon Freeze Box 5 PK Vape Cart,Vape Cart
Crave Cannabis,AU-R-000656,Monroe,48161,1A4050300038CFE000006734,Watermelon Freeze Disposables,Vape Cart
Crave Cannabis,AU-R-000656,Monroe,48161,1A4050300038CFE000006735,Watermelon Freeze Disposables,Vape Cart
Crave Cannabis,AU-R-000656,Monroe,48161,1A4050300038CFE000006739,Watermelon Freeze Disposables,Vape Cart
Crave Cannabis,AU-R-000656,Monroe,48161,1A4050300038CFE000006746,Watermelon Freeze Disposables,Vape Cart
Crave Cannabis,AU-R-000656,Monroe,48161,1A4050300038CFE000006748,Watermelon Freeze Disposables,Vape Cart
Crave Cannabis,AU-R-000656,Monroe,48161,1A4050300038CFE000013989,Watermelon Freeze Disposables,Vape Cart
Crave Cannabis,AU-R-000656,Monroe,48161,1A4050300038CFE000016001,Watermelon Freeze Disposables,Vape Cart
Crave Cannabis,AU-R-000656,Monroe,48161,1A4050300038CFE000016002,Watermelon Freeze Disposables,Vape Cart
Crave Cannabis,AU-R-000656,Monroe,48161,1A4050300038CFE000006169,Watermelon Freeze Vape Cart,Vape Cart
Crave Cannabis,AU-R-000656,Monroe,48161,1A4050300038CFE000007356,Watermelon Freeze Vape Cart,Vape Cart
Crave Cannabis,AU-R-000656,Monroe,48161,1A4050300038CFE000007357,Watermelon Freeze Vape Cart,Vape Cart
Crave Cannabis,AU-R-000656,Monroe,48161,1A4050300038CFE000009753,Watermelon Freeze Vape Cart,Vape Cart
Crave Cannabis,AU-R-000656,Monroe,48161,1A4050300038CFE000010712,Watermelon Freeze Vape Cart,Vape Cart
Crave Cannabis,AU-R-000656,Monroe,48161,1A4050300038CFE000011946,Watermelon Freeze Vape Cart,Vape Cart
Crave Cannabis,AU-R-000656,Monroe,48161,1A4050300038CFE000013433,Watermelon Freeze Vape Cart,Vape Cart
Crave Cannabis,AU-R-000656,Monroe,48161,1A4050300038CFE000013440,Watermelon Freeze Vape Cart,Vape Cart
Crave Cannabis,AU-R-000656,Monroe,48161,1A4050300038CFE000013445,Watermelon Freeze Vape Cart,Vape Cart
Crave Cannabis,AU-R-000656,Monroe,48161,1A4050300038CFE000013447,Watermelon Freeze Vape Cart,Vape Cart
Crave Cannabis,AU-R-000656,Monroe,48161,1A4050300038CFE000014925,Watermelon Freeze Vape Cart,Vape Cart
Crave Cannabis,AU-R-000656,Monroe,48161,1A4050300038CFE000014927,Watermelon Freeze Vape Cart,Vape Cart
Crave Cannabis,AU-R-000656,Monroe,48161,1A4050300038CFE000014928,Watermelon Freeze Vape Cart,Vape Cart
Crave Cannabis,AU-R-000656,Monroe,48161,1A4050300038CFE000014929,Watermelon Freeze Vape Cart,Vape Cart
Crave Cannabis,AU-R-000656,Monroe,48161,1A4050300038CFE000018260,Watermelon Freeze Vape Cart,Vape Cart
Crave Cannabis,AU-R-000656,Monroe,48161,1A4050300038CFE000018263,Watermelon Freeze Vape Cart,Vape Cart
Crave Cannabis,AU-R-000656,Monroe,48161,1A4050300038CFE000018270,Watermelon Freeze Vape Cart,Vape Cart
Crave Cannabis,AU-R-000656,Monroe,48161,1A4050300038CFE000018291,Watermelon Freeze Vape Cart,Vape Cart
Crave Cannabis,AU-R-000656,Monroe,48161,1A4050300038CFE000018303,Watermelon Freeze Vape Cart,Vape Cart
Crave Cannabis Ann Arbor,AU-R-001107,Ann Arbor,48108,1A4050300038CFE000014195,OG 1g Infused Preroll,Infused Pre-Rolls
Crave Cannabis Ann Arbor,AU-R-001107,Ann Arbor,48108,1A4050300038CFE000014194,Peach Mango 1g Infused Preroll,Infused Pre-Rolls
Crave Cannabis Ann Arbor,AU-R-001107,Ann Arbor,48108,1A4050300038CFE000014196,Skywalker 1g Infused Preroll,Infused Pre-Rolls
Crave Cannabis Ann Arbor,AU-R-001107,Ann Arbor,48108,1A4050300038CFE000014213,Skywalker 1g Infused Preroll,Infused Pre-Rolls
Crave Cannabis Ann Arbor,AU-R-001107,Ann Arbor,48108,1A4050300038CFE000014197,Strawberry 1g Infused Preroll,Infused Pre-Rolls
Crave Cannabis Ann Arbor,AU-R-001107,Ann Arbor,48108,1A4050300038CFE000014198,Watermelon 1g Infused Preroll,Infused Pre-Rolls
Crave Cannabis Ann Arbor,AU-R-001107,Ann Arbor,48108,1A4050300038CFE000014212,Waui 1g Infused Preroll,Infused Pre-Rolls
Crave Cannabis Ann Arbor,AU-R-001107,Ann Arbor,48108,1A4050300038CFE000013922,Banana Split Vape Cart,Vape Cart
Crave Cannabis Ann Arbor,AU-R-001107,Ann Arbor,48108,1A4050300038CFE000014107,Blue Dream 1g Disposable,Vape Cart
Crave Cannabis Ann Arbor,AU-R-001107,Ann Arbor,48108,1A4050300038CFE000014163,Blue Dream Vape Cart,Vape Cart
Crave Cannabis Ann Arbor,AU-R-001107,Ann Arbor,48108,1A4050300038CFE000013538,Blueberry Pancake 1g vape,Vape Cart
Crave Cannabis Ann Arbor,AU-R-001107,Ann Arbor,48108,1A4050300038CFE000014162,Cherry Pie Vape Cart,Vape Cart
Crave Cannabis Ann Arbor,AU-R-001107,Ann Arbor,48108,1A4050300038CFE000013568,Fruity Pebbles Vape Cart,Vape Cart
Crave Cannabis Ann Arbor,AU-R-001107,Ann Arbor,48108,1A4050300038CFE000011087,Grape Soda 1g Vape,Vape Cart
Crave Cannabis Ann Arbor,AU-R-001107,Ann Arbor,48108,1A4050300038CFE000013813,OG Vape Cart,Vape Cart
Crave Cannabis Ann Arbor,AU-R-001107,Ann Arbor,48108,1A4050300038CFE000014157,Peaches and Cream Vape Cart,Vape Cart
Crave Cannabis Ann Arbor,AU-R-001107,Ann Arbor,48108,1A4050300038CFE000014158,Sour Apple Vape Cart,Vape Cart
Crave Cannabis Ann Arbor,AU-R-001107,Ann Arbor,48108,1A4050300038CFE000014002,Strawberry Shortcake 1g Disposable,Vape Cart
Crave Cannabis Ann Arbor,AU-R-001107,Ann Arbor,48108,1A4050300038CFE000014083,Watermelon Freeze Disposables,Vape Cart
Crave Cannabis Ann Arbor,AU-R-001107,Ann Arbor,48108,1A4050300038CFE000013436,Watermelon Freeze Vape Cart,Vape Cart
Dacut,AU-R-000887,Detroit,48205,1A4050300038CFE000006505,Lemon Pie 5 - .7g Infused Prerolls,Buds
Dacut,AU-R-000887,Detroit,48205,1A4050300038CFE000019017,Blue Raspberry 1g Infused Preroll,Infused Pre-Rolls
Dacut,AU-R-000887,Detroit,48205,1A4050300038CFE000022154,Blue Raspberry 1g Infused Preroll,Infused Pre-Rolls
Dacut,AU-R-000887,Detroit,48205,1A4050300038CFE000002280,Grape 1g Infused Preroll,Infused Pre-Rolls
Dacut,AU-R-000887,Detroit,48205,1A4050300038CFE000003382,OG 1g Infused Preroll,Infused Pre-Rolls
Dacut,AU-R-000887,Detroit,48205,1A4050300038CFE000006533,OG 1g Infused Preroll,Infused Pre-Rolls
Dacut,AU-R-000887,Detroit,48205,1A4050300038CFE000010363,OG 1g Infused Preroll,Infused Pre-Rolls
Dacut,AU-R-000887,Detroit,48205,1A4050300038CFE000012230,OG 1g Infused Preroll,Infused Pre-Rolls
Dacut,AU-R-000887,Detroit,48205,1A4050300038CFE000019020,OG 1g Infused Preroll,Infused Pre-Rolls
Dacut,AU-R-000887,Detroit,48205,1A4050300038CFE000003389,Peach Mango 1g Infused Preroll,Infused Pre-Rolls
Dacut,AU-R-000887,Detroit,48205,1A4050300038CFE000006541,Peach Mango 1g Infused Preroll,Infused Pre-Rolls
Dacut,AU-R-000887,Detroit,48205,1A4050300038CFE000010362,Peach Mango 1g Infused Preroll,Infused Pre-Rolls
Dacut,AU-R-000887,Detroit,48205,1A4050300038CFE000010370,Peach Mango 1g Infused Preroll,Infused Pre-Rolls
Dacut,AU-R-000887,Detroit,48205,1A4050300038CFE000012228,Peach Mango 1g Infused Preroll,Infused Pre-Rolls
Dacut,AU-R-000887,Detroit,48205,1A4050300038CFE000019019,Peach Mango 1g Infused Preroll,Infused Pre-Rolls
Dacut,AU-R-000887,Detroit,48205,1A4050300038CFE000022158,Pineapple 1g Infused Preroll,Infused Pre-Rolls
Dacut,AU-R-000887,Detroit,48205,1A4050300038CFE000002278,Skywalker 1g Infused Preroll,Infused Pre-Rolls
Dacut,AU-R-000887,Detroit,48205,1A4050300038CFE000006531,Skywalker 1g Infused Preroll,Infused Pre-Rolls
Dacut,AU-R-000887,Detroit,48205,1A4050300038CFE000010364,Skywalker 1g Infused Preroll,Infused Pre-Rolls
Dacut,AU-R-000887,Detroit,48205,1A4050300038CFE000010373,Skywalker 1g Infused Preroll,Infused Pre-Rolls
Dacut,AU-R-000887,Detroit,48205,1A4050300038CFE000022160,Skywalker 1g Infused Preroll,Infused Pre-Rolls
Dacut,AU-R-000887,Detroit,48205,1A4050300038CFE000004968,Strawberry 1g Infused Preroll,Infused Pre-Rolls
Dacut,AU-R-000887,Detroit,48205,1A4050300038CFE000010365,Strawberry 1g Infused Preroll,Infused Pre-Rolls
Dacut,AU-R-000887,Detroit,48205,1A4050300038CFE000012231,Strawberry 1g Infused Preroll,Infused Pre-Rolls
Dacut,AU-R-000887,Detroit,48205,1A4050300038CFE000002283,Watermelon 1g Infused Preroll,Infused Pre-Rolls
Dacut,AU-R-000887,Detroit,48205,1A4050300038CFE000006538,Watermelon 1g Infused Preroll,Infused Pre-Rolls
Dacut,AU-R-000887,Detroit,48205,1A4050300038CFE000010366,Watermelon 1g Infused Preroll,Infused Pre-Rolls
Dacut,AU-R-000887,Detroit,48205,1A4050300038CFE000012232,Watermelon 1g Infused Preroll,Infused Pre-Rolls
Dacut,AU-R-000887,Detroit,48205,1A4050300038CFE000019022,Watermelon 1g Infused Preroll,Infused Pre-Rolls
Dacut,AU-R-000887,Detroit,48205,1A4050300038CFE000022244,Watermelon 1g Infused Preroll,Infused Pre-Rolls
Dacut,AU-R-000887,Detroit,48205,1A4050300038CFE000002277,Waui 1g Infused Preroll,Infused Pre-Rolls
Dacut,AU-R-000887,Detroit,48205,1A4050300038CFE000010367,Waui 1g Infused Preroll,Infused Pre-Rolls
Dacut,AU-R-000887,Detroit,48205,1A4050300038CFE000010368,Waui 1g Infused Preroll,Infused Pre-Rolls
Dacut,AU-R-000887,Detroit,48205,1A4050300038CFE000012233,Waui 1g Infused Preroll,Infused Pre-Rolls
Dacut,AU-R-000887,Detroit,48205,1A4050300038CFE000022245,Waui 1g Infused Preroll,Infused Pre-Rolls
Dacut,AU-R-000887,Detroit,48205,1A4050300038CFE000006390,OG 5 - .7g Infused Prerolls,Shake/Trim
Dacut,AU-R-000887,Detroit,48205,1A4050300038CFE000006542,Strawberry Short Cake 5 - .7g Infused Prerolls,Shake/Trim
Dacut,AU-R-000887,Detroit,48205,1A4050300038CFE000009858,Banana Split 1g Disposable,Vape Cart
Dacut,AU-R-000887,Detroit,48205,1A4050300038CFE000006511,Banana Split Vape Cart,Vape Cart
Dacut,AU-R-000887,Detroit,48205,1A4050300038CFE000009851,Banana Split Vape Cart,Vape Cart
Dacut,AU-R-000887,Detroit,48205,1A4050300038CFE000013342,Banana Split Vape Cart,Vape Cart
Dacut,AU-R-000887,Detroit,48205,1A4050300038CFE000013343,Blue Dream Vape Cart,Vape Cart
Dacut,AU-R-000887,Detroit,48205,1A4050300038CFE000009856,Blue Razz 1g Disposable,Vape Cart
Dacut,AU-R-000887,Detroit,48205,1A4050300038CFE000016388,Blue Razz 1g Disposable,Vape Cart
Dacut,AU-R-000887,Detroit,48205,1A4050300038CFE000013344,Cherry Pie Vape Cart,Vape Cart
Dacut,AU-R-000887,Detroit,48205,1A4050300038CFE000017194,Fruity Pebbles 1g Disposable,Vape Cart
Dacut,AU-R-000887,Detroit,48205,1A4050300038CFE000013345,Grape Soda 1g Vape,Vape Cart
Dacut,AU-R-000887,Detroit,48205,1A4050300038CFE000009860,Jungle Juice 1g Disposable,Vape Cart
Dacut,AU-R-000887,Detroit,48205,1A4050300038CFE000013346,Lemon Drop Vape Cart,Vape Cart
Dacut,AU-R-000887,Detroit,48205,1A4050300038CFE000013782,OG Vape Cart,Vape Cart
Dacut,AU-R-000887,Detroit,48205,1A4050300038CFE000013783,OG Vape Cart,Vape Cart
Dacut,AU-R-000887,Detroit,48205,1A4050300038CFE000009855,Orange Soda 1g Disposable,Vape Cart
Dacut,AU-R-000887,Detroit,48205,1A4050300038CFE000013583,Orange Soda Vape Cart,Vape Cart
Dacut,AU-R-000887,Detroit,48205,1A4050300038CFE000013584,Orange Soda Vape Cart,Vape Cart
Dacut,AU-R-000887,Detroit,48205,1A4050300038CFE000008029,Pina Colada Vape Cart,Vape Cart
Dacut,AU-R-000887,Detroit,48205,1A4050300038CFE000009859,Sour Apple 1g Disposable,Vape Cart
Dacut,AU-R-000887,Detroit,48205,1A4050300038CFE000006513,Sour Apple Vape Cart,Vape Cart
Dacut,AU-R-000887,Detroit,48205,1A4050300038CFE000006731,Watermelon Freeze Disposables,Vape Cart
Dacut,AU-R-000887,Detroit,48205,1A4050300038CFE000018634,Watermelon Freeze Disposables,Vape Cart
Dacut,AU-R-000887,Detroit,48205,1A4050300038CFE000006512,Watermelon Freeze Vape Cart,Vape Cart
Dacut,AU-R-000887,Detroit,48205,1A4050300038CFE000009862,Watermelon Freeze Vape Cart,Vape Cart
Dacut,AU-R-000887,Detroit,48205,1A4050300038CFE000013411,Watermelon Freeze Vape Cart,Vape Cart
Dacut,AU-R-000887,Detroit,48205,1A4050300038CFE000013412,Watermelon Freeze Vape Cart,Vape Cart
Daly Dope Inc,AU-R-000804,Three Rivers,49093,1A4050300038CFE000021683,Watermelon 1g Infused Preroll,Infused Pre-Rolls
Dank On Arrival,AU-R-000145,Bay City,48706,1A4050300038CFE000005238,Strawberry 1g Infused Preroll,Infused Pre-Rolls
Dank On Arrival,AU-R-000145,Bay City,48706,1A405030002786E000104944,Watermelon 1g Infused Preroll,Infused Pre-Rolls
Depot Town Cannabis Company,AU-R-000292,Ypsilanti,48198,1A4050300038CFE000001567,Banana Split Vape Cart,Vape Cart
Depot Town Cannabis Company,AU-R-000292,Ypsilanti,48198,1A4050300038CFE000001574,Fruity Pebbles Vape Cart,Vape Cart
Dispo,AU-R-000153,Bay City,48706,1A4050300038CFE000013305,OG 1g Infused Preroll,Infused Pre-Rolls
Dispo,AU-R-000153,Bay City,48706,1A4050300038CFE000013316,Peach Mango 1g Infused Preroll,Infused Pre-Rolls
Dispo,AU-R-000153,Bay City,48706,1A4050300038CFE000013317,Pineapple 1g Infused Preroll,Infused Pre-Rolls
Dispo,AU-R-000153,Bay City,48706,1A4050300038CFE000013261,Skywalker 1g Infused Preroll,Infused Pre-Rolls
Dispo,AU-R-000153,Bay City,48706,1A4050300038CFE000013315,Skywalker 1g Infused Preroll,Infused Pre-Rolls
Dispo,AU-R-000153,Bay City,48706,1A4050300038CFE000013251,Strawberry 1g Infused Preroll,Infused Pre-Rolls
Dispo,AU-R-000153,Bay City,48706,1A4050300038CFE000013260,Strawberry 1g Infused Preroll,Infused Pre-Rolls
Dispo,AU-R-000153,Bay City,48706,1A4050300038CFE000013252,Watermelon 1g Infused Preroll,Infused Pre-Rolls
Dispo,AU-R-000153,Bay City,48706,1A4050300038CFE000013253,Waui 1g Infused Preroll,Infused Pre-Rolls
Dispo,AU-R-000153,Bay City,48706,1A4050300038CFE000013263,Banana Split Vape Cart,Vape Cart
Dispo,AU-R-000153,Bay City,48706,1A4050300038CFE000017474,Banana Split Vape Cart,Vape Cart
Dispo,AU-R-000153,Bay City,48706,1A4050300038CFE000013264,Blue Dream Vape Cart,Vape Cart
Dispo,AU-R-000153,Bay City,48706,1A4050300038CFE000013280,Blue Razz 1g Disposable,Vape Cart
Dispo,AU-R-000153,Bay City,48706,1A4050300038CFE000013265,Blue Razz Vape Cart,Vape Cart
Dispo,AU-R-000153,Bay City,48706,1A4050300038CFE000013266,Blueberry Pancake 1g vape,Vape Cart
Dispo,AU-R-000153,Bay City,48706,1A4050300038CFE000018154,Blueberry Pancake 1g vape,Vape Cart
Dispo,AU-R-000153,Bay City,48706,1A4050300038CFE000016813,Cherry Pie 1g Disposable,Vape Cart
Dispo,AU-R-000153,Bay City,48706,1A4050300038CFE000013268,Cherry Pie Vape Cart,Vape Cart
Dispo,AU-R-000153,Bay City,48706,1A4050300038CFE000013283,Fruity Pebbles 1g Disposable,Vape Cart
Dispo,AU-R-000153,Bay City,48706,1A4050300038CFE000013269,Fruity Pebbles Vape Cart,Vape Cart
Dispo,AU-R-000153,Bay City,48706,1A4050300038CFE000013270,Grape Soda 1g Vape,Vape Cart
Dispo,AU-R-000153,Bay City,48706,1A4050300038CFE000013271,Jungle Juice Vape Cart,Vape Cart
Dispo,AU-R-000153,Bay City,48706,1A4050300038CFE000013273,Lemon Pie Vape Cart,Vape Cart
Dispo,AU-R-000153,Bay City,48706,1A4050300038CFE000019683,OG Vape Cart,Vape Cart
Dispo,AU-R-000153,Bay City,48706,1A4050300038CFE000013589,Orange Soda Vape Cart,Vape Cart
Dispo,AU-R-000153,Bay City,48706,1A4050300038CFE000013275,Peaches and Cream Vape Cart,Vape Cart
Dispo,AU-R-000153,Bay City,48706,1A4050300038CFE000013276,Red Velvet 1g Vape,Vape Cart
Dispo,AU-R-000153,Bay City,48706,1A4050300038CFE000013279,Sour Apple Vape Cart,Vape Cart
Dispo,AU-R-000153,Bay City,48706,1A4050300038CFE000013277,Strawberry Cough 1g Vape,Vape Cart
Dispo,AU-R-000153,Bay City,48706,1A4050300038CFE000013284,Strawberry Shortcake 1g Disposable,Vape Cart
Dispo,AU-R-000153,Bay City,48706,1A4050300038CFE000013278,Strawberry Shortcake Vape Cart,Vape Cart
Dispo,AU-R-000153,Bay City,48706,1A4050300038CFE000013422,Watermelon Freeze Vape Cart,Vape Cart
Dispo,AU-R-000153,Bay City,48706,1A4050300038CFE000018288,Watermelon Freeze Vape Cart,Vape Cart
Dispo Romeo,AU-R-000716,Romeo,48065,1A4050300038CFE000016566,Blue Raspberry 1g Infused Preroll,Infused Pre-Rolls
Dispo Romeo,AU-R-000716,Romeo,48065,1A4050300038CFE000012639,OG 1g Infused Preroll,Infused Pre-Rolls
Dispo Romeo,AU-R-000716,Romeo,48065,1A4050300038CFE000016569,OG 1g Infused Preroll,Infused Pre-Rolls
Dispo Romeo,AU-R-000716,Romeo,48065,1A4050300038CFE000012637,Peach Mango 1g Infused Preroll,Infused Pre-Rolls
Dispo Romeo,AU-R-000716,Romeo,48065,1A4050300038CFE000016568,Peach Mango 1g Infused Preroll,Infused Pre-Rolls
Dispo Romeo,AU-R-000716,Romeo,48065,1A4050300038CFE000012638,Pineapple 1g Infused Preroll,Infused Pre-Rolls
Dispo Romeo,AU-R-000716,Romeo,48065,1A4050300038CFE000012654,Pineapple 1g Infused Preroll,Infused Pre-Rolls
Dispo Romeo,AU-R-000716,Romeo,48065,1A4050300038CFE000012640,Skywalker 1g Infused Preroll,Infused Pre-Rolls
Dispo Romeo,AU-R-000716,Romeo,48065,1A4050300038CFE000012655,Skywalker 1g Infused Preroll,Infused Pre-Rolls
Dispo Romeo,AU-R-000716,Romeo,48065,1A4050300038CFE000012641,Strawberry 1g Infused Preroll,Infused Pre-Rolls
Dispo Romeo,AU-R-000716,Romeo,48065,1A4050300038CFE000012653,Strawberry 1g Infused Preroll,Infused Pre-Rolls
Dispo Romeo,AU-R-000716,Romeo,48065,1A4050300038CFE000016571,Strawberry 1g Infused Preroll,Infused Pre-Rolls
Dispo Romeo,AU-R-000716,Romeo,48065,1A4050300038CFE000012642,Watermelon 1g Infused Preroll,Infused Pre-Rolls
Dispo Romeo,AU-R-000716,Romeo,48065,1A4050300038CFE000016572,Watermelon 1g Infused Preroll,Infused Pre-Rolls
Dispo Romeo,AU-R-000716,Romeo,48065,1A4050300038CFE000012643,Waui 1g Infused Preroll,Infused Pre-Rolls
Dispo Romeo,AU-R-000716,Romeo,48065,1A4050300038CFE000012619,Banana Split Vape Cart,Vape Cart
Dispo Romeo,AU-R-000716,Romeo,48065,1A4050300038CFE000012680,Blue Dream 1g Disposable,Vape Cart
Dispo Romeo,AU-R-000716,Romeo,48065,1A4050300038CFE000012444,Blue Dream Vape Cart,Vape Cart
Dispo Romeo,AU-R-000716,Romeo,48065,1A4050300038CFE000016067,Blue Dream Vape Cart,Vape Cart
Dispo Romeo,AU-R-000716,Romeo,48065,1A4050300038CFE000016068,Blue Dream Vape Cart,Vape Cart
Dispo Romeo,AU-R-000716,Romeo,48065,1A4050300038CFE000012456,Blue Razz 1g Disposable,Vape Cart
Dispo Romeo,AU-R-000716,Romeo,48065,1A4050300038CFE000012445,Blue Razz Vape Cart,Vape Cart
Dispo Romeo,AU-R-000716,Romeo,48065,1A4050300038CFE000019432,Blue Razz Vape Cart,Vape Cart
Dispo Romeo,AU-R-000716,Romeo,48065,1A4050300038CFE000011370,Blueberry Pancake 1g vape,Vape Cart
Dispo Romeo,AU-R-000716,Romeo,48065,1A4050300038CFE000015946,Bubble Gum 1g vape,Vape Cart
Dispo Romeo,AU-R-000716,Romeo,48065,1A4050300038CFE000015948,Bubble Gum 1g vape,Vape Cart
Dispo Romeo,AU-R-000716,Romeo,48065,1A4050300038CFE000016711,Bubble Gum Box 5 PK Vape Cart,Vape Cart
Dispo Romeo,AU-R-000716,Romeo,48065,1A4050300038CFE000015899,Cereal Milk 1g Vape,Vape Cart
Dispo Romeo,AU-R-000716,Romeo,48065,1A4050300038CFE000015900,Cereal Milk 1g Vape,Vape Cart
Dispo Romeo,AU-R-000716,Romeo,48065,1A4050300038CFE000019435,Cherry Pie Vape Cart,Vape Cart
Dispo Romeo,AU-R-000716,Romeo,48065,1A4050300038CFE000015923,Dirty Shirly 1g Vape,Vape Cart
Dispo Romeo,AU-R-000716,Romeo,48065,1A4050300038CFE000015924,Dirty Shirly 1g Vape,Vape Cart
Dispo Romeo,AU-R-000716,Romeo,48065,1A4050300038CFE000012455,Fruity Pebbles 1g Disposable,Vape Cart
Dispo Romeo,AU-R-000716,Romeo,48065,1A4050300038CFE000016712,Fruity Pebbles Box 5 PK Vape Cart,Vape Cart
Dispo Romeo,AU-R-000716,Romeo,48065,1A4050300038CFE000012688,Fruity Pebbles Vape Cart,Vape Cart
Dispo Romeo,AU-R-000716,Romeo,48065,1A4050300038CFE000016413,Fruity Pebbles Vape Cart,Vape Cart
Dispo Romeo,AU-R-000716,Romeo,48065,1A4050300038CFE000016414,Fruity Pebbles Vape Cart,Vape Cart
Dispo Romeo,AU-R-000716,Romeo,48065,1A4050300038CFE000019441,Fruity Pebbles Vape Cart,Vape Cart
Dispo Romeo,AU-R-000716,Romeo,48065,1A4050300038CFE000011094,Grape Soda 1g Vape,Vape Cart
Dispo Romeo,AU-R-000716,Romeo,48065,1A4050300038CFE000012686,Grape Soda 1g Vape,Vape Cart
Dispo Romeo,AU-R-000716,Romeo,48065,1A4050300038CFE000016705,Grape Soda 1g Vape,Vape Cart
Dispo Romeo,AU-R-000716,Romeo,48065,1A4050300038CFE000019241,Grape Soda 1g Vape,Vape Cart
Dispo Romeo,AU-R-000716,Romeo,48065,1A4050300038CFE000019244,Grape Soda 1g Vape,Vape Cart
Dispo Romeo,AU-R-000716,Romeo,48065,1A4050300038CFE000016713,Jungle Juice Box 5 PK Vape Cart,Vape Cart
Dispo Romeo,AU-R-000716,Romeo,48065,1A4050300038CFE000012447,Jungle Juice Vape Cart,Vape Cart
Dispo Romeo,AU-R-000716,Romeo,48065,1A4050300038CFE000016706,Jungle Juice Vape Cart,Vape Cart
Dispo Romeo,AU-R-000716,Romeo,48065,1A4050300038CFE000012656,Lemon Drop Vape Cart,Vape Cart
Dispo Romeo,AU-R-000716,Romeo,48065,1A4050300038CFE000014954,Lemon Drop Vape Cart,Vape Cart
Dispo Romeo,AU-R-000716,Romeo,48065,1A4050300038CFE000014991,Lemon Drop Vape Cart,Vape Cart
Dispo Romeo,AU-R-000716,Romeo,48065,1A4050300038CFE000018422,Lemon Drop Vape Cart,Vape Cart
Dispo Romeo,AU-R-000716,Romeo,48065,1A4050300038CFE000018435,Lemon Drop Vape Cart,Vape Cart
Dispo Romeo,AU-R-000716,Romeo,48065,1A4050300038CFE000017252,OG Disposables,Vape Cart
Dispo Romeo,AU-R-000716,Romeo,48065,1A4050300038CFE000016707,OG Vape Cart,Vape Cart
Dispo Romeo,AU-R-000716,Romeo,48065,1A4050300038CFE000012443,Orange Soda Vape Cart,Vape Cart
Dispo Romeo,AU-R-000716,Romeo,48065,1A4050300038CFE000016708,Orange Soda Vape Cart,Vape Cart
Dispo Romeo,AU-R-000716,Romeo,48065,1A4050300038CFE000011379,Peaches and Cream Vape Cart,Vape Cart
Dispo Romeo,AU-R-000716,Romeo,48065,1A4050300038CFE000012684,Peaches and Cream Vape Cart,Vape Cart
Dispo Romeo,AU-R-000716,Romeo,48065,1A4050300038CFE000015363,Peaches and Cream Vape Cart,Vape Cart
Dispo Romeo,AU-R-000716,Romeo,48065,1A4050300038CFE000015370,Peaches and Cream Vape Cart,Vape Cart
Dispo Romeo,AU-R-000716,Romeo,48065,1A4050300038CFE000011654,Pina Colada Disposables,Vape Cart
Dispo Romeo,AU-R-000716,Romeo,48065,1A4050300038CFE000016709,Pina Colada Vape Cart,Vape Cart
Dispo Romeo,AU-R-000716,Romeo,48065,1A4050300038CFE000016145,Pineapple Express 1g Vape Cart,Vape Cart
Dispo Romeo,AU-R-000716,Romeo,48065,1A4050300038CFE000016150,Pineapple Express 1g Vape Cart,Vape Cart
Dispo Romeo,AU-R-000716,Romeo,48065,1A4050300038CFE000016202,Pink Lemonade 1g Vape Cart,Vape Cart
Dispo Romeo,AU-R-000716,Romeo,48065,1A4050300038CFE000016203,Pink Lemonade 1g Vape Cart,Vape Cart
Dispo Romeo,AU-R-000716,Romeo,48065,1A4050300038CFE000012441,Red Velvet 1g Vape,Vape Cart
Dispo Romeo,AU-R-000716,Romeo,48065,1A4050300038CFE000016710,Red Velvet 1g Vape,Vape Cart
Dispo Romeo,AU-R-000716,Romeo,48065,1A4050300038CFE000012439,Sour Apple Vape Cart,Vape Cart
Dispo Romeo,AU-R-000716,Romeo,48065,1A4050300038CFE000012685,Sour Apple Vape Cart,Vape Cart
Dispo Romeo,AU-R-000716,Romeo,48065,1A4050300038CFE000012448,Strawberry Cough 1g Vape,Vape Cart
Dispo Romeo,AU-R-000716,Romeo,48065,1A4050300038CFE000012457,Strawberry Shortcake 1g Disposable,Vape Cart
Dispo Romeo,AU-R-000716,Romeo,48065,1A4050300038CFE000012670,Strawberry Shortcake 1g Disposable,Vape Cart
Dispo Romeo,AU-R-000716,Romeo,48065,1A4050300038CFE000016546,Strawberry Shortcake Vape Cart,Vape Cart
Dispo Romeo,AU-R-000716,Romeo,48065,1A4050300038CFE000016548,Strawberry Shortcake Vape Cart,Vape Cart
Dispo Romeo,AU-R-000716,Romeo,48065,1A4050300038CFE000012618,Watermelon Freeze Disposables,Vape Cart
Dispo Romeo,AU-R-000716,Romeo,48065,1A4050300038CFE000012682,Watermelon Freeze Disposables,Vape Cart
Dispo Romeo,AU-R-000716,Romeo,48065,1A4050300038CFE000019438,Watermelon Freeze Vape Cart,Vape Cart
Dreams Canna,AU-R-001010,Southfield,48034,1A4050300038CFE000006394,Jungle Juice 5 - .7g Infused Prerolls,Buds
Dreams Canna,AU-R-001010,Southfield,48034,1A4050300038CFE000009678,OG 1g Infused Preroll,Infused Pre-Rolls
Dreams Canna,AU-R-001010,Southfield,48034,1A4050300038CFE000011932,OG 1g Infused Preroll,Infused Pre-Rolls
Dreams Canna,AU-R-001010,Southfield,48034,1A4050300038CFE000006397,Peach Mango 1g Infused Preroll,Infused Pre-Rolls
Dreams Canna,AU-R-001010,Southfield,48034,1A4050300038CFE000009679,Peach Mango 1g Infused Preroll,Infused Pre-Rolls
Dreams Canna,AU-R-001010,Southfield,48034,1A4050300038CFE000011930,Peach Mango 1g Infused Preroll,Infused Pre-Rolls
Dreams Canna,AU-R-001010,Southfield,48034,1A4050300038CFE000006396,Skywalker 1g Infused Preroll,Infused Pre-Rolls
Dreams Canna,AU-R-001010,Southfield,48034,1A4050300038CFE000009685,Skywalker 1g Infused Preroll,Infused Pre-Rolls
Dreams Canna,AU-R-001010,Southfield,48034,1A4050300038CFE000004827,Strawberry 1g Infused Preroll,Infused Pre-Rolls
Dreams Canna,AU-R-001010,Southfield,48034,1A4050300038CFE000009684,Strawberry 1g Infused Preroll,Infused Pre-Rolls
Dreams Canna,AU-R-001010,Southfield,48034,1A4050300038CFE000011933,Strawberry 1g Infused Preroll,Infused Pre-Rolls
Dreams Canna,AU-R-001010,Southfield,48034,1A4050300038CFE000009683,Watermelon 1g Infused Preroll,Infused Pre-Rolls
Dreams Canna,AU-R-001010,Southfield,48034,1A4050300038CFE000011934,Watermelon 1g Infused Preroll,Infused Pre-Rolls
Dreams Canna,AU-R-001010,Southfield,48034,1A4050300038CFE000009676,Waui 1g Infused Preroll,Infused Pre-Rolls
Dreams Canna,AU-R-001010,Southfield,48034,1A4050300038CFE000011935,Waui 1g Infused Preroll,Infused Pre-Rolls
Dreams Canna,AU-R-001010,Southfield,48034,1A4050300038CFE000019104,Banana Split Box 5 PK Vape Cart,Vape Cart
Dreams Canna,AU-R-001010,Southfield,48034,1A4050300038CFE000005476,Banana Split Vape Cart,Vape Cart
Dreams Canna,AU-R-001010,Southfield,48034,1A4050300038CFE000009674,Banana Split Vape Cart,Vape Cart
Dreams Canna,AU-R-001010,Southfield,48034,1A4050300038CFE000017489,Banana Split Vape Cart,Vape Cart
Dreams Canna,AU-R-001010,Southfield,48034,1A4050300038CFE000011883,Blue Dream 1g Disposable,Vape Cart
Dreams Canna,AU-R-001010,Southfield,48034,1A4050300038CFE000019105,Blue Dream Box 5 PK Vape Cart,Vape Cart
Dreams Canna,AU-R-001010,Southfield,48034,1A4050300038CFE000009664,Blue Razz 1g Disposable,Vape Cart
Dreams Canna,AU-R-001010,Southfield,48034,1A4050300038CFE000016410,Blue Razz 1g Disposable,Vape Cart
Dreams Canna,AU-R-001010,Southfield,48034,1A4050300038CFE000019106,Blue Razz Box 5 PK Vape Cart,Vape Cart
Dreams Canna,AU-R-001010,Southfield,48034,1A4050300038CFE000005466,Blue Razz Vape Cart,Vape Cart
Dreams Canna,AU-R-001010,Southfield,48034,1A4050300038CFE000018346,Blue Razz Vape Cart,Vape Cart
Dreams Canna,AU-R-001010,Southfield,48034,1A4050300038CFE000011361,Blueberry Pancake 1g vape,Vape Cart
Dreams Canna,AU-R-001010,Southfield,48034,1A4050300038CFE000018135,Blueberry Pancake 1g vape,Vape Cart
Dreams Canna,AU-R-001010,Southfield,48034,1A4050300038CFE000019093,Bubble Gum 1g vape,Vape Cart
Dreams Canna,AU-R-001010,Southfield,48034,1A4050300038CFE000018545,Bubble Gum Box 5 PK Vape Cart,Vape Cart
Dreams Canna,AU-R-001010,Southfield,48034,1A4050300038CFE000016814,Cherry Pie 1g Disposable,Vape Cart
Dreams Canna,AU-R-001010,Southfield,48034,1A4050300038CFE000007719,Cherry Pie Vape Cart,Vape Cart
Dreams Canna,AU-R-001010,Southfield,48034,1A4050300038CFE000019094,Cherry Pie Vape Cart,Vape Cart
Dreams Canna,AU-R-001010,Southfield,48034,1A4050300038CFE000011880,Fruity Pebbles 1g Disposable,Vape Cart
Dreams Canna,AU-R-001010,Southfield,48034,1A4050300038CFE000005469,Fruity Pebbles Vape Cart,Vape Cart
Dreams Canna,AU-R-001010,Southfield,48034,1A4050300038CFE000017961,Fruity Pebbles Vape Cart,Vape Cart
Dreams Canna,AU-R-001010,Southfield,48034,1A4050300038CFE000011069,Grape Soda 1g Vape,Vape Cart
Dreams Canna,AU-R-001010,Southfield,48034,1A4050300038CFE000019095,Grape Soda 1g Vape,Vape Cart
Dreams Canna,AU-R-001010,Southfield,48034,1A4050300038CFE000009672,Jungle Juice 1g Disposable,Vape Cart
Dreams Canna,AU-R-001010,Southfield,48034,1A4050300038CFE000007720,Jungle Juice Vape Cart,Vape Cart
Dreams Canna,AU-R-001010,Southfield,48034,1A4050300038CFE000018055,Jungle Juice Vape Cart,Vape Cart
Dreams Canna,AU-R-001010,Southfield,48034,1A4050300038CFE000011881,Lemon Cheese Cake Disposable,Vape Cart
Dreams Canna,AU-R-001010,Southfield,48034,1A4050300038CFE000011882,Lemon Cheese Cake Vape,Vape Cart
Dreams Canna,AU-R-001010,Southfield,48034,1A4050300038CFE000019096,Lemon Cheese Cake Vape,Vape Cart
Dreams Canna,AU-R-001010,Southfield,48034,1A4050300038CFE000018433,Lemon Drop Vape Cart,Vape Cart
Dreams Canna,AU-R-001010,Southfield,48034,1A4050300038CFE000005482,OG Vape Cart,Vape Cart
Dreams Canna,AU-R-001010,Southfield,48034,1A4050300038CFE000005468,Peaches and Cream Vape Cart,Vape Cart
Dreams Canna,AU-R-001010,Southfield,48034,1A4050300038CFE000011639,Pina Colada Disposables,Vape Cart
Dreams Canna,AU-R-001010,Southfield,48034,1A4050300038CFE000018091,Pineapple Express 1g Vape Cart,Vape Cart
Dreams Canna,AU-R-001010,Southfield,48034,1A4050300038CFE000019099,Sour Apple Vape Cart,Vape Cart
Dreams Canna,AU-R-001010,Southfield,48034,1A4050300038CFE000007716,Strawberry Cough 1g Vape,Vape Cart
Dreams Canna,AU-R-001010,Southfield,48034,1A4050300038CFE000019100,Strawberry Cough 1g Vape,Vape Cart
Dreams Canna,AU-R-001010,Southfield,48034,1A4050300038CFE000018553,Strawberry Cough Box 5 PK Vape Cart,Vape Cart
Dreams Canna,AU-R-001010,Southfield,48034,1A4050300038CFE000007717,Strawberry Shortcake Vape Cart,Vape Cart
Dreams Canna,AU-R-001010,Southfield,48034,1A4050300038CFE000011884,Strawberry Shortcake Vape Cart,Vape Cart
Dreams Canna,AU-R-001010,Southfield,48034,1A4050300038CFE000019101,Strawberry Shortcake Vape Cart,Vape Cart
Dreams Canna,AU-R-001010,Southfield,48034,1A4050300038CFE000005470,Watermelon Freeze Disposables,Vape Cart
Dreams Canna,AU-R-001010,Southfield,48034,1A4050300038CFE000006392,Watermelon Freeze Disposables,Vape Cart
Dreams Canna,AU-R-001010,Southfield,48034,1A4050300038CFE000006733,Watermelon Freeze Disposables,Vape Cart
Dreams Canna,AU-R-001010,Southfield,48034,1A4050300038CFE000006745,Watermelon Freeze Disposables,Vape Cart
Dreams Canna,AU-R-001010,Southfield,48034,1A4050300038CFE000006393,Watermelon Freeze Vape Cart,Vape Cart
Dreams Canna,AU-R-001010,Southfield,48034,1A4050300038CFE000009668,Watermelon Freeze Vape Cart,Vape Cart
Dreams Canna,AU-R-001010,Southfield,48034,1A4050300038CFE000018259,Watermelon Freeze Vape Cart,Vape Cart
Elite Cannabis,AU-R-000551,Bay City,48706,1A4050300038CFE000006038,OG 1g Infused Preroll,Infused Pre-Rolls
Elite Cannabis,AU-R-000551,Bay City,48706,1A4050300038CFE000012330,OG 1g Infused Preroll,Infused Pre-Rolls
Elite Cannabis,AU-R-000551,Bay City,48706,1A4050300038CFE000012329,Strawberry 1g Infused Preroll,Infused Pre-Rolls
Elite Cannabis,AU-R-000551,Bay City,48706,1A4050300038CFE000002983,Watermelon 1g Infused Preroll,Infused Pre-Rolls
Elite Cannabis,AU-R-000551,Bay City,48706,1A4050300038CFE000012335,Waui 1g Infused Preroll,Infused Pre-Rolls
Elite Cannabis,AU-R-000551,Bay City,48706,1A4050300038CFE000015594,Banana Split 1g Disposable,Vape Cart
Elite Cannabis,AU-R-000551,Bay City,48706,1A4050300038CFE000015649,Banana Split Vape Cart,Vape Cart
Elite Cannabis,AU-R-000551,Bay City,48706,1A4050300038CFE000015650,Banana Split Vape Cart,Vape Cart
Elite Cannabis,AU-R-000551,Bay City,48706,1A4050300038CFE000011141,Blue Dream Vape Cart,Vape Cart
Elite Cannabis,AU-R-000551,Bay City,48706,1A4050300038CFE000015166,Blue Dream Vape Cart,Vape Cart
Elite Cannabis,AU-R-000551,Bay City,48706,1A4050300038CFE000015618,Blue Dream Vape Cart,Vape Cart
Elite Cannabis,AU-R-000551,Bay City,48706,1A4050300038CFE000015647,Blue Dream Vape Cart,Vape Cart
Elite Cannabis,AU-R-000551,Bay City,48706,1A4050300038CFE000015648,Blue Dream Vape Cart,Vape Cart
Elite Cannabis,AU-R-000551,Bay City,48706,1A4050300038CFE000012276,Blue Razz 1g Disposable,Vape Cart
Elite Cannabis,AU-R-000551,Bay City,48706,1A4050300038CFE000015595,Blue Razz 1g Disposable,Vape Cart
Elite Cannabis,AU-R-000551,Bay City,48706,1A4050300038CFE000012266,Blue Razz Vape Cart,Vape Cart
Elite Cannabis,AU-R-000551,Bay City,48706,1A4050300038CFE000012273,Blue Razz Vape Cart,Vape Cart
Elite Cannabis,AU-R-000551,Bay City,48706,1A4050300038CFE000011365,Blueberry Pancake 1g vape,Vape Cart
Elite Cannabis,AU-R-000551,Bay City,48706,1A4050300038CFE000015408,Blueberry Pancake 1g vape,Vape Cart
Elite Cannabis,AU-R-000551,Bay City,48706,1A4050300038CFE000015411,Blueberry Pancake 1g vape,Vape Cart
Elite Cannabis,AU-R-000551,Bay City,48706,1A4050300038CFE000015417,Blueberry Pancake 1g vape,Vape Cart
Elite Cannabis,AU-R-000551,Bay City,48706,1A4050300038CFE000015418,Blueberry Pancake 1g vape,Vape Cart
Elite Cannabis,AU-R-000551,Bay City,48706,1A4050300038CFE000014869,Cherry Pie Vape Cart,Vape Cart
Elite Cannabis,AU-R-000551,Bay City,48706,1A4050300038CFE000014877,Cherry Pie Vape Cart,Vape Cart
Elite Cannabis,AU-R-000551,Bay City,48706,1A4050300038CFE000014878,Cherry Pie Vape Cart,Vape Cart
Elite Cannabis,AU-R-000551,Bay City,48706,1A4050300038CFE000014889,Cherry Pie Vape Cart,Vape Cart
Elite Cannabis,AU-R-000551,Bay City,48706,1A4050300038CFE000015597,Fruity Pebbles 1g Disposable,Vape Cart
Elite Cannabis,AU-R-000551,Bay City,48706,1A4050300038CFE000015008,Fruity Pebbles Vape Cart,Vape Cart
Elite Cannabis,AU-R-000551,Bay City,48706,1A4050300038CFE000015009,Fruity Pebbles Vape Cart,Vape Cart
Elite Cannabis,AU-R-000551,Bay City,48706,1A4050300038CFE000015014,Fruity Pebbles Vape Cart,Vape Cart
Elite Cannabis,AU-R-000551,Bay City,48706,1A4050300038CFE000015029,Fruity Pebbles Vape Cart,Vape Cart
Elite Cannabis,AU-R-000551,Bay City,48706,1A4050300038CFE000011091,Grape Soda 1g Vape,Vape Cart
Elite Cannabis,AU-R-000551,Bay City,48706,1A4050300038CFE000012274,Grape Soda 1g Vape,Vape Cart
Elite Cannabis,AU-R-000551,Bay City,48706,1A4050300038CFE000015042,Grape Soda 1g Vape,Vape Cart
Elite Cannabis,AU-R-000551,Bay City,48706,1A4050300038CFE000015050,Grape Soda 1g Vape,Vape Cart
Elite Cannabis,AU-R-000551,Bay City,48706,1A4050300038CFE000015051,Grape Soda 1g Vape,Vape Cart
Elite Cannabis,AU-R-000551,Bay City,48706,1A4050300038CFE000015055,Grape Soda 1g Vape,Vape Cart
Elite Cannabis,AU-R-000551,Bay City,48706,1A4050300038CFE000012262,Jungle Juice Vape Cart,Vape Cart
Elite Cannabis,AU-R-000551,Bay City,48706,1A4050300038CFE000012275,Jungle Juice Vape Cart,Vape Cart
Elite Cannabis,AU-R-000551,Bay City,48706,1A4050300038CFE000014391,Jungle Juice Vape Cart,Vape Cart
Elite Cannabis,AU-R-000551,Bay City,48706,1A4050300038CFE000014392,Jungle Juice Vape Cart,Vape Cart
Elite Cannabis,AU-R-000551,Bay City,48706,1A4050300038CFE000014393,Jungle Juice Vape Cart,Vape Cart
Elite Cannabis,AU-R-000551,Bay City,48706,1A4050300038CFE000015196,Jungle Juice Vape Cart,Vape Cart
Elite Cannabis,AU-R-000551,Bay City,48706,1A4050300038CFE000012277,Lemon Cheese Cake Disposable,Vape Cart
Elite Cannabis,AU-R-000551,Bay City,48706,1A4050300038CFE000014852,Lemon Cheese Cake Vape,Vape Cart
Elite Cannabis,AU-R-000551,Bay City,48706,1A4050300038CFE000015291,Lemon Cheese Cake Vape,Vape Cart
Elite Cannabis,AU-R-000551,Bay City,48706,1A4050300038CFE000015293,Lemon Cheese Cake Vape,Vape Cart
Elite Cannabis,AU-R-000551,Bay City,48706,1A4050300038CFE000015296,Lemon Cheese Cake Vape,Vape Cart
Elite Cannabis,AU-R-000551,Bay City,48706,1A4050300038CFE000014972,Lemon Drop Vape Cart,Vape Cart
Elite Cannabis,AU-R-000551,Bay City,48706,1A4050300038CFE000014973,Lemon Drop Vape Cart,Vape Cart
Elite Cannabis,AU-R-000551,Bay City,48706,1A4050300038CFE000014974,Lemon Drop Vape Cart,Vape Cart
Elite Cannabis,AU-R-000551,Bay City,48706,1A4050300038CFE000014975,Lemon Drop Vape Cart,Vape Cart
Elite Cannabis,AU-R-000551,Bay City,48706,1A4050300038CFE000014494,Lemon Pie Vape Cart,Vape Cart
Elite Cannabis,AU-R-000551,Bay City,48706,1A4050300038CFE000014505,Lemon Pie Vape Cart,Vape Cart
Elite Cannabis,AU-R-000551,Bay City,48706,1A4050300038CFE000014506,Lemon Pie Vape Cart,Vape Cart
Elite Cannabis,AU-R-000551,Bay City,48706,1A4050300038CFE000014509,Lemon Pie Vape Cart,Vape Cart
Elite Cannabis,AU-R-000551,Bay City,48706,1A4050300038CFE000014944,OG Vape Cart,Vape Cart
Elite Cannabis,AU-R-000551,Bay City,48706,1A4050300038CFE000014947,OG Vape Cart,Vape Cart
Elite Cannabis,AU-R-000551,Bay City,48706,1A4050300038CFE000014949,OG Vape Cart,Vape Cart
Elite Cannabis,AU-R-000551,Bay City,48706,1A4050300038CFE000014950,OG Vape Cart,Vape Cart
Elite Cannabis,AU-R-000551,Bay City,48706,1A4050300038CFE000012263,Orange Soda Vape Cart,Vape Cart
Elite Cannabis,AU-R-000551,Bay City,48706,1A4050300038CFE000013597,Orange Soda Vape Cart,Vape Cart
Elite Cannabis,AU-R-000551,Bay City,48706,1A4050300038CFE000013614,Orange Soda Vape Cart,Vape Cart
Elite Cannabis,AU-R-000551,Bay City,48706,1A4050300038CFE000011324,Peaches and Cream Vape Cart,Vape Cart
Elite Cannabis,AU-R-000551,Bay City,48706,1A4050300038CFE000015359,Peaches and Cream Vape Cart,Vape Cart
Elite Cannabis,AU-R-000551,Bay City,48706,1A4050300038CFE000015364,Peaches and Cream Vape Cart,Vape Cart
Elite Cannabis,AU-R-000551,Bay City,48706,1A4050300038CFE000015381,Peaches and Cream Vape Cart,Vape Cart
Elite Cannabis,AU-R-000551,Bay City,48706,1A4050300038CFE000015532,Peaches and Cream Vape Cart,Vape Cart
Elite Cannabis,AU-R-000551,Bay City,48706,1A4050300038CFE000012278,Pina Colada Disposables,Vape Cart
Elite Cannabis,AU-R-000551,Bay City,48706,1A4050300038CFE000015383,Pina Colada Vape Cart,Vape Cart
Elite Cannabis,AU-R-000551,Bay City,48706,1A4050300038CFE000015403,Pina Colada Vape Cart,Vape Cart
Elite Cannabis,AU-R-000551,Bay City,48706,1A4050300038CFE000015404,Pina Colada Vape Cart,Vape Cart
Elite Cannabis,AU-R-000551,Bay City,48706,1A4050300038CFE000015406,Pina Colada Vape Cart,Vape Cart
Elite Cannabis,AU-R-000551,Bay City,48706,1A4050300038CFE000015512,Red Velvet 1g Vape,Vape Cart
Elite Cannabis,AU-R-000551,Bay City,48706,1A4050300038CFE000015516,Red Velvet 1g Vape,Vape Cart
Elite Cannabis,AU-R-000551,Bay City,48706,1A4050300038CFE000015517,Red Velvet 1g Vape,Vape Cart
Elite Cannabis,AU-R-000551,Bay City,48706,1A4050300038CFE000015519,Red Velvet 1g Vape,Vape Cart
Elite Cannabis,AU-R-000551,Bay City,48706,1A4050300038CFE000012269,Sour Apple Vape Cart,Vape Cart
Elite Cannabis,AU-R-000551,Bay City,48706,1A4050300038CFE000015502,Sour Apple Vape Cart,Vape Cart
Elite Cannabis,AU-R-000551,Bay City,48706,1A4050300038CFE000015651,Strawberry Cough 1g Vape,Vape Cart
Elite Cannabis,AU-R-000551,Bay City,48706,1A4050300038CFE000012270,Strawberry Shortcake Vape Cart,Vape Cart
Elite Cannabis,AU-R-000551,Bay City,48706,1A4050300038CFE000015435,Strawberry Shortcake Vape Cart,Vape Cart
Elite Cannabis,AU-R-000551,Bay City,48706,1A4050300038CFE000015439,Strawberry Shortcake Vape Cart,Vape Cart
Elite Cannabis,AU-R-000551,Bay City,48706,1A4050300038CFE000015440,Strawberry Shortcake Vape Cart,Vape Cart
Elite Cannabis,AU-R-000551,Bay City,48706,1A4050300038CFE000015442,Strawberry Shortcake Vape Cart,Vape Cart
Elite Cannabis,AU-R-000551,Bay City,48706,1A4050300038CFE000012268,Watermelon Freeze Vape Cart,Vape Cart
Elite Cannabis,AU-R-000551,Bay City,48706,1A4050300038CFE000014610,Watermelon Freeze Vape Cart,Vape Cart
Elite Cannabis,AU-R-000551,Bay City,48706,1A4050300038CFE000014612,Watermelon Freeze Vape Cart,Vape Cart
Elite Cannabis,AU-R-000551,Bay City,48706,1A4050300038CFE000014918,Watermelon Freeze Vape Cart,Vape Cart
Elite Cannabis,AU-R-000551,Bay City,48706,1A4050300038CFE000014919,Watermelon Freeze Vape Cart,Vape Cart
Elite Cannabis Saginaw,AU-R-001114,Saginaw,48602,1A4050300038CFE000017979,Peach Mango 1g Infused Preroll,Infused Pre-Rolls
Elite Cannabis Saginaw,AU-R-001114,Saginaw,48602,1A4050300038CFE000022092,Pineapple 1g Infused Preroll,Infused Pre-Rolls
Elite Cannabis Saginaw,AU-R-001114,Saginaw,48602,1A4050300038CFE000022094,Skywalker 1g Infused Preroll,Infused Pre-Rolls
Elite Cannabis Saginaw,AU-R-001114,Saginaw,48602,1A4050300038CFE000022540,Watermelon 1g Infused Preroll,Infused Pre-Rolls
Elite Cannabis Saginaw,AU-R-001114,Saginaw,48602,1A4050300038CFE000022541,Waui 1g Infused Preroll,Infused Pre-Rolls
Elite Cannabis Saginaw,AU-R-001114,Saginaw,48602,1A4050300038CFE000020370,Apple Burst 1g Vape,Vape Cart
Elite Cannabis Saginaw,AU-R-001114,Saginaw,48602,1A4050300038CFE000016837,Cherry Pie 1g Disposable,Vape Cart
Elite Cannabis Saginaw,AU-R-001114,Saginaw,48602,1A4050300038CFE000020372,Fruity Pebbles Vape Cart,Vape Cart
Elite Cannabis Saginaw,AU-R-001114,Saginaw,48602,1A4050300038CFE000017276,OG Disposables,Vape Cart
Elite Wellness Jackson,AU-R-000282,Jackson,49201,1A4050300038CFE000015633,OG 1g Infused Preroll,Infused Pre-Rolls
Elite Wellness Jackson,AU-R-000282,Jackson,49201,1A4050300038CFE000007974,Peach Mango 1g Infused Preroll,Infused Pre-Rolls
Elite Wellness Jackson,AU-R-000282,Jackson,49201,1A4050300038CFE000002451,Skywalker 1g Infused Preroll,Infused Pre-Rolls
Elite Wellness Jackson,AU-R-000282,Jackson,49201,1A4050300038CFE000007369,Skywalker 1g Infused Preroll,Infused Pre-Rolls
Elite Wellness Jackson,AU-R-000282,Jackson,49201,1A4050300038CFE000002447,Watermelon 1g Infused Preroll,Infused Pre-Rolls
Elite Wellness Jackson,AU-R-000282,Jackson,49201,1A4050300038CFE000015627,Watermelon 1g Infused Preroll,Infused Pre-Rolls
Elite Wellness Jackson,AU-R-000282,Jackson,49201,1A4050300038CFE000015632,Watermelon 1g Infused Preroll,Infused Pre-Rolls
Elite Wellness Jackson,AU-R-000282,Jackson,49201,1A4050300038CFE000002446,Waui 1g Infused Preroll,Infused Pre-Rolls
Elite Wellness Jackson,AU-R-000282,Jackson,49201,1A4050300038CFE000007367,Waui 1g Infused Preroll,Infused Pre-Rolls
Elite Wellness Jackson,AU-R-000282,Jackson,49201,1A4050300038CFE000007977,Waui 1g Infused Preroll,Infused Pre-Rolls
Elite Wellness Jackson,AU-R-000282,Jackson,49201,1A4050300038CFE000019203,Apple Burst 1g Vape,Vape Cart
Elite Wellness Jackson,AU-R-000282,Jackson,49201,1A4050300038CFE000019210,Apple Burst 1g Vape,Vape Cart
Elite Wellness Jackson,AU-R-000282,Jackson,49201,1A4050300038CFE000011151,Blue Dream Vape Cart,Vape Cart
Elite Wellness Jackson,AU-R-000282,Jackson,49201,1A4050300038CFE000011164,Blue Dream Vape Cart,Vape Cart
Elite Wellness Jackson,AU-R-000282,Jackson,49201,1A4050300038CFE000015168,Blue Dream Vape Cart,Vape Cart
Elite Wellness Jackson,AU-R-000282,Jackson,49201,1A4050300038CFE000015616,Blue Dream Vape Cart,Vape Cart
Elite Wellness Jackson,AU-R-000282,Jackson,49201,1A4050300038CFE000019757,Blue Razz Vape Cart,Vape Cart
Elite Wellness Jackson,AU-R-000282,Jackson,49201,1A4050300038CFE000011360,Blueberry Pancake 1g vape,Vape Cart
Elite Wellness Jackson,AU-R-000282,Jackson,49201,1A4050300038CFE000011367,Blueberry Pancake 1g vape,Vape Cart
Elite Wellness Jackson,AU-R-000282,Jackson,49201,1A4050300038CFE000015611,Blueberry Pancake 1g vape,Vape Cart
Elite Wellness Jackson,AU-R-000282,Jackson,49201,1A4050300038CFE000015615,Blueberry Pancake 1g vape,Vape Cart
Elite Wellness Jackson,AU-R-000282,Jackson,49201,1A4050300038CFE000017084,Blueberry Pancake 1g vape,Vape Cart
Elite Wellness Jackson,AU-R-000282,Jackson,49201,1A4050300038CFE000018119,Blueberry Pancake 1g vape,Vape Cart
Elite Wellness Jackson,AU-R-000282,Jackson,49201,1A4050300038CFE000018122,Blueberry Pancake 1g vape,Vape Cart
Elite Wellness Jackson,AU-R-000282,Jackson,49201,1A4050300038CFE000015880,Cereal Milk 1g Vape,Vape Cart
Elite Wellness Jackson,AU-R-000282,Jackson,49201,1A4050300038CFE000014871,Cherry Pie Vape Cart,Vape Cart
Elite Wellness Jackson,AU-R-000282,Jackson,49201,1A4050300038CFE000014886,Cherry Pie Vape Cart,Vape Cart
Elite Wellness Jackson,AU-R-000282,Jackson,49201,1A4050300038CFE000015919,Dirty Shirly 1g Vape,Vape Cart
Elite Wellness Jackson,AU-R-000282,Jackson,49201,1A4050300038CFE000015920,Dirty Shirly 1g Vape,Vape Cart
Elite Wellness Jackson,AU-R-000282,Jackson,49201,1A4050300038CFE000012289,Fruity Pebbles 1g Disposable,Vape Cart
Elite Wellness Jackson,AU-R-000282,Jackson,49201,1A4050300038CFE000015015,Fruity Pebbles Vape Cart,Vape Cart
Elite Wellness Jackson,AU-R-000282,Jackson,49201,1A4050300038CFE000015019,Fruity Pebbles Vape Cart,Vape Cart
Elite Wellness Jackson,AU-R-000282,Jackson,49201,1A4050300038CFE000016424,Fruity Pebbles Vape Cart,Vape Cart
Elite Wellness Jackson,AU-R-000282,Jackson,49201,1A4050300038CFE000019760,Fruity Pebbles Vape Cart,Vape Cart
Elite Wellness Jackson,AU-R-000282,Jackson,49201,1A4050300038CFE000011074,Grape Soda 1g Vape,Vape Cart
Elite Wellness Jackson,AU-R-000282,Jackson,49201,1A4050300038CFE000011076,Grape Soda 1g Vape,Vape Cart
Elite Wellness Jackson,AU-R-000282,Jackson,49201,1A4050300038CFE000015043,Grape Soda 1g Vape,Vape Cart
Elite Wellness Jackson,AU-R-000282,Jackson,49201,1A4050300038CFE000015059,Grape Soda 1g Vape,Vape Cart
Elite Wellness Jackson,AU-R-000282,Jackson,49201,1A4050300038CFE000018525,Grape Soda 1g Vape,Vape Cart
Elite Wellness Jackson,AU-R-000282,Jackson,49201,1A4050300038CFE000012283,Jungle Juice Vape Cart,Vape Cart
Elite Wellness Jackson,AU-R-000282,Jackson,49201,1A4050300038CFE000014397,Jungle Juice Vape Cart,Vape Cart
Elite Wellness Jackson,AU-R-000282,Jackson,49201,1A4050300038CFE000015197,Jungle Juice Vape Cart,Vape Cart
Elite Wellness Jackson,AU-R-000282,Jackson,49201,1A4050300038CFE000016912,Jungle Juice Vape Cart,Vape Cart
Elite Wellness Jackson,AU-R-000282,Jackson,49201,1A4050300038CFE000018030,Jungle Juice Vape Cart,Vape Cart
Elite Wellness Jackson,AU-R-000282,Jackson,49201,1A4050300038CFE000018031,Jungle Juice Vape Cart,Vape Cart
Elite Wellness Jackson,AU-R-000282,Jackson,49201,1A4050300038CFE000012290,Lemon Cheese Cake Disposable,Vape Cart
Elite Wellness Jackson,AU-R-000282,Jackson,49201,1A4050300038CFE000012285,Orange Soda Vape Cart,Vape Cart
Elite Wellness Jackson,AU-R-000282,Jackson,49201,1A4050300038CFE000013596,Orange Soda Vape Cart,Vape Cart
Elite Wellness Jackson,AU-R-000282,Jackson,49201,1A4050300038CFE000018524,Orange Soda Vape Cart,Vape Cart
Elite Wellness Jackson,AU-R-000282,Jackson,49201,1A4050300038CFE000012293,Peaches and Cream Vape Cart,Vape Cart
Elite Wellness Jackson,AU-R-000282,Jackson,49201,1A4050300038CFE000016134,Pineapple Express 1g Vape Cart,Vape Cart
Elite Wellness Jackson,AU-R-000282,Jackson,49201,1A4050300038CFE000018528,Pineapple Express 1g Vape Cart,Vape Cart
Elite Wellness Jackson,AU-R-000282,Jackson,49201,1A4050300038CFE000016187,Pink Lemonade 1g Vape Cart,Vape Cart
Elite Wellness Jackson,AU-R-000282,Jackson,49201,1A4050300038CFE000016191,Pink Lemonade 1g Vape Cart,Vape Cart
Elite Wellness Jackson,AU-R-000282,Jackson,49201,1A4050300038CFE000017330,Red Velvet 1g Vape,Vape Cart
Elite Wellness Jackson,AU-R-000282,Jackson,49201,1A4050300038CFE000018529,Strawberry Cough 1g Vape,Vape Cart
Elite Wellness Jackson,AU-R-000282,Jackson,49201,1A4050300038CFE000015438,Strawberry Shortcake Vape Cart,Vape Cart
Elite Wellness Jackson,AU-R-000282,Jackson,49201,1A4050300038CFE000015444,Strawberry Shortcake Vape Cart,Vape Cart
Elite Wellness Jackson,AU-R-000282,Jackson,49201,1A4050300038CFE000016557,Strawberry Shortcake Vape Cart,Vape Cart
Elite Wellness Jackson,AU-R-000282,Jackson,49201,1A4050300038CFE000018533,Strawberry Shortcake Vape Cart,Vape Cart
Elite Wellness Jackson,AU-R-000282,Jackson,49201,1A4050300038CFE000012284,Watermelon Freeze Vape Cart,Vape Cart
Elite Wellness Jackson,AU-R-000282,Jackson,49201,1A4050300038CFE000014602,Watermelon Freeze Vape Cart,Vape Cart
Elite Wellness Jackson,AU-R-000282,Jackson,49201,1A4050300038CFE000014606,Watermelon Freeze Vape Cart,Vape Cart
Elite Wellness Jackson,AU-R-000282,Jackson,49201,1A4050300038CFE000014902,Watermelon Freeze Vape Cart,Vape Cart
Elite Wellness Jackson,AU-R-000282,Jackson,49201,1A4050300038CFE000014926,Watermelon Freeze Vape Cart,Vape Cart
Elite Wellness Jackson,AU-R-000282,Jackson,49201,1A4050300038CFE000018266,Watermelon Freeze Vape Cart,Vape Cart
Elite Wellness Jackson,AU-R-000282,Jackson,49201,1A4050300038CFE000018268,Watermelon Freeze Vape Cart,Vape Cart
Elite Wellness Mount Morris,AU-R-000103,Mt. Morris,48458,1A4050300038CFE000007965,Peach Mango 1g Infused Preroll,Infused Pre-Rolls
Elite Wellness Mount Morris,AU-R-000103,Mt. Morris,48458,1A4050300038CFE000002434,Skywalker 1g Infused Preroll,Infused Pre-Rolls
Elite Wellness Mount Morris,AU-R-000103,Mt. Morris,48458,1A4050300038CFE000002436,Watermelon 1g Infused Preroll,Infused Pre-Rolls
Elite Wellness Mount Morris,AU-R-000103,Mt. Morris,48458,1A4050300038CFE000002435,Waui 1g Infused Preroll,Infused Pre-Rolls
Elite Wellness Mount Morris,AU-R-000103,Mt. Morris,48458,1A4050300038CFE000007967,Waui 1g Infused Preroll,Infused Pre-Rolls
Elite Wellness Mount Morris,AU-R-000103,Mt. Morris,48458,1A4050300038CFE000006114,Banana Split Vape Cart,Vape Cart
Elite Wellness Mount Morris,AU-R-000103,Mt. Morris,48458,1A4050300038CFE000011138,Blue Dream Vape Cart,Vape Cart
Elite Wellness Mount Morris,AU-R-000103,Mt. Morris,48458,1A4050300038CFE000011150,Blue Dream Vape Cart,Vape Cart
Elite Wellness Mount Morris,AU-R-000103,Mt. Morris,48458,1A4050300038CFE000015170,Blue Dream Vape Cart,Vape Cart
Elite Wellness Mount Morris,AU-R-000103,Mt. Morris,48458,1A4050300038CFE000015617,Blue Dream Vape Cart,Vape Cart
Elite Wellness Mount Morris,AU-R-000103,Mt. Morris,48458,1A4050300038CFE000006120,Blue Razz Vape Cart,Vape Cart
Elite Wellness Mount Morris,AU-R-000103,Mt. Morris,48458,1A4050300038CFE000016101,Blue Razz Vape Cart,Vape Cart
Elite Wellness Mount Morris,AU-R-000103,Mt. Morris,48458,1A4050300038CFE000016102,Blue Razz Vape Cart,Vape Cart
Elite Wellness Mount Morris,AU-R-000103,Mt. Morris,48458,1A4050300038CFE000017327,Blue Razz Vape Cart,Vape Cart
Elite Wellness Mount Morris,AU-R-000103,Mt. Morris,48458,1A4050300038CFE000015925,Dirty Shirly 1g Vape,Vape Cart
Elite Wellness Mount Morris,AU-R-000103,Mt. Morris,48458,1A4050300038CFE000015625,Fruity Pebbles 1g Disposable,Vape Cart
Elite Wellness Mount Morris,AU-R-000103,Mt. Morris,48458,1A4050300038CFE000014992,Fruity Pebbles Vape Cart,Vape Cart
Elite Wellness Mount Morris,AU-R-000103,Mt. Morris,48458,1A4050300038CFE000015004,Fruity Pebbles Vape Cart,Vape Cart
Elite Wellness Mount Morris,AU-R-000103,Mt. Morris,48458,1A4050300038CFE000012250,Grape Soda 1g Vape,Vape Cart
Elite Wellness Mount Morris,AU-R-000103,Mt. Morris,48458,1A4050300038CFE000012255,Grape Soda 1g Vape,Vape Cart
Elite Wellness Mount Morris,AU-R-000103,Mt. Morris,48458,1A4050300038CFE000018519,Grape Soda 1g Vape,Vape Cart
Elite Wellness Mount Morris,AU-R-000103,Mt. Morris,48458,1A4050300038CFE000012252,Jungle Juice Vape Cart,Vape Cart
Elite Wellness Mount Morris,AU-R-000103,Mt. Morris,48458,1A4050300038CFE000016913,Jungle Juice Vape Cart,Vape Cart
Elite Wellness Mount Morris,AU-R-000103,Mt. Morris,48458,1A4050300038CFE000016915,Jungle Juice Vape Cart,Vape Cart
Elite Wellness Mount Morris,AU-R-000103,Mt. Morris,48458,1A4050300038CFE000012257,Lemon Cheese Cake Disposable,Vape Cart
Elite Wellness Mount Morris,AU-R-000103,Mt. Morris,48458,1A4050300038CFE000016932,OG Vape Cart,Vape Cart
Elite Wellness Mount Morris,AU-R-000103,Mt. Morris,48458,1A4050300038CFE000017953,OG Vape Cart,Vape Cart
Elite Wellness Mount Morris,AU-R-000103,Mt. Morris,48458,1A4050300038CFE000018558,OG Vape Cart,Vape Cart
Elite Wellness Mount Morris,AU-R-000103,Mt. Morris,48458,1A4050300038CFE000018523,Orange Soda Vape Cart,Vape Cart
Elite Wellness Mount Morris,AU-R-000103,Mt. Morris,48458,1A4050300038CFE000011329,Peaches and Cream Vape Cart,Vape Cart
Elite Wellness Mount Morris,AU-R-000103,Mt. Morris,48458,1A4050300038CFE000011333,Peaches and Cream Vape Cart,Vape Cart
Elite Wellness Mount Morris,AU-R-000103,Mt. Morris,48458,1A4050300038CFE000012258,Pina Colada Disposables,Vape Cart
Elite Wellness Mount Morris,AU-R-000103,Mt. Morris,48458,1A4050300038CFE000016166,Pink Lemonade 1g Vape Cart,Vape Cart
Elite Wellness Mount Morris,AU-R-000103,Mt. Morris,48458,1A4050300038CFE000016192,Pink Lemonade 1g Vape Cart,Vape Cart
Elite Wellness Mount Morris,AU-R-000103,Mt. Morris,48458,1A4050300038CFE000018535,Pink Lemonade 1g Vape Cart,Vape Cart
Elite Wellness Mount Morris,AU-R-000103,Mt. Morris,48458,1A4050300038CFE000017317,Red Velvet 1g Vape,Vape Cart
Elite Wellness Mount Morris,AU-R-000103,Mt. Morris,48458,1A4050300038CFE000012253,Sour Apple Vape Cart,Vape Cart
Elite Wellness Mount Morris,AU-R-000103,Mt. Morris,48458,1A4050300038CFE000018534,Sour Apple Vape Cart,Vape Cart
Elite Wellness Mount Morris,AU-R-000103,Mt. Morris,48458,1A4050300038CFE000015224,Strawberry Cough 1g Vape,Vape Cart
Elite Wellness Mount Morris,AU-R-000103,Mt. Morris,48458,1A4050300038CFE000015225,Strawberry Cough 1g Vape,Vape Cart
Elite Wellness Mount Morris,AU-R-000103,Mt. Morris,48458,1A4050300038CFE000015441,Strawberry Shortcake Vape Cart,Vape Cart
Elite Wellness Mount Morris,AU-R-000103,Mt. Morris,48458,1A4050300038CFE000015443,Strawberry Shortcake Vape Cart,Vape Cart
Elite Wellness Mount Morris,AU-R-000103,Mt. Morris,48458,1A4050300038CFE000018531,Strawberry Shortcake Vape Cart,Vape Cart
Elite Wellness Mount Morris,AU-R-000103,Mt. Morris,48458,1A4050300038CFE000006118,Watermelon Freeze Disposables,Vape Cart
Elite Wellness Mount Morris,AU-R-000103,Mt. Morris,48458,1A4050300038CFE000015623,Watermelon Freeze Disposables,Vape Cart
Elite Wellness Mount Morris,AU-R-000103,Mt. Morris,48458,1A4050300038CFE000012251,Watermelon Freeze Vape Cart,Vape Cart
Elite Wellness Mount Morris,AU-R-000103,Mt. Morris,48458,1A4050300038CFE000014605,Watermelon Freeze Vape Cart,Vape Cart
Elite Wellness Mount Morris,AU-R-000103,Mt. Morris,48458,1A4050300038CFE000014620,Watermelon Freeze Vape Cart,Vape Cart
Elite Wellness Mount Morris,AU-R-000103,Mt. Morris,48458,1A4050300038CFE000014900,Watermelon Freeze Vape Cart,Vape Cart
Elite Wellness Mount Morris,AU-R-000103,Mt. Morris,48458,1A4050300038CFE000018271,Watermelon Freeze Vape Cart,Vape Cart
Endo,AU-R-000653,Adrian,49221,1A4050300038CFE000018564,Blue Raspberry 1g Infused Preroll,Infused Pre-Rolls
Endo,AU-R-000653,Adrian,49221,1A4050300029429000000008,FG | Grape 1g Infused Preroll,Infused Pre-Rolls
Endo,AU-R-000653,Adrian,49221,1A4050300038CFE000002356,Grape 1g Infused Preroll,Infused Pre-Rolls
Endo,AU-R-000653,Adrian,49221,1A4050300038CFE000007155,OG 1g Infused Preroll,Infused Pre-Rolls
Endo,AU-R-000653,Adrian,49221,1A4050300038CFE000012155,OG 1g Infused Preroll,Infused Pre-Rolls
Endo,AU-R-000653,Adrian,49221,1A4050300038CFE000015670,OG 1g Infused Preroll,Infused Pre-Rolls
Endo,AU-R-000653,Adrian,49221,1A4050300038CFE000018563,OG 1g Infused Preroll,Infused Pre-Rolls
Endo,AU-R-000653,Adrian,49221,1A4050300038CFE000007163,Peach Mango 1g Infused Preroll,Infused Pre-Rolls
Endo,AU-R-000653,Adrian,49221,1A4050300038CFE000012153,Peach Mango 1g Infused Preroll,Infused Pre-Rolls
Endo,AU-R-000653,Adrian,49221,1A4050300038CFE000015669,Peach Mango 1g Infused Preroll,Infused Pre-Rolls
Endo,AU-R-000653,Adrian,49221,1A4050300038CFE000018566,Peach Mango 1g Infused Preroll,Infused Pre-Rolls
Endo,AU-R-000653,Adrian,49221,1A4050300038CFE000002354,Skywalker 1g Infused Preroll,Infused Pre-Rolls
Endo,AU-R-000653,Adrian,49221,1A4050300038CFE000007154,Skywalker 1g Infused Preroll,Infused Pre-Rolls
Endo,AU-R-000653,Adrian,49221,1A4050300038CFE000005276,Strawberry 1g Infused Preroll,Infused Pre-Rolls
Endo,AU-R-000653,Adrian,49221,1A4050300038CFE000012156,Strawberry 1g Infused Preroll,Infused Pre-Rolls
Endo,AU-R-000653,Adrian,49221,1A4050300038CFE000015672,Strawberry 1g Infused Preroll,Infused Pre-Rolls
Endo,AU-R-000653,Adrian,49221,1A4050300038CFE000017981,Strawberry 1g Infused Preroll,Infused Pre-Rolls
Endo,AU-R-000653,Adrian,49221,1A4050300038CFE000002351,Watermelon 1g Infused Preroll,Infused Pre-Rolls
Endo,AU-R-000653,Adrian,49221,1A4050300038CFE000012157,Watermelon 1g Infused Preroll,Infused Pre-Rolls
Endo,AU-R-000653,Adrian,49221,1A4050300038CFE000015673,Watermelon 1g Infused Preroll,Infused Pre-Rolls
Endo,AU-R-000653,Adrian,49221,1A4050300038CFE000002352,Waui 1g Infused Preroll,Infused Pre-Rolls
Endo,AU-R-000653,Adrian,49221,1A4050300038CFE000007151,Waui 1g Infused Preroll,Infused Pre-Rolls
Endo,AU-R-000653,Adrian,49221,1A4050300038CFE000012158,Waui 1g Infused Preroll,Infused Pre-Rolls
Endo,AU-R-000653,Adrian,49221,1A4050300038CFE000015674,Waui 1g Infused Preroll,Infused Pre-Rolls
Endo,AU-R-000653,Adrian,49221,1A4050300038CFE000005561,Blue Dream 5 - .7g Infused Prerolls,Shake/Trim
Endo,AU-R-000653,Adrian,49221,1A4050300038CFE000002363,Banana Split Vape Cart,Vape Cart
Endo,AU-R-000653,Adrian,49221,1A4050300038CFE000002388,Banana Split Vape Cart,Vape Cart
Endo,AU-R-000653,Adrian,49221,1A4050300038CFE000005547,Banana Split Vape Cart,Vape Cart
Endo,AU-R-000653,Adrian,49221,1A4050300038CFE000015135,Banana Split Vape Cart,Vape Cart
Endo,AU-R-000653,Adrian,49221,1A4050300038CFE000015136,Banana Split Vape Cart,Vape Cart
Endo,AU-R-000653,Adrian,49221,1A4050300038CFE000016409,Blue Razz 1g Disposable,Vape Cart
Endo,AU-R-000653,Adrian,49221,1A4050300038CFE000002367,Blue Razz Vape Cart,Vape Cart
Endo,AU-R-000653,Adrian,49221,1A4050300038CFE000002968,Blue Razz Vape Cart,Vape Cart
Endo,AU-R-000653,Adrian,49221,1A4050300038CFE000015259,Blue Razz Vape Cart,Vape Cart
Endo,AU-R-000653,Adrian,49221,1A4050300038CFE000016106,Blue Razz Vape Cart,Vape Cart
Endo,AU-R-000653,Adrian,49221,1A4050300038CFE000019668,Blue Razz Vape Cart,Vape Cart
Endo,AU-R-000653,Adrian,49221,1A4050300038CFE000016240,Blueberry Pancake 1g Disposable,Vape Cart
Endo,AU-R-000653,Adrian,49221,1A4050300038CFE000018121,Blueberry Pancake 1g vape,Vape Cart
Endo,AU-R-000653,Adrian,49221,1A4050300038CFE000018542,Blueberry Pancake Box 5 PK Vape Cart,Vape Cart
Endo,AU-R-000653,Adrian,49221,1A4050300038CFE000018537,Bubble Gum 1g vape,Vape Cart
Endo,AU-R-000653,Adrian,49221,1A4050300038CFE000016808,Cherry Pie 1g Disposable,Vape Cart
Endo,AU-R-000653,Adrian,49221,1A4050300038CFE000016809,Cherry Pie 1g Disposable,Vape Cart
Endo,AU-R-000653,Adrian,49221,1A4050300038CFE000016817,Cherry Pie 1g Disposable,Vape Cart
Endo,AU-R-000653,Adrian,49221,1A4050300038CFE000014772,Fruity Pebbles 1g Disposable,Vape Cart
Endo,AU-R-000653,Adrian,49221,1A4050300038CFE000017183,Fruity Pebbles 1g Disposable,Vape Cart
Endo,AU-R-000653,Adrian,49221,1A4050300038CFE000017186,Fruity Pebbles 1g Disposable,Vape Cart
Endo,AU-R-000653,Adrian,49221,1A4050300038CFE000017189,Fruity Pebbles 1g Disposable,Vape Cart
Endo,AU-R-000653,Adrian,49221,1A4050300038CFE000002382,Fruity Pebbles Vape Cart,Vape Cart
Endo,AU-R-000653,Adrian,49221,1A4050300038CFE000005548,Fruity Pebbles Vape Cart,Vape Cart
Endo,AU-R-000653,Adrian,49221,1A4050300038CFE000014530,Fruity Pebbles Vape Cart,Vape Cart
Endo,AU-R-000653,Adrian,49221,1A4050300038CFE000014532,Fruity Pebbles Vape Cart,Vape Cart
Endo,AU-R-000653,Adrian,49221,1A4050300038CFE000017963,Fruity Pebbles Vape Cart,Vape Cart
Endo,AU-R-000653,Adrian,49221,1A4050300038CFE000019674,Fruity Pebbles Vape Cart,Vape Cart
Endo,AU-R-000653,Adrian,49221,1A4050300038CFE000018521,Grape Soda 1g Vape,Vape Cart
Endo,AU-R-000653,Adrian,49221,1A4050300038CFE000019239,Grape Soda 1g Vape,Vape Cart
Endo,AU-R-000653,Adrian,49221,1A4050300038CFE000019240,Grape Soda 1g Vape,Vape Cart
Endo,AU-R-000653,Adrian,49221,1A4050300038CFE000019245,Grape Soda 1g Vape,Vape Cart
Endo,AU-R-000653,Adrian,49221,1A4050300038CFE000019248,Grape Soda 1g Vape,Vape Cart
Endo,AU-R-000653,Adrian,49221,1A4050300038CFE000018029,Jungle Juice Vape Cart,Vape Cart
Endo,AU-R-000653,Adrian,49221,1A4050300038CFE000009974,Lemon Drop Vape Cart,Vape Cart
Endo,AU-R-000653,Adrian,49221,1A4050300038CFE000014491,Lemon Pie Vape Cart,Vape Cart
Endo,AU-R-000653,Adrian,49221,1A4050300038CFE000014496,Lemon Pie Vape Cart,Vape Cart
Endo,AU-R-000653,Adrian,49221,1A4050300038CFE000014498,Lemon Pie Vape Cart,Vape Cart
Endo,AU-R-000653,Adrian,49221,1A4050300038CFE000014499,Lemon Pie Vape Cart,Vape Cart
Endo,AU-R-000653,Adrian,49221,1A4050300038CFE000018550,OG Box 5 PK Vape Cart,Vape Cart
Endo,AU-R-000653,Adrian,49221,1A4050300038CFE000017251,OG Disposables,Vape Cart
Endo,AU-R-000653,Adrian,49221,1A4050300038CFE000017257,OG Disposables,Vape Cart
Endo,AU-R-000653,Adrian,49221,1A4050300038CFE000005550,OG Vape Cart,Vape Cart
Endo,AU-R-000653,Adrian,49221,1A4050300038CFE000017957,OG Vape Cart,Vape Cart
Endo,AU-R-000653,Adrian,49221,1A4050300038CFE000019740,OG Vape Cart,Vape Cart
Endo,AU-R-000653,Adrian,49221,1A4050300038CFE000009979,Orange Soda Vape Cart,Vape Cart
Endo,AU-R-000653,Adrian,49221,1A4050300038CFE000002372,Peaches and Cream Vape Cart,Vape Cart
Endo,AU-R-000653,Adrian,49221,1A4050300038CFE000005553,Peaches and Cream Vape Cart,Vape Cart
Endo,AU-R-000653,Adrian,49221,1A4050300038CFE000017632,Pina Colada Box 5 PK Vape Cart,Vape Cart
Endo,AU-R-000653,Adrian,49221,1A4050300038CFE000016867,Pina Colada Disposables,Vape Cart
Endo,AU-R-000653,Adrian,49221,1A4050300038CFE000016875,Pina Colada Disposables,Vape Cart
Endo,AU-R-000653,Adrian,49221,1A4050300038CFE000008004,Pina Colada Vape Cart,Vape Cart
Endo,AU-R-000653,Adrian,49221,1A4050300038CFE000008005,Pina Colada Vape Cart,Vape Cart
Endo,AU-R-000653,Adrian,49221,1A4050300038CFE000008012,Pina Colada Vape Cart,Vape Cart
Endo,AU-R-000653,Adrian,49221,1A4050300038CFE000008028,Pina Colada Vape Cart,Vape Cart
Endo,AU-R-000653,Adrian,49221,1A4050300038CFE000008030,Pina Colada Vape Cart,Vape Cart
Endo,AU-R-000653,Adrian,49221,1A4050300038CFE000018109,Pineapple Express 1g Vape Cart,Vape Cart
Endo,AU-R-000653,Adrian,49221,1A4050300038CFE000018536,Pink Lemonade 1g Vape Cart,Vape Cart
Endo,AU-R-000653,Adrian,49221,1A4050300038CFE000009975,Sour Apple Vape Cart,Vape Cart
Endo,AU-R-000653,Adrian,49221,1A4050300038CFE000018530,Strawberry Cough 1g Vape,Vape Cart
Endo,AU-R-000653,Adrian,49221,1A4050300038CFE000016365,Strawberry Shortcake 1g Disposable,Vape Cart
Endo,AU-R-000653,Adrian,49221,1A4050300038CFE000016366,Strawberry Shortcake 1g Disposable,Vape Cart
Endo,AU-R-000653,Adrian,49221,1A4050300038CFE000018532,Strawberry Shortcake Vape Cart,Vape Cart
Endo,AU-R-000653,Adrian,49221,1A4050300038CFE000002386,Watermelon Freeze Disposables,Vape Cart
Endo,AU-R-000653,Adrian,49221,1A4050300038CFE000005542,Watermelon Freeze Disposables,Vape Cart
Endo,AU-R-000653,Adrian,49221,1A4050300038CFE000018628,Watermelon Freeze Disposables,Vape Cart
Endo,AU-R-000653,Adrian,49221,1A4050300038CFE000018629,Watermelon Freeze Disposables,Vape Cart
Endo,AU-R-000653,Adrian,49221,1A4050300038CFE000014625,Watermelon Freeze Vape Cart,Vape Cart
Endo,AU-R-000653,Adrian,49221,1A4050300038CFE000014626,Watermelon Freeze Vape Cart,Vape Cart
Exclusive Cannabis Cookies,AU-R-000718,Monroe,48161,1A4050300038CFE000016057,Blue Dream Vape Cart,Vape Cart
Exclusive Cannabis Cookies,AU-R-000718,Monroe,48161,1A4050300038CFE000016070,Blue Dream Vape Cart,Vape Cart
Exclusive Cannabis Cookies,AU-R-000718,Monroe,48161,1A4050300038CFE000016074,Blue Dream Vape Cart,Vape Cart
Exclusive Cannabis Cookies,AU-R-000718,Monroe,48161,1A4050300038CFE000016075,Blue Dream Vape Cart,Vape Cart
Exclusive Cannabis Cookies,AU-R-000718,Monroe,48161,1A4050300038CFE000016079,Blue Dream Vape Cart,Vape Cart
Exclusive Cannabis Cookies,AU-R-000718,Monroe,48161,1A4050300038CFE000016080,Blue Dream Vape Cart,Vape Cart
Exclusive Cannabis Cookies,AU-R-000718,Monroe,48161,1A4050300038CFE000016115,Blue Razz Vape Cart,Vape Cart
Exclusive Cannabis Cookies,AU-R-000718,Monroe,48161,1A4050300038CFE000016117,Blue Razz Vape Cart,Vape Cart
Exclusive Cannabis Cookies,AU-R-000718,Monroe,48161,1A4050300038CFE000016118,Blue Razz Vape Cart,Vape Cart
Exclusive Cannabis Cookies,AU-R-000718,Monroe,48161,1A4050300038CFE000016119,Blue Razz Vape Cart,Vape Cart
Exclusive Cannabis Cookies,AU-R-000718,Monroe,48161,1A4050300038CFE000016562,Blueberry Pancake 1g vape,Vape Cart
Exclusive Cannabis Cookies,AU-R-000718,Monroe,48161,1A4050300038CFE000015453,Bubble Gum 1g vape,Vape Cart
Exclusive Cannabis Cookies,AU-R-000718,Monroe,48161,1A4050300038CFE000015455,Bubble Gum 1g vape,Vape Cart
Exclusive Cannabis Cookies,AU-R-000718,Monroe,48161,1A4050300038CFE000015458,Bubble Gum 1g vape,Vape Cart
Exclusive Cannabis Cookies,AU-R-000718,Monroe,48161,1A4050300038CFE000015463,Bubble Gum 1g vape,Vape Cart
Exclusive Cannabis Cookies,AU-R-000718,Monroe,48161,1A4050300038CFE000015466,Bubble Gum 1g vape,Vape Cart
Exclusive Cannabis Cookies,AU-R-000718,Monroe,48161,1A4050300038CFE000016626,Cereal Milk 1g Vape,Vape Cart
Exclusive Cannabis Cookies,AU-R-000718,Monroe,48161,1A4050300038CFE000015018,Fruity Pebbles Vape Cart,Vape Cart
Exclusive Cannabis Cookies,AU-R-000718,Monroe,48161,1A4050300038CFE000016415,Fruity Pebbles Vape Cart,Vape Cart
Exclusive Cannabis Cookies,AU-R-000718,Monroe,48161,1A4050300038CFE000016417,Fruity Pebbles Vape Cart,Vape Cart
Exclusive Cannabis Cookies,AU-R-000718,Monroe,48161,1A4050300038CFE000016431,Fruity Pebbles Vape Cart,Vape Cart
Exclusive Cannabis Cookies,AU-R-000718,Monroe,48161,1A4050300038CFE000016433,Fruity Pebbles Vape Cart,Vape Cart
Exclusive Cannabis Cookies,AU-R-000718,Monroe,48161,1A4050300038CFE000016627,Fruity Pebbles Vape Cart,Vape Cart
Exclusive Cannabis Cookies,AU-R-000718,Monroe,48161,1A4050300038CFE000014508,Lemon Pie Vape Cart,Vape Cart
Exclusive Cannabis Cookies,AU-R-000718,Monroe,48161,1A4050300038CFE000016625,OG Disposables,Vape Cart
Exclusive Cannabis Cookies,AU-R-000718,Monroe,48161,1A4050300038CFE000015358,Peaches and Cream Vape Cart,Vape Cart
Exclusive Cannabis Cookies,AU-R-000718,Monroe,48161,1A4050300038CFE000015361,Peaches and Cream Vape Cart,Vape Cart
Exclusive Cannabis Cookies,AU-R-000718,Monroe,48161,1A4050300038CFE000015372,Peaches and Cream Vape Cart,Vape Cart
Exclusive Cannabis Cookies,AU-R-000718,Monroe,48161,1A4050300038CFE000015375,Peaches and Cream Vape Cart,Vape Cart
Exclusive Cannabis Cookies,AU-R-000718,Monroe,48161,1A4050300038CFE000015378,Peaches and Cream Vape Cart,Vape Cart
Exclusive Cannabis Cookies,AU-R-000718,Monroe,48161,1A4050300038CFE000015379,Peaches and Cream Vape Cart,Vape Cart
Exclusive Cannabis Cookies,AU-R-000718,Monroe,48161,1A4050300038CFE000015382,Pina Colada Vape Cart,Vape Cart
Exclusive Cannabis Cookies,AU-R-000718,Monroe,48161,1A4050300038CFE000015386,Pina Colada Vape Cart,Vape Cart
Exclusive Cannabis Cookies,AU-R-000718,Monroe,48161,1A4050300038CFE000015388,Pina Colada Vape Cart,Vape Cart
Exclusive Cannabis Cookies,AU-R-000718,Monroe,48161,1A4050300038CFE000015391,Pina Colada Vape Cart,Vape Cart
Exclusive Cannabis Cookies,AU-R-000718,Monroe,48161,1A4050300038CFE000015396,Pina Colada Vape Cart,Vape Cart
Exclusive Cannabis Cookies,AU-R-000718,Monroe,48161,1A4050300038CFE000015397,Pina Colada Vape Cart,Vape Cart
Exclusive Cannabis Cookies,AU-R-000718,Monroe,48161,1A4050300038CFE000015490,Sour Apple Vape Cart,Vape Cart
Exclusive Cannabis Cookies,AU-R-000718,Monroe,48161,1A4050300038CFE000015492,Sour Apple Vape Cart,Vape Cart
Exclusive Cannabis Cookies,AU-R-000718,Monroe,48161,1A4050300038CFE000015495,Sour Apple Vape Cart,Vape Cart
Exclusive Cannabis Cookies,AU-R-000718,Monroe,48161,1A4050300038CFE000015504,Sour Apple Vape Cart,Vape Cart
Exclusive Cannabis Cookies,AU-R-000718,Monroe,48161,1A4050300038CFE000015420,Strawberry Shortcake Vape Cart,Vape Cart
Exclusive Cannabis Cookies,AU-R-000718,Monroe,48161,1A4050300038CFE000015424,Strawberry Shortcake Vape Cart,Vape Cart
Exclusive Cannabis Cookies,AU-R-000718,Monroe,48161,1A4050300038CFE000015428,Strawberry Shortcake Vape Cart,Vape Cart
Exclusive Cannabis Cookies,AU-R-000718,Monroe,48161,1A4050300038CFE000015432,Strawberry Shortcake Vape Cart,Vape Cart
Exclusive Cannabis Cookies,AU-R-000718,Monroe,48161,1A4050300038CFE000015433,Strawberry Shortcake Vape Cart,Vape Cart
Exclusive Cannabis Cookies,AU-R-000718,Monroe,48161,1A4050300038CFE000015436,Strawberry Shortcake Vape Cart,Vape Cart
Exclusive Coldwater,AU-R-000863,Coldwater,49036,1A4050300038CFE000016039,Banana Split 1g Disposable,Vape Cart
Exclusive Coldwater,AU-R-000863,Coldwater,49036,1A4050300038CFE000014126,Blue Razz 1g Disposable,Vape Cart
Exclusive Coldwater,AU-R-000863,Coldwater,49036,1A4050300038CFE000016052,Blue Razz 1g Disposable,Vape Cart
Exclusive Coldwater,AU-R-000863,Coldwater,49036,1A4050300038CFE000016038,Blueberry Pancake 1g vape,Vape Cart
Exclusive Coldwater,AU-R-000863,Coldwater,49036,1A4050300038CFE000016042,Blueberry Pancake 1g vape,Vape Cart
Exclusive Coldwater,AU-R-000863,Coldwater,49036,1A4050300038CFE000016041,Bubble Gum 1g vape,Vape Cart
Exclusive Coldwater,AU-R-000863,Coldwater,49036,1A4050300038CFE000016046,Cereal Milk 1g Vape,Vape Cart
Exclusive Coldwater,AU-R-000863,Coldwater,49036,1A4050300038CFE000016051,Cherry Pie Vape Cart,Vape Cart
Exclusive Coldwater,AU-R-000863,Coldwater,49036,1A4050300038CFE000015024,Fruity Pebbles Vape Cart,Vape Cart
Exclusive Coldwater,AU-R-000863,Coldwater,49036,1A4050300038CFE000016029,Jungle Juice 1g Disposable,Vape Cart
Exclusive Coldwater,AU-R-000863,Coldwater,49036,1A4050300038CFE000016032,Jungle Juice 1g Disposable,Vape Cart
Exclusive Coldwater,AU-R-000863,Coldwater,49036,1A4050300038CFE000015193,Jungle Juice Vape Cart,Vape Cart
Exclusive Coldwater,AU-R-000863,Coldwater,49036,1A4050300038CFE000016047,Jungle Juice Vape Cart,Vape Cart
Exclusive Coldwater,AU-R-000863,Coldwater,49036,1A4050300038CFE000014504,Lemon Pie Vape Cart,Vape Cart
Exclusive Coldwater,AU-R-000863,Coldwater,49036,1A4050300038CFE000014634,Lemon Pie Vape Cart,Vape Cart
Exclusive Coldwater,AU-R-000863,Coldwater,49036,1A4050300038CFE000015063,OG Disposables,Vape Cart
Exclusive Coldwater,AU-R-000863,Coldwater,49036,1A4050300038CFE000015082,OG Disposables,Vape Cart
Exclusive Coldwater,AU-R-000863,Coldwater,49036,1A4050300038CFE000016045,OG Disposables,Vape Cart
Exclusive Coldwater,AU-R-000863,Coldwater,49036,1A4050300038CFE000015520,Peaches and Cream Vape Cart,Vape Cart
Exclusive Coldwater,AU-R-000863,Coldwater,49036,1A4050300038CFE000015527,Peaches and Cream Vape Cart,Vape Cart
Exclusive Coldwater,AU-R-000863,Coldwater,49036,1A4050300038CFE000011634,Pina Colada Disposables,Vape Cart
Exclusive Coldwater,AU-R-000863,Coldwater,49036,1A4050300038CFE000011635,Pina Colada Disposables,Vape Cart
Exclusive Coldwater,AU-R-000863,Coldwater,49036,1A4050300038CFE000015385,Pina Colada Vape Cart,Vape Cart
Exclusive Coldwater,AU-R-000863,Coldwater,49036,1A4050300038CFE000015402,Pina Colada Vape Cart,Vape Cart
Exclusive Coldwater,AU-R-000863,Coldwater,49036,1A4050300038CFE000015491,Sour Apple Vape Cart,Vape Cart
Exclusive Coldwater,AU-R-000863,Coldwater,49036,1A4050300038CFE000015496,Sour Apple Vape Cart,Vape Cart
Exclusive Coldwater,AU-R-000863,Coldwater,49036,1A4050300038CFE000016040,Strawberry Cough 1g Vape,Vape Cart
Exclusive Coldwater,AU-R-000863,Coldwater,49036,1A4050300038CFE000015090,Strawberry Shortcake 1g Disposable,Vape Cart
Exclusive Coldwater,AU-R-000863,Coldwater,49036,1A4050300038CFE000016003,Watermelon Freeze Disposables,Vape Cart
Exclusive Coldwater,AU-R-000863,Coldwater,49036,1A4050300038CFE000016004,Watermelon Freeze Disposables,Vape Cart
Exclusive Coldwater,AU-R-000863,Coldwater,49036,1A4050300038CFE000014898,Watermelon Freeze Vape Cart,Vape Cart
Exclusive Coldwater,AU-R-000863,Coldwater,49036,1A4050300038CFE000014903,Watermelon Freeze Vape Cart,Vape Cart
Exclusive Provisioning Centers,AU-R-000100,Ann Arbor,48108,1A4050300038CFE000004787,Strawberry 1g Infused Preroll,Infused Pre-Rolls
Fire Creek,AU-R-000321,Battle Creek,49014,1A4050300038CFE000012898,OG 1g Infused Preroll,Infused Pre-Rolls
Fire Creek,AU-R-000321,Battle Creek,49014,1A4050300038CFE000012896,Peach Mango 1g Infused Preroll,Infused Pre-Rolls
Fire Creek,AU-R-000321,Battle Creek,49014,1A4050300038CFE000012897,Pineapple 1g Infused Preroll,Infused Pre-Rolls
Fire Creek,AU-R-000321,Battle Creek,49014,1A4050300038CFE000012899,Skywalker 1g Infused Preroll,Infused Pre-Rolls
Fire Creek,AU-R-000321,Battle Creek,49014,1A4050300038CFE000012910,Skywalker 1g Infused Preroll,Infused Pre-Rolls
Fire Creek,AU-R-000321,Battle Creek,49014,1A4050300038CFE000012900,Strawberry 1g Infused Preroll,Infused Pre-Rolls
Fire Creek,AU-R-000321,Battle Creek,49014,1A4050300038CFE000012901,Watermelon 1g Infused Preroll,Infused Pre-Rolls
Fire Creek,AU-R-000321,Battle Creek,49014,1A4050300038CFE000012908,Watermelon 1g Infused Preroll,Infused Pre-Rolls
Fire Creek,AU-R-000321,Battle Creek,49014,1A4050300038CFE000012902,Waui 1g Infused Preroll,Infused Pre-Rolls
Fire Creek,AU-R-000321,Battle Creek,49014,1A4050300038CFE000012909,Waui 1g Infused Preroll,Infused Pre-Rolls
Fire Creek,AU-R-000321,Battle Creek,49014,1A4050300038CFE000012912,Banana Split Vape Cart,Vape Cart
Fire Creek,AU-R-000321,Battle Creek,49014,1A4050300038CFE000012945,Blue Dream 1g Disposable,Vape Cart
Fire Creek,AU-R-000321,Battle Creek,49014,1A4050300038CFE000012932,Blue Razz 1g Disposable,Vape Cart
Fire Creek,AU-R-000321,Battle Creek,49014,1A4050300038CFE000012913,Blue Razz Vape Cart,Vape Cart
Fire Creek,AU-R-000321,Battle Creek,49014,1A4050300038CFE000012914,Cherry Pie Vape Cart,Vape Cart
Fire Creek,AU-R-000321,Battle Creek,49014,1A4050300038CFE000012930,Fruity Pebbles 1g Disposable,Vape Cart
Fire Creek,AU-R-000321,Battle Creek,49014,1A4050300038CFE000012915,Fruity Pebbles Vape Cart,Vape Cart
Fire Creek,AU-R-000321,Battle Creek,49014,1A4050300038CFE000012949,Fruity Pebbles Vape Cart,Vape Cart
Fire Creek,AU-R-000321,Battle Creek,49014,1A4050300038CFE000019426,Fruity Pebbles Vape Cart,Vape Cart
Fire Creek,AU-R-000321,Battle Creek,49014,1A4050300038CFE000012916,Grape Soda 1g Vape,Vape Cart
Fire Creek,AU-R-000321,Battle Creek,49014,1A4050300038CFE000012948,Grape Soda 1g Vape,Vape Cart
Fire Creek,AU-R-000321,Battle Creek,49014,1A4050300038CFE000012917,Jungle Juice Vape Cart,Vape Cart
Fire Creek,AU-R-000321,Battle Creek,49014,1A4050300038CFE000018072,Jungle Juice Vape Cart,Vape Cart
Fire Creek,AU-R-000321,Battle Creek,49014,1A4050300038CFE000018074,Jungle Juice Vape Cart,Vape Cart
Fire Creek,AU-R-000321,Battle Creek,49014,1A4050300038CFE000018424,Lemon Drop Vape Cart,Vape Cart
Fire Creek,AU-R-000321,Battle Creek,49014,1A4050300038CFE000012921,Orange Soda Vape Cart,Vape Cart
Fire Creek,AU-R-000321,Battle Creek,49014,1A4050300038CFE000012922,Peaches and Cream Vape Cart,Vape Cart
Fire Creek,AU-R-000321,Battle Creek,49014,1A4050300038CFE000012923,Red Velvet 1g Vape,Vape Cart
Fire Creek,AU-R-000321,Battle Creek,49014,1A4050300038CFE000012924,Sour Apple Vape Cart,Vape Cart
Fire Creek,AU-R-000321,Battle Creek,49014,1A4050300038CFE000012925,Strawberry Cough 1g Vape,Vape Cart
Fire Creek,AU-R-000321,Battle Creek,49014,1A4050300038CFE000019425,Strawberry Cough 1g Vape,Vape Cart
Fire Creek,AU-R-000321,Battle Creek,49014,1A4050300038CFE000012931,Strawberry Shortcake 1g Disposable,Vape Cart
Fire Creek,AU-R-000321,Battle Creek,49014,1A4050300038CFE000012942,Strawberry Shortcake 1g Disposable,Vape Cart
Fire Creek,AU-R-000321,Battle Creek,49014,1A4050300038CFE000012926,Strawberry Shortcake Vape Cart,Vape Cart
Fire Creek,AU-R-000321,Battle Creek,49014,1A4050300038CFE000012946,Watermelon Freeze Disposables,Vape Cart
Fire Creek,AU-R-000321,Battle Creek,49014,1A4050300038CFE000012927,Watermelon Freeze Vape Cart,Vape Cart
Fire Creek,AU-R-000321,Battle Creek,49014,1A4050300038CFE000019427,Watermelon Freeze Vape Cart,Vape Cart
First Class Cannabis Co.,AU-R-000320,Lansing,48906,1A405030003EA59000001863,Banana Split 1g Disposable,Vape Cart
First Class Cannabis Co.,AU-R-000320,Lansing,48906,1A4050300038CFE000015119,Banana Split Vape Cart,Vape Cart
First Class Cannabis Co.,AU-R-000320,Lansing,48906,1A4050300038CFE000015120,Banana Split Vape Cart,Vape Cart
First Class Cannabis Co.,AU-R-000320,Lansing,48906,1A4050300038CFE000015125,Banana Split Vape Cart,Vape Cart
First Class Cannabis Co.,AU-R-000320,Lansing,48906,1A405030003EA59000001829,Blue Dream 1g Disposable,Vape Cart
First Class Cannabis Co.,AU-R-000320,Lansing,48906,1A4050300038CFE000015150,Blue Dream Vape Cart,Vape Cart
First Class Cannabis Co.,AU-R-000320,Lansing,48906,1A4050300038CFE000015151,Blue Dream Vape Cart,Vape Cart
First Class Cannabis Co.,AU-R-000320,Lansing,48906,1A4050300038CFE000015158,Blue Dream Vape Cart,Vape Cart
First Class Cannabis Co.,AU-R-000320,Lansing,48906,1A4050300038CFE000014124,Blue Razz 1g Disposable,Vape Cart
First Class Cannabis Co.,AU-R-000320,Lansing,48906,1A4050300038CFE000016402,Blue Razz 1g Disposable,Vape Cart
First Class Cannabis Co.,AU-R-000320,Lansing,48906,1A405030003EA59000001837,Blue Razz 1g Disposable,Vape Cart
First Class Cannabis Co.,AU-R-000320,Lansing,48906,1A4050300038CFE000017074,Blueberry Pancake 1g vape,Vape Cart
First Class Cannabis Co.,AU-R-000320,Lansing,48906,1A405030003EA59000001876,Blueberry Pancake 1g vape,Vape Cart
First Class Cannabis Co.,AU-R-000320,Lansing,48906,1A4050300038CFE000014866,Cherry Pie Vape Cart,Vape Cart
First Class Cannabis Co.,AU-R-000320,Lansing,48906,1A4050300038CFE000014875,Cherry Pie Vape Cart,Vape Cart
First Class Cannabis Co.,AU-R-000320,Lansing,48906,1A4050300038CFE000017412,Dirty Shirly 1g Vape,Vape Cart
First Class Cannabis Co.,AU-R-000320,Lansing,48906,1A405030003EA59000001831,Fruity Pebbles 1g Disposable,Vape Cart
First Class Cannabis Co.,AU-R-000320,Lansing,48906,1A4050300038CFE000014525,Fruity Pebbles Vape Cart,Vape Cart
First Class Cannabis Co.,AU-R-000320,Lansing,48906,1A4050300038CFE000014526,Fruity Pebbles Vape Cart,Vape Cart
First Class Cannabis Co.,AU-R-000320,Lansing,48906,1A4050300038CFE000014527,Fruity Pebbles Vape Cart,Vape Cart
First Class Cannabis Co.,AU-R-000320,Lansing,48906,1A4050300038CFE000014996,Fruity Pebbles Vape Cart,Vape Cart
First Class Cannabis Co.,AU-R-000320,Lansing,48906,1A4050300038CFE000011078,Grape Soda 1g Vape,Vape Cart
First Class Cannabis Co.,AU-R-000320,Lansing,48906,1A4050300038CFE000015036,Grape Soda 1g Vape,Vape Cart
First Class Cannabis Co.,AU-R-000320,Lansing,48906,1A4050300038CFE000015047,Grape Soda 1g Vape,Vape Cart
First Class Cannabis Co.,AU-R-000320,Lansing,48906,1A4050300038CFE000016017,Jungle Juice 1g Disposable,Vape Cart
First Class Cannabis Co.,AU-R-000320,Lansing,48906,1A405030003EA59000001843,Jungle Juice 1g Disposable,Vape Cart
First Class Cannabis Co.,AU-R-000320,Lansing,48906,1A4050300038CFE000015181,Jungle Juice Vape Cart,Vape Cart
First Class Cannabis Co.,AU-R-000320,Lansing,48906,1A4050300038CFE000015182,Jungle Juice Vape Cart,Vape Cart
First Class Cannabis Co.,AU-R-000320,Lansing,48906,1A4050300038CFE000015184,Jungle Juice Vape Cart,Vape Cart
First Class Cannabis Co.,AU-R-000320,Lansing,48906,1A4050300038CFE000015186,Jungle Juice Vape Cart,Vape Cart
First Class Cannabis Co.,AU-R-000320,Lansing,48906,1A4050300038CFE000017400,Jungle Juice Vape Cart,Vape Cart
First Class Cannabis Co.,AU-R-000320,Lansing,48906,1A4050300038CFE000014833,Lemon Cheese Cake Vape,Vape Cart
First Class Cannabis Co.,AU-R-000320,Lansing,48906,1A4050300038CFE000014834,Lemon Cheese Cake Vape,Vape Cart
First Class Cannabis Co.,AU-R-000320,Lansing,48906,1A4050300038CFE000014844,Lemon Cheese Cake Vape,Vape Cart
First Class Cannabis Co.,AU-R-000320,Lansing,48906,1A405030003EA59000001878,Lemon Cheese Cake Vape,Vape Cart
First Class Cannabis Co.,AU-R-000320,Lansing,48906,1A4050300038CFE000014978,Lemon Drop Vape Cart,Vape Cart
First Class Cannabis Co.,AU-R-000320,Lansing,48906,1A4050300038CFE000014981,Lemon Drop Vape Cart,Vape Cart
First Class Cannabis Co.,AU-R-000320,Lansing,48906,1A4050300038CFE000014989,Lemon Drop Vape Cart,Vape Cart
First Class Cannabis Co.,AU-R-000320,Lansing,48906,1A4050300038CFE000014489,Lemon Pie Vape Cart,Vape Cart
First Class Cannabis Co.,AU-R-000320,Lansing,48906,1A4050300038CFE000014490,Lemon Pie Vape Cart,Vape Cart
First Class Cannabis Co.,AU-R-000320,Lansing,48906,1A4050300038CFE000014636,Lemon Pie Vape Cart,Vape Cart
First Class Cannabis Co.,AU-R-000320,Lansing,48906,1A4050300038CFE000014639,Lemon Pie Vape Cart,Vape Cart
First Class Cannabis Co.,AU-R-000320,Lansing,48906,1A4050300038CFE000014932,OG Vape Cart,Vape Cart
First Class Cannabis Co.,AU-R-000320,Lansing,48906,1A4050300038CFE000014948,OG Vape Cart,Vape Cart
First Class Cannabis Co.,AU-R-000320,Lansing,48906,1A405030003EA59000001875,OG Vape Cart,Vape Cart
First Class Cannabis Co.,AU-R-000320,Lansing,48906,1A405030003EA59000001846,Orange Soda 1g Disposable,Vape Cart
First Class Cannabis Co.,AU-R-000320,Lansing,48906,1A4050300038CFE000016888,Orange Soda Vape Cart,Vape Cart
First Class Cannabis Co.,AU-R-000320,Lansing,48906,1A405030003EA59000001883,Peaches and Cream Vape Cart,Vape Cart
First Class Cannabis Co.,AU-R-000320,Lansing,48906,1A4050300038CFE000016862,Pina Colada Disposables,Vape Cart
First Class Cannabis Co.,AU-R-000320,Lansing,48906,1A405030003EA59000001855,Pina Colada Disposables,Vape Cart
First Class Cannabis Co.,AU-R-000320,Lansing,48906,1A4050300038CFE000016193,Pink Lemonade 1g Vape Cart,Vape Cart
First Class Cannabis Co.,AU-R-000320,Lansing,48906,1A4050300038CFE000015212,Strawberry Cough 1g Vape,Vape Cart
First Class Cannabis Co.,AU-R-000320,Lansing,48906,1A4050300038CFE000015214,Strawberry Cough 1g Vape,Vape Cart
First Class Cannabis Co.,AU-R-000320,Lansing,48906,1A4050300038CFE000014066,Strawberry Shortcake 1g Disposable,Vape Cart
First Class Cannabis Co.,AU-R-000320,Lansing,48906,1A4050300038CFE000014072,Strawberry Shortcake 1g Disposable,Vape Cart
First Class Cannabis Co.,AU-R-000320,Lansing,48906,1A4050300038CFE000016383,Strawberry Shortcake 1g Disposable,Vape Cart
First Class Cannabis Co.,AU-R-000320,Lansing,48906,1A405030003EA59000001882,Strawberry Shortcake Vape Cart,Vape Cart
First Class Cannabis Co.,AU-R-000320,Lansing,48906,1A4050300038CFE000015988,Watermelon Freeze Disposables,Vape Cart
First Class Cannabis Co.,AU-R-000320,Lansing,48906,1A405030003EA59000001853,Watermelon Freeze Disposables,Vape Cart
First Class Cannabis Co.,AU-R-000320,Lansing,48906,1A4050300038CFE000013451,Watermelon Freeze Vape Cart,Vape Cart
First Class Cannabis Co.,AU-R-000320,Lansing,48906,1A4050300038CFE000014615,Watermelon Freeze Vape Cart,Vape Cart
First Class Cannabis Co.,AU-R-000320,Lansing,48906,1A4050300038CFE000014907,Watermelon Freeze Vape Cart,Vape Cart
First Class Cannabis Co.,AU-R-000482,Portage,49002,1A4050300038CFE000015254,Banana Split 1g Disposable,Vape Cart
First Class Cannabis Co.,AU-R-000482,Portage,49002,1A405030003EA59000001862,Banana Split 1g Disposable,Vape Cart
First Class Cannabis Co.,AU-R-000482,Portage,49002,1A4050300038CFE000015124,Banana Split Vape Cart,Vape Cart
First Class Cannabis Co.,AU-R-000482,Portage,49002,1A4050300038CFE000015128,Banana Split Vape Cart,Vape Cart
First Class Cannabis Co.,AU-R-000482,Portage,49002,1A4050300038CFE000015129,Banana Split Vape Cart,Vape Cart
First Class Cannabis Co.,AU-R-000482,Portage,49002,1A4050300038CFE000015133,Banana Split Vape Cart,Vape Cart
First Class Cannabis Co.,AU-R-000482,Portage,49002,1A405030003EA59000001828,Blue Dream 1g Disposable,Vape Cart
First Class Cannabis Co.,AU-R-000482,Portage,49002,1A4050300038CFE000015153,Blue Dream Vape Cart,Vape Cart
First Class Cannabis Co.,AU-R-000482,Portage,49002,1A4050300038CFE000015157,Blue Dream Vape Cart,Vape Cart
First Class Cannabis Co.,AU-R-000482,Portage,49002,1A4050300038CFE000015160,Blue Dream Vape Cart,Vape Cart
First Class Cannabis Co.,AU-R-000482,Portage,49002,1A4050300038CFE000014125,Blue Razz 1g Disposable,Vape Cart
First Class Cannabis Co.,AU-R-000482,Portage,49002,1A405030003EA59000001839,Blue Razz 1g Disposable,Vape Cart
First Class Cannabis Co.,AU-R-000482,Portage,49002,1A4050300038CFE000016256,Blueberry Pancake 1g Disposable,Vape Cart
First Class Cannabis Co.,AU-R-000482,Portage,49002,1A4050300038CFE000017078,Blueberry Pancake 1g vape,Vape Cart
First Class Cannabis Co.,AU-R-000482,Portage,49002,1A405030003EA59000001885,Blueberry Pancake 1g vape,Vape Cart
First Class Cannabis Co.,AU-R-000482,Portage,49002,1A4050300038CFE000016805,Cherry Pie 1g Disposable,Vape Cart
First Class Cannabis Co.,AU-R-000482,Portage,49002,1A4050300038CFE000014870,Cherry Pie Vape Cart,Vape Cart
First Class Cannabis Co.,AU-R-000482,Portage,49002,1A4050300038CFE000014872,Cherry Pie Vape Cart,Vape Cart
First Class Cannabis Co.,AU-R-000482,Portage,49002,1A4050300038CFE000014881,Cherry Pie Vape Cart,Vape Cart
First Class Cannabis Co.,AU-R-000482,Portage,49002,1A4050300038CFE000014890,Cherry Pie Vape Cart,Vape Cart
First Class Cannabis Co.,AU-R-000482,Portage,49002,1A4050300038CFE000017207,Fruity Pebbles 1g Disposable,Vape Cart
First Class Cannabis Co.,AU-R-000482,Portage,49002,1A405030003EA59000001832,Fruity Pebbles 1g Disposable,Vape Cart
First Class Cannabis Co.,AU-R-000482,Portage,49002,1A4050300038CFE000014523,Fruity Pebbles Vape Cart,Vape Cart
First Class Cannabis Co.,AU-R-000482,Portage,49002,1A4050300038CFE000014528,Fruity Pebbles Vape Cart,Vape Cart
First Class Cannabis Co.,AU-R-000482,Portage,49002,1A4050300038CFE000014529,Fruity Pebbles Vape Cart,Vape Cart
First Class Cannabis Co.,AU-R-000482,Portage,49002,1A4050300038CFE000014998,Fruity Pebbles Vape Cart,Vape Cart
First Class Cannabis Co.,AU-R-000482,Portage,49002,1A4050300038CFE000011080,Grape Soda 1g Vape,Vape Cart
First Class Cannabis Co.,AU-R-000482,Portage,49002,1A4050300038CFE000015033,Grape Soda 1g Vape,Vape Cart
First Class Cannabis Co.,AU-R-000482,Portage,49002,1A4050300038CFE000015040,Grape Soda 1g Vape,Vape Cart
First Class Cannabis Co.,AU-R-000482,Portage,49002,1A4050300038CFE000015046,Grape Soda 1g Vape,Vape Cart
First Class Cannabis Co.,AU-R-000482,Portage,49002,1A405030003EA59000001844,Jungle Juice 1g Disposable,Vape Cart
First Class Cannabis Co.,AU-R-000482,Portage,49002,1A4050300038CFE000015183,Jungle Juice Vape Cart,Vape Cart
First Class Cannabis Co.,AU-R-000482,Portage,49002,1A4050300038CFE000015191,Jungle Juice Vape Cart,Vape Cart
First Class Cannabis Co.,AU-R-000482,Portage,49002,1A4050300038CFE000014830,Lemon Cheese Cake Vape,Vape Cart
First Class Cannabis Co.,AU-R-000482,Portage,49002,1A4050300038CFE000014842,Lemon Cheese Cake Vape,Vape Cart
First Class Cannabis Co.,AU-R-000482,Portage,49002,1A4050300038CFE000014843,Lemon Cheese Cake Vape,Vape Cart
First Class Cannabis Co.,AU-R-000482,Portage,49002,1A405030003EA59000001887,Lemon Cheese Cake Vape,Vape Cart
First Class Cannabis Co.,AU-R-000482,Portage,49002,1A4050300038CFE000014986,Lemon Drop Vape Cart,Vape Cart
First Class Cannabis Co.,AU-R-000482,Portage,49002,1A4050300038CFE000014485,Lemon Pie Vape Cart,Vape Cart
First Class Cannabis Co.,AU-R-000482,Portage,49002,1A4050300038CFE000014488,Lemon Pie Vape Cart,Vape Cart
First Class Cannabis Co.,AU-R-000482,Portage,49002,1A4050300038CFE000014635,Lemon Pie Vape Cart,Vape Cart
First Class Cannabis Co.,AU-R-000482,Portage,49002,1A4050300038CFE000014638,Lemon Pie Vape Cart,Vape Cart
First Class Cannabis Co.,AU-R-000482,Portage,49002,1A4050300038CFE000014942,OG Vape Cart,Vape Cart
First Class Cannabis Co.,AU-R-000482,Portage,49002,1A4050300038CFE000014946,OG Vape Cart,Vape Cart
First Class Cannabis Co.,AU-R-000482,Portage,49002,1A4050300038CFE000014953,OG Vape Cart,Vape Cart
First Class Cannabis Co.,AU-R-000482,Portage,49002,1A405030003EA59000001884,OG Vape Cart,Vape Cart
First Class Cannabis Co.,AU-R-000482,Portage,49002,1A405030003EA59000001849,Orange Soda 1g Disposable,Vape Cart
First Class Cannabis Co.,AU-R-000482,Portage,49002,1A4050300038CFE000013598,Orange Soda Vape Cart,Vape Cart
First Class Cannabis Co.,AU-R-000482,Portage,49002,1A4050300038CFE000016878,Orange Soda Vape Cart,Vape Cart
First Class Cannabis Co.,AU-R-000482,Portage,49002,1A405030003EA59000001892,Peaches and Cream Vape Cart,Vape Cart
First Class Cannabis Co.,AU-R-000482,Portage,49002,1A405030003EA59000001857,Pina Colada Disposables,Vape Cart
First Class Cannabis Co.,AU-R-000482,Portage,49002,1A4050300038CFE000016171,Pink Lemonade 1g Vape Cart,Vape Cart
First Class Cannabis Co.,AU-R-000482,Portage,49002,1A4050300038CFE000015213,Strawberry Cough 1g Vape,Vape Cart
First Class Cannabis Co.,AU-R-000482,Portage,49002,1A4050300038CFE000015215,Strawberry Cough 1g Vape,Vape Cart
First Class Cannabis Co.,AU-R-000482,Portage,49002,1A4050300038CFE000015217,Strawberry Cough 1g Vape,Vape Cart
First Class Cannabis Co.,AU-R-000482,Portage,49002,1A4050300038CFE000014065,Strawberry Shortcake 1g Disposable,Vape Cart
First Class Cannabis Co.,AU-R-000482,Portage,49002,1A4050300038CFE000014073,Strawberry Shortcake 1g Disposable,Vape Cart
First Class Cannabis Co.,AU-R-000482,Portage,49002,1A405030003EA59000001891,Strawberry Shortcake Vape Cart,Vape Cart
First Class Cannabis Co.,AU-R-000482,Portage,49002,1A4050300038CFE000015995,Watermelon Freeze Disposables,Vape Cart
First Class Cannabis Co.,AU-R-000482,Portage,49002,1A405030003EA59000001852,Watermelon Freeze Disposables,Vape Cart
First Class Cannabis Co.,AU-R-000482,Portage,49002,1A4050300038CFE000014608,Watermelon Freeze Vape Cart,Vape Cart
First Class Cannabis Co.,AU-R-000482,Portage,49002,1A4050300038CFE000014627,Watermelon Freeze Vape Cart,Vape Cart
First Class Cannabis Co.,AU-R-000482,Portage,49002,1A4050300038CFE000014914,Watermelon Freeze Vape Cart,Vape Cart
First Class Cannabis Co.,AU-R-000552,Camden,49232,1A4050300038CFE000015230,Banana Split 1g Disposable,Vape Cart
First Class Cannabis Co.,AU-R-000552,Camden,49232,1A4050300038CFE000015237,Banana Split 1g Disposable,Vape Cart
First Class Cannabis Co.,AU-R-000552,Camden,49232,1A4050300038CFE000015238,Banana Split 1g Disposable,Vape Cart
First Class Cannabis Co.,AU-R-000552,Camden,49232,1A4050300038CFE000015241,Banana Split 1g Disposable,Vape Cart
First Class Cannabis Co.,AU-R-000552,Camden,49232,1A405030003EA59000001860,Banana Split 1g Disposable,Vape Cart
First Class Cannabis Co.,AU-R-000552,Camden,49232,1A4050300038CFE000015122,Banana Split Vape Cart,Vape Cart
First Class Cannabis Co.,AU-R-000552,Camden,49232,1A4050300038CFE000015126,Banana Split Vape Cart,Vape Cart
First Class Cannabis Co.,AU-R-000552,Camden,49232,1A4050300038CFE000015127,Banana Split Vape Cart,Vape Cart
First Class Cannabis Co.,AU-R-000552,Camden,49232,1A4050300038CFE000015130,Banana Split Vape Cart,Vape Cart
First Class Cannabis Co.,AU-R-000552,Camden,49232,1A4050300038CFE000015131,Banana Split Vape Cart,Vape Cart
First Class Cannabis Co.,AU-R-000552,Camden,49232,1A4050300038CFE000015134,Banana Split Vape Cart,Vape Cart
First Class Cannabis Co.,AU-R-000552,Camden,49232,1A4050300038CFE000017402,Banana Split Vape Cart,Vape Cart
First Class Cannabis Co.,AU-R-000552,Camden,49232,1A4050300038CFE000014108,Blue Dream 1g Disposable,Vape Cart
First Class Cannabis Co.,AU-R-000552,Camden,49232,1A4050300038CFE000014109,Blue Dream 1g Disposable,Vape Cart
First Class Cannabis Co.,AU-R-000552,Camden,49232,1A4050300038CFE000015283,Blue Dream 1g Disposable,Vape Cart
First Class Cannabis Co.,AU-R-000552,Camden,49232,1A405030003EA59000001826,Blue Dream 1g Disposable,Vape Cart
First Class Cannabis Co.,AU-R-000552,Camden,49232,1A4050300038CFE000015148,Blue Dream Vape Cart,Vape Cart
First Class Cannabis Co.,AU-R-000552,Camden,49232,1A4050300038CFE000015152,Blue Dream Vape Cart,Vape Cart
First Class Cannabis Co.,AU-R-000552,Camden,49232,1A4050300038CFE000015159,Blue Dream Vape Cart,Vape Cart
First Class Cannabis Co.,AU-R-000552,Camden,49232,1A4050300038CFE000015162,Blue Dream Vape Cart,Vape Cart
First Class Cannabis Co.,AU-R-000552,Camden,49232,1A4050300038CFE000017398,Blue Dream Vape Cart,Vape Cart
First Class Cannabis Co.,AU-R-000552,Camden,49232,1A405030003EA59000001836,Blue Razz 1g Disposable,Vape Cart
First Class Cannabis Co.,AU-R-000552,Camden,49232,1A4050300038CFE000011210,Blueberry Pancake 1g vape,Vape Cart
First Class Cannabis Co.,AU-R-000552,Camden,49232,1A4050300038CFE000017399,Cereal Milk 1g Vape,Vape Cart
First Class Cannabis Co.,AU-R-000552,Camden,49232,1A4050300038CFE000014865,Cherry Pie Vape Cart,Vape Cart
First Class Cannabis Co.,AU-R-000552,Camden,49232,1A4050300038CFE000014868,Cherry Pie Vape Cart,Vape Cart
First Class Cannabis Co.,AU-R-000552,Camden,49232,1A4050300038CFE000014876,Cherry Pie Vape Cart,Vape Cart
First Class Cannabis Co.,AU-R-000552,Camden,49232,1A4050300038CFE000014891,Cherry Pie Vape Cart,Vape Cart
First Class Cannabis Co.,AU-R-000552,Camden,49232,1A4050300038CFE000014893,Cherry Pie Vape Cart,Vape Cart
First Class Cannabis Co.,AU-R-000552,Camden,49232,1A4050300038CFE000014894,Cherry Pie Vape Cart,Vape Cart
First Class Cannabis Co.,AU-R-000552,Camden,49232,1A4050300038CFE000014754,Fruity Pebbles 1g Disposable,Vape Cart
First Class Cannabis Co.,AU-R-000552,Camden,49232,1A4050300038CFE000014755,Fruity Pebbles 1g Disposable,Vape Cart
First Class Cannabis Co.,AU-R-000552,Camden,49232,1A4050300038CFE000014756,Fruity Pebbles 1g Disposable,Vape Cart
First Class Cannabis Co.,AU-R-000552,Camden,49232,1A4050300038CFE000014757,Fruity Pebbles 1g Disposable,Vape Cart
First Class Cannabis Co.,AU-R-000552,Camden,49232,1A4050300038CFE000014762,Fruity Pebbles 1g Disposable,Vape Cart
First Class Cannabis Co.,AU-R-000552,Camden,49232,1A4050300038CFE000014765,Fruity Pebbles 1g Disposable,Vape Cart
First Class Cannabis Co.,AU-R-000552,Camden,49232,1A4050300038CFE000014768,Fruity Pebbles 1g Disposable,Vape Cart
First Class Cannabis Co.,AU-R-000552,Camden,49232,1A4050300038CFE000014769,Fruity Pebbles 1g Disposable,Vape Cart
First Class Cannabis Co.,AU-R-000552,Camden,49232,1A405030003EA59000001834,Fruity Pebbles 1g Disposable,Vape Cart
First Class Cannabis Co.,AU-R-000552,Camden,49232,1A4050300038CFE000011072,Grape Soda 1g Vape,Vape Cart
First Class Cannabis Co.,AU-R-000552,Camden,49232,1A4050300038CFE000015032,Grape Soda 1g Vape,Vape Cart
First Class Cannabis Co.,AU-R-000552,Camden,49232,1A4050300038CFE000015039,Grape Soda 1g Vape,Vape Cart
First Class Cannabis Co.,AU-R-000552,Camden,49232,1A4050300038CFE000015041,Grape Soda 1g Vape,Vape Cart
First Class Cannabis Co.,AU-R-000552,Camden,49232,1A4050300038CFE000015044,Grape Soda 1g Vape,Vape Cart
First Class Cannabis Co.,AU-R-000552,Camden,49232,1A4050300038CFE000015045,Grape Soda 1g Vape,Vape Cart
First Class Cannabis Co.,AU-R-000552,Camden,49232,1A4050300038CFE000015048,Grape Soda 1g Vape,Vape Cart
First Class Cannabis Co.,AU-R-000552,Camden,49232,1A405030003EA59000001840,Jungle Juice 1g Disposable,Vape Cart
First Class Cannabis Co.,AU-R-000552,Camden,49232,1A4050300038CFE000015185,Jungle Juice Vape Cart,Vape Cart
First Class Cannabis Co.,AU-R-000552,Camden,49232,1A4050300038CFE000011204,Lemon Cheese Cake Vape,Vape Cart
First Class Cannabis Co.,AU-R-000552,Camden,49232,1A4050300038CFE000014825,Lemon Cheese Cake Vape,Vape Cart
First Class Cannabis Co.,AU-R-000552,Camden,49232,1A4050300038CFE000014827,Lemon Cheese Cake Vape,Vape Cart
First Class Cannabis Co.,AU-R-000552,Camden,49232,1A4050300038CFE000014829,Lemon Cheese Cake Vape,Vape Cart
First Class Cannabis Co.,AU-R-000552,Camden,49232,1A4050300038CFE000014831,Lemon Cheese Cake Vape,Vape Cart
First Class Cannabis Co.,AU-R-000552,Camden,49232,1A4050300038CFE000014836,Lemon Cheese Cake Vape,Vape Cart
First Class Cannabis Co.,AU-R-000552,Camden,49232,1A4050300038CFE000014838,Lemon Cheese Cake Vape,Vape Cart
First Class Cannabis Co.,AU-R-000552,Camden,49232,1A4050300038CFE000017405,Lemon Cheese Cake Vape,Vape Cart
First Class Cannabis Co.,AU-R-000552,Camden,49232,1A4050300038CFE000014977,Lemon Drop Vape Cart,Vape Cart
First Class Cannabis Co.,AU-R-000552,Camden,49232,1A4050300038CFE000014980,Lemon Drop Vape Cart,Vape Cart
First Class Cannabis Co.,AU-R-000552,Camden,49232,1A4050300038CFE000014982,Lemon Drop Vape Cart,Vape Cart
First Class Cannabis Co.,AU-R-000552,Camden,49232,1A4050300038CFE000014985,Lemon Drop Vape Cart,Vape Cart
First Class Cannabis Co.,AU-R-000552,Camden,49232,1A4050300038CFE000014988,Lemon Drop Vape Cart,Vape Cart
First Class Cannabis Co.,AU-R-000552,Camden,49232,1A4050300038CFE000014990,Lemon Drop Vape Cart,Vape Cart
First Class Cannabis Co.,AU-R-000552,Camden,49232,1A4050300038CFE000017401,Lemon Drop Vape Cart,Vape Cart
First Class Cannabis Co.,AU-R-000552,Camden,49232,1A4050300038CFE000014487,Lemon Pie Vape Cart,Vape Cart
First Class Cannabis Co.,AU-R-000552,Camden,49232,1A4050300038CFE000014632,Lemon Pie Vape Cart,Vape Cart
First Class Cannabis Co.,AU-R-000552,Camden,49232,1A4050300038CFE000017404,OG Disposables,Vape Cart
First Class Cannabis Co.,AU-R-000552,Camden,49232,1A4050300038CFE000014931,OG Vape Cart,Vape Cart
First Class Cannabis Co.,AU-R-000552,Camden,49232,1A4050300038CFE000014933,OG Vape Cart,Vape Cart
First Class Cannabis Co.,AU-R-000552,Camden,49232,1A4050300038CFE000014935,OG Vape Cart,Vape Cart
First Class Cannabis Co.,AU-R-000552,Camden,49232,1A4050300038CFE000014937,OG Vape Cart,Vape Cart
First Class Cannabis Co.,AU-R-000552,Camden,49232,1A4050300038CFE000014940,OG Vape Cart,Vape Cart
First Class Cannabis Co.,AU-R-000552,Camden,49232,1A4050300038CFE000014945,OG Vape Cart,Vape Cart
First Class Cannabis Co.,AU-R-000552,Camden,49232,1A405030003EA59000001845,Orange Soda 1g Disposable,Vape Cart
First Class Cannabis Co.,AU-R-000552,Camden,49232,1A4050300038CFE000011207,Peaches and Cream Vape Cart,Vape Cart
First Class Cannabis Co.,AU-R-000552,Camden,49232,1A4050300038CFE000017403,Peaches and Cream Vape Cart,Vape Cart
First Class Cannabis Co.,AU-R-000552,Camden,49232,1A405030003EA59000001859,Pina Colada Disposables,Vape Cart
First Class Cannabis Co.,AU-R-000552,Camden,49232,1A4050300038CFE000015202,Strawberry Cough 1g Vape,Vape Cart
First Class Cannabis Co.,AU-R-000552,Camden,49232,1A4050300038CFE000015203,Strawberry Cough 1g Vape,Vape Cart
First Class Cannabis Co.,AU-R-000552,Camden,49232,1A4050300038CFE000015206,Strawberry Cough 1g Vape,Vape Cart
First Class Cannabis Co.,AU-R-000552,Camden,49232,1A4050300038CFE000015207,Strawberry Cough 1g Vape,Vape Cart
First Class Cannabis Co.,AU-R-000552,Camden,49232,1A4050300038CFE000015208,Strawberry Cough 1g Vape,Vape Cart
First Class Cannabis Co.,AU-R-000552,Camden,49232,1A4050300038CFE000015209,Strawberry Cough 1g Vape,Vape Cart
First Class Cannabis Co.,AU-R-000552,Camden,49232,1A4050300038CFE000011208,Strawberry Shortcake Vape Cart,Vape Cart
First Class Cannabis Co.,AU-R-000552,Camden,49232,1A405030003EA59000001850,Watermelon Freeze Disposables,Vape Cart
First Class Cannabis Co.,AU-R-000552,Camden,49232,1A4050300038CFE000014601,Watermelon Freeze Vape Cart,Vape Cart
First Class Cannabis Co.,AU-R-000552,Camden,49232,1A4050300038CFE000014609,Watermelon Freeze Vape Cart,Vape Cart
First Class Cannabis Co.,AU-R-000552,Camden,49232,1A4050300038CFE000014611,Watermelon Freeze Vape Cart,Vape Cart
First Class Cannabis Co.,AU-R-000552,Camden,49232,1A4050300038CFE000014614,Watermelon Freeze Vape Cart,Vape Cart
First Class Cannabis Co.,AU-R-000552,Camden,49232,1A4050300038CFE000014617,Watermelon Freeze Vape Cart,Vape Cart
First Class Cannabis Co.,AU-R-000552,Camden,49232,1A4050300038CFE000014619,Watermelon Freeze Vape Cart,Vape Cart
First Class Cannabis Co.,AU-R-000552,Camden,49232,1A4050300038CFE000014622,Watermelon Freeze Vape Cart,Vape Cart
First Class Cannabis Co.,AU-R-000824,Jackson,49201,1A405030003EA59000001864,Banana Split 1g Disposable,Vape Cart
First Class Cannabis Co.,AU-R-000824,Jackson,49201,1A4050300038CFE000015123,Banana Split Vape Cart,Vape Cart
First Class Cannabis Co.,AU-R-000824,Jackson,49201,1A4050300038CFE000015132,Banana Split Vape Cart,Vape Cart
First Class Cannabis Co.,AU-R-000824,Jackson,49201,1A405030003EA59000001827,Blue Dream 1g Disposable,Vape Cart
First Class Cannabis Co.,AU-R-000824,Jackson,49201,1A4050300038CFE000015154,Blue Dream Vape Cart,Vape Cart
First Class Cannabis Co.,AU-R-000824,Jackson,49201,1A4050300038CFE000015155,Blue Dream Vape Cart,Vape Cart
First Class Cannabis Co.,AU-R-000824,Jackson,49201,1A4050300038CFE000015163,Blue Dream Vape Cart,Vape Cart
First Class Cannabis Co.,AU-R-000824,Jackson,49201,1A4050300038CFE000014127,Blue Razz 1g Disposable,Vape Cart
First Class Cannabis Co.,AU-R-000824,Jackson,49201,1A405030003EA59000001838,Blue Razz 1g Disposable,Vape Cart
First Class Cannabis Co.,AU-R-000824,Jackson,49201,1A4050300038CFE000016233,Blueberry Pancake 1g Disposable,Vape Cart
First Class Cannabis Co.,AU-R-000824,Jackson,49201,1A4050300038CFE000017076,Blueberry Pancake 1g vape,Vape Cart
First Class Cannabis Co.,AU-R-000824,Jackson,49201,1A4050300038CFE000016804,Cherry Pie 1g Disposable,Vape Cart
First Class Cannabis Co.,AU-R-000824,Jackson,49201,1A4050300038CFE000014867,Cherry Pie Vape Cart,Vape Cart
First Class Cannabis Co.,AU-R-000824,Jackson,49201,1A4050300038CFE000014892,Cherry Pie Vape Cart,Vape Cart
First Class Cannabis Co.,AU-R-000824,Jackson,49201,1A4050300038CFE000017208,Fruity Pebbles 1g Disposable,Vape Cart
First Class Cannabis Co.,AU-R-000824,Jackson,49201,1A405030003EA59000001830,Fruity Pebbles 1g Disposable,Vape Cart
First Class Cannabis Co.,AU-R-000824,Jackson,49201,1A4050300038CFE000014521,Fruity Pebbles Vape Cart,Vape Cart
First Class Cannabis Co.,AU-R-000824,Jackson,49201,1A4050300038CFE000014995,Fruity Pebbles Vape Cart,Vape Cart
First Class Cannabis Co.,AU-R-000824,Jackson,49201,1A4050300038CFE000014997,Fruity Pebbles Vape Cart,Vape Cart
First Class Cannabis Co.,AU-R-000824,Jackson,49201,1A4050300038CFE000015000,Fruity Pebbles Vape Cart,Vape Cart
First Class Cannabis Co.,AU-R-000824,Jackson,49201,1A4050300038CFE000015035,Grape Soda 1g Vape,Vape Cart
First Class Cannabis Co.,AU-R-000824,Jackson,49201,1A4050300038CFE000015054,Grape Soda 1g Vape,Vape Cart
First Class Cannabis Co.,AU-R-000824,Jackson,49201,1A405030003EA59000001842,Jungle Juice 1g Disposable,Vape Cart
First Class Cannabis Co.,AU-R-000824,Jackson,49201,1A4050300038CFE000015178,Jungle Juice Vape Cart,Vape Cart
First Class Cannabis Co.,AU-R-000824,Jackson,49201,1A4050300038CFE000015179,Jungle Juice Vape Cart,Vape Cart
First Class Cannabis Co.,AU-R-000824,Jackson,49201,1A4050300038CFE000015187,Jungle Juice Vape Cart,Vape Cart
First Class Cannabis Co.,AU-R-000824,Jackson,49201,1A4050300038CFE000015188,Jungle Juice Vape Cart,Vape Cart
First Class Cannabis Co.,AU-R-000824,Jackson,49201,1A4050300038CFE000016908,Jungle Juice Vape Cart,Vape Cart
First Class Cannabis Co.,AU-R-000824,Jackson,49201,1A4050300038CFE000014826,Lemon Cheese Cake Vape,Vape Cart
First Class Cannabis Co.,AU-R-000824,Jackson,49201,1A4050300038CFE000014845,Lemon Cheese Cake Vape,Vape Cart
First Class Cannabis Co.,AU-R-000824,Jackson,49201,1A405030003EA59000001871,Lemon Cheese Cake Vape,Vape Cart
First Class Cannabis Co.,AU-R-000824,Jackson,49201,1A4050300038CFE000014958,Lemon Drop Vape Cart,Vape Cart
First Class Cannabis Co.,AU-R-000824,Jackson,49201,1A4050300038CFE000014976,Lemon Drop Vape Cart,Vape Cart
First Class Cannabis Co.,AU-R-000824,Jackson,49201,1A4050300038CFE000014987,Lemon Drop Vape Cart,Vape Cart
First Class Cannabis Co.,AU-R-000824,Jackson,49201,1A4050300038CFE000014640,Lemon Pie Vape Cart,Vape Cart
First Class Cannabis Co.,AU-R-000824,Jackson,49201,1A4050300038CFE000014643,Lemon Pie Vape Cart,Vape Cart
First Class Cannabis Co.,AU-R-000824,Jackson,49201,1A4050300038CFE000014941,OG Vape Cart,Vape Cart
First Class Cannabis Co.,AU-R-000824,Jackson,49201,1A405030003EA59000001870,OG Vape Cart,Vape Cart
First Class Cannabis Co.,AU-R-000824,Jackson,49201,1A405030003EA59000001847,Orange Soda 1g Disposable,Vape Cart
First Class Cannabis Co.,AU-R-000824,Jackson,49201,1A4050300038CFE000016877,Orange Soda Vape Cart,Vape Cart
First Class Cannabis Co.,AU-R-000824,Jackson,49201,1A405030003EA59000001874,Peaches and Cream Vape Cart,Vape Cart
First Class Cannabis Co.,AU-R-000824,Jackson,49201,1A405030003EA59000001856,Pina Colada Disposables,Vape Cart
First Class Cannabis Co.,AU-R-000824,Jackson,49201,1A4050300038CFE000016172,Pink Lemonade 1g Vape Cart,Vape Cart
First Class Cannabis Co.,AU-R-000824,Jackson,49201,1A4050300038CFE000015204,Strawberry Cough 1g Vape,Vape Cart
First Class Cannabis Co.,AU-R-000824,Jackson,49201,1A4050300038CFE000015205,Strawberry Cough 1g Vape,Vape Cart
First Class Cannabis Co.,AU-R-000824,Jackson,49201,1A4050300038CFE000014068,Strawberry Shortcake 1g Disposable,Vape Cart
First Class Cannabis Co.,AU-R-000824,Jackson,49201,1A4050300038CFE000014069,Strawberry Shortcake 1g Disposable,Vape Cart
First Class Cannabis Co.,AU-R-000824,Jackson,49201,1A405030003EA59000001873,Strawberry Shortcake Vape Cart,Vape Cart
First Class Cannabis Co.,AU-R-000824,Jackson,49201,1A405030003EA59000001854,Watermelon Freeze Disposables,Vape Cart
First Class Cannabis Co.,AU-R-000824,Jackson,49201,1A4050300038CFE000014603,Watermelon Freeze Vape Cart,Vape Cart
First Class Cannabis Co.,AU-R-000824,Jackson,49201,1A4050300038CFE000014604,Watermelon Freeze Vape Cart,Vape Cart
First Class Cannabis Co.,AU-R-000824,Jackson,49201,1A4050300038CFE000014621,Watermelon Freeze Vape Cart,Vape Cart
First Class Cannabis Co.,AU-R-000824,Jackson,49201,1A4050300038CFE000014915,Watermelon Freeze Vape Cart,Vape Cart
Flavor Galaxy LLC,AU-P-000373,Hazel Park,48030,1A4050300038CFE000006019,Jungle Juice 5 - .7g Infused Prerolls,Buds
Flavor Galaxy LLC,AU-P-000373,Hazel Park,48030,1A4050300038CFE000007778,Jungle Juice 5 - .7g Infused Prerolls,Buds
Flavor Galaxy LLC,AU-P-000373,Hazel Park,48030,1A4050300038CFE000005889,Lemon Pie 5 - .7g Infused Prerolls,Buds
Flavor Galaxy LLC,AU-P-000373,Hazel Park,48030,1A4050300038CFE000006530,Lemon Pie 5 - .7g Infused Prerolls,Buds
Flavor Galaxy LLC,AU-P-000373,Hazel Park,48030,1A4050300038CFE000016053,Blue Raspberry 1g Infused Preroll,Infused Pre-Rolls
Flavor Galaxy LLC,AU-P-000373,Hazel Park,48030,1A4050300038CFE000020498,Blue Raspberry 1g Infused Preroll,Infused Pre-Rolls
Flavor Galaxy LLC,AU-P-000373,Hazel Park,48030,1A4050300038CFE000001806,Grape 1g Infused Preroll,Infused Pre-Rolls
Flavor Galaxy LLC,AU-P-000373,Hazel Park,48030,1A4050300038CFE000002532,Grape 1g Infused Preroll,Infused Pre-Rolls
Flavor Galaxy LLC,AU-P-000373,Hazel Park,48030,1A4050300038CFE000002820,Grape 1g Infused Preroll,Infused Pre-Rolls
Flavor Galaxy LLC,AU-P-000373,Hazel Park,48030,1A4050300038CFE000002853,Grape 1g Infused Preroll,Infused Pre-Rolls
Flavor Galaxy LLC,AU-P-000373,Hazel Park,48030,1A4050300038CFE000003142,Grape Infused 1g Preroll,Infused Pre-Rolls
Flavor Galaxy LLC,AU-P-000373,Hazel Park,48030,1A4050300038CFE000003287,OG 1g Infused Preroll,Infused Pre-Rolls
Flavor Galaxy LLC,AU-P-000373,Hazel Park,48030,1A4050300038CFE000004551,OG 1g Infused Preroll,Infused Pre-Rolls
Flavor Galaxy LLC,AU-P-000373,Hazel Park,48030,1A4050300038CFE000005793,OG 1g Infused Preroll,Infused Pre-Rolls
Flavor Galaxy LLC,AU-P-000373,Hazel Park,48030,1A4050300038CFE000007195,OG 1g Infused Preroll,Infused Pre-Rolls
Flavor Galaxy LLC,AU-P-000373,Hazel Park,48030,1A4050300038CFE000009845,OG 1g Infused Preroll,Infused Pre-Rolls
Flavor Galaxy LLC,AU-P-000373,Hazel Park,48030,1A4050300038CFE000011135,OG 1g Infused Preroll,Infused Pre-Rolls
Flavor Galaxy LLC,AU-P-000373,Hazel Park,48030,1A4050300038CFE000011265,OG 1g Infused Preroll,Infused Pre-Rolls
Flavor Galaxy LLC,AU-P-000373,Hazel Park,48030,1A4050300038CFE000012697,OG 1g Infused Preroll,Infused Pre-Rolls
Flavor Galaxy LLC,AU-P-000373,Hazel Park,48030,1A4050300038CFE000002471,Peach Mango 1g Infused Preroll,Infused Pre-Rolls
Flavor Galaxy LLC,AU-P-000373,Hazel Park,48030,1A4050300038CFE000006006,Peach Mango 1g Infused Preroll,Infused Pre-Rolls
Flavor Galaxy LLC,AU-P-000373,Hazel Park,48030,1A4050300038CFE000006638,Peach Mango 1g Infused Preroll,Infused Pre-Rolls
Flavor Galaxy LLC,AU-P-000373,Hazel Park,48030,1A4050300038CFE000007198,Peach Mango 1g Infused Preroll,Infused Pre-Rolls
Flavor Galaxy LLC,AU-P-000373,Hazel Park,48030,1A4050300038CFE000010071,Peach Mango 1g Infused Preroll,Infused Pre-Rolls
Flavor Galaxy LLC,AU-P-000373,Hazel Park,48030,1A4050300038CFE000011351,Peach Mango 1g Infused Preroll,Infused Pre-Rolls
Flavor Galaxy LLC,AU-P-000373,Hazel Park,48030,1A4050300038CFE000013882,Peach Mango 1g Infused Preroll,Infused Pre-Rolls
Flavor Galaxy LLC,AU-P-000373,Hazel Park,48030,1A4050300038CFE000015099,Peach Mango 1g Infused Preroll,Infused Pre-Rolls
Flavor Galaxy LLC,AU-P-000373,Hazel Park,48030,1A4050300038CFE000012610,Pineapple 1g Infused Preroll,Infused Pre-Rolls
Flavor Galaxy LLC,AU-P-000373,Hazel Park,48030,1A4050300038CFE000013248,Pineapple 1g Infused Preroll,Infused Pre-Rolls
Flavor Galaxy LLC,AU-P-000373,Hazel Park,48030,1A4050300038CFE000020496,Pineapple 1g Infused Preroll,Infused Pre-Rolls
Flavor Galaxy LLC,AU-P-000373,Hazel Park,48030,1A4050300038CFE000022564,Pineapple 1g Infused Preroll,Infused Pre-Rolls
Flavor Galaxy LLC,AU-P-000373,Hazel Park,48030,1A4050300038CFE000022570,Pineapple 1g Infused Preroll,Infused Pre-Rolls
Flavor Galaxy LLC,AU-P-000373,Hazel Park,48030,1A4050300038CFE000000985,Skywalker 1g Infused Preroll,Infused Pre-Rolls
Flavor Galaxy LLC,AU-P-000373,Hazel Park,48030,1A4050300038CFE000006010,Skywalker 1g Infused Preroll,Infused Pre-Rolls
Flavor Galaxy LLC,AU-P-000373,Hazel Park,48030,1A4050300038CFE000006074,Skywalker 1g Infused Preroll,Infused Pre-Rolls
Flavor Galaxy LLC,AU-P-000373,Hazel Park,48030,1A4050300038CFE000006567,Skywalker 1g Infused Preroll,Infused Pre-Rolls
Flavor Galaxy LLC,AU-P-000373,Hazel Park,48030,1A4050300038CFE000012554,Skywalker 1g Infused Preroll,Infused Pre-Rolls
Flavor Galaxy LLC,AU-P-000373,Hazel Park,48030,1A4050300038CFE000020494,Skywalker 1g Infused Preroll,Infused Pre-Rolls
Flavor Galaxy LLC,AU-P-000373,Hazel Park,48030,1A4050300038CFE000022548,Skywalker 1g Infused Preroll,Infused Pre-Rolls
Flavor Galaxy LLC,AU-P-000373,Hazel Park,48030,1A4050300038CFE000004429,Strawberry 1g Infused Preroll,Infused Pre-Rolls
Flavor Galaxy LLC,AU-P-000373,Hazel Park,48030,1A4050300038CFE000004604,Strawberry 1g Infused Preroll,Infused Pre-Rolls
Flavor Galaxy LLC,AU-P-000373,Hazel Park,48030,1A4050300038CFE000006145,Strawberry 1g Infused Preroll,Infused Pre-Rolls
Flavor Galaxy LLC,AU-P-000373,Hazel Park,48030,1A4050300038CFE000006986,Strawberry 1g Infused Preroll,Infused Pre-Rolls
Flavor Galaxy LLC,AU-P-000373,Hazel Park,48030,1A4050300038CFE000011854,Strawberry 1g Infused Preroll,Infused Pre-Rolls
Flavor Galaxy LLC,AU-P-000373,Hazel Park,48030,1A4050300038CFE000016582,Strawberry 1g Infused Preroll,Infused Pre-Rolls
Flavor Galaxy LLC,AU-P-000373,Hazel Park,48030,1A4050300038CFE000001838,Watermelon 1.5g Infused Blunt,Infused Pre-Rolls
Flavor Galaxy LLC,AU-P-000373,Hazel Park,48030,1A4050300038CFE000001813,Watermelon 1g Infused Preroll,Infused Pre-Rolls
Flavor Galaxy LLC,AU-P-000373,Hazel Park,48030,1A4050300038CFE000002478,Watermelon 1g Infused Preroll,Infused Pre-Rolls
Flavor Galaxy LLC,AU-P-000373,Hazel Park,48030,1A4050300038CFE000002520,Watermelon 1g Infused Preroll,Infused Pre-Rolls
Flavor Galaxy LLC,AU-P-000373,Hazel Park,48030,1A4050300038CFE000004905,Watermelon 1g Infused Preroll,Infused Pre-Rolls
Flavor Galaxy LLC,AU-P-000373,Hazel Park,48030,1A4050300038CFE000005544,Watermelon 1g Infused Preroll,Infused Pre-Rolls
Flavor Galaxy LLC,AU-P-000373,Hazel Park,48030,1A4050300038CFE000006028,Watermelon 1g Infused Preroll,Infused Pre-Rolls
Flavor Galaxy LLC,AU-P-000373,Hazel Park,48030,1A4050300038CFE000006188,Watermelon 1g Infused Preroll,Infused Pre-Rolls
Flavor Galaxy LLC,AU-P-000373,Hazel Park,48030,1A4050300038CFE000007197,Watermelon 1g Infused Preroll,Infused Pre-Rolls
Flavor Galaxy LLC,AU-P-000373,Hazel Park,48030,1A4050300038CFE000010074,Watermelon 1g Infused Preroll,Infused Pre-Rolls
Flavor Galaxy LLC,AU-P-000373,Hazel Park,48030,1A4050300038CFE000010121,Watermelon 1g Infused Preroll,Infused Pre-Rolls
Flavor Galaxy LLC,AU-P-000373,Hazel Park,48030,1A4050300038CFE000001815,Waui 1g Infused Preroll,Infused Pre-Rolls
Flavor Galaxy LLC,AU-P-000373,Hazel Park,48030,1A4050300038CFE000006337,Waui 1g Infused Preroll,Infused Pre-Rolls
Flavor Galaxy LLC,AU-P-000373,Hazel Park,48030,1A4050300038CFE000007173,Waui 1g Infused Preroll,Infused Pre-Rolls
Flavor Galaxy LLC,AU-P-000373,Hazel Park,48030,1A4050300038CFE000007196,Waui 1g Infused Preroll,Infused Pre-Rolls
Flavor Galaxy LLC,AU-P-000373,Hazel Park,48030,1A4050300038CFE000007761,Waui 1g Infused Preroll,Infused Pre-Rolls
Flavor Galaxy LLC,AU-P-000373,Hazel Park,48030,1A4050300038CFE000009582,Waui 1g Infused Preroll,Infused Pre-Rolls
Flavor Galaxy LLC,AU-P-000373,Hazel Park,48030,1A4050300038CFE000009882,Waui 1g Infused Preroll,Infused Pre-Rolls
Flavor Galaxy LLC,AU-P-000373,Hazel Park,48030,1A4050300038CFE000012614,Waui 1g Infused Preroll,Infused Pre-Rolls
Flavor Galaxy LLC,AU-P-000373,Hazel Park,48030,1A4050300038CFE000013881,Waui 1g Infused Preroll,Infused Pre-Rolls
Flavor Galaxy LLC,AU-P-000373,Hazel Park,48030,1A4050300038CFE000020829,Waui 1g Infused Preroll,Infused Pre-Rolls
Flavor Galaxy LLC,AU-P-000373,Hazel Park,48030,1A4050300038CFE000002430,Banana Split 5 - .7g Infused Prerolls,Shake/Trim
Flavor Galaxy LLC,AU-P-000373,Hazel Park,48030,1A4050300038CFE000002437,Blue Dream 5 - .7g Infused Prerolls,Shake/Trim
Flavor Galaxy LLC,AU-P-000373,Hazel Park,48030,1A4050300038CFE000005952,OG 5 - .7g Infused Prerolls,Shake/Trim
Flavor Galaxy LLC,AU-P-000373,Hazel Park,48030,1A4050300038CFE000006509,Strawberry Short Cake 5 - .7g Infused Prerolls,Shake/Trim
Flavor Galaxy LLC,AU-P-000373,Hazel Park,48030,1A4050300038CFE000019126,Apple Burst 1g Vape,Vape Cart
Flavor Galaxy LLC,AU-P-000373,Hazel Park,48030,1A4050300038CFE000008241,Banana Split 1g Disposable,Vape Cart
Flavor Galaxy LLC,AU-P-000373,Hazel Park,48030,1A4050300038CFE000014599,Banana Split 1g Disposable,Vape Cart
Flavor Galaxy LLC,AU-P-000373,Hazel Park,48030,1A4050300038CFE000002429,Banana Split Vape Cart,Vape Cart
Flavor Galaxy LLC,AU-P-000373,Hazel Park,48030,1A4050300038CFE000000385,Banana Split Vape Cart,Vape Cart
Flavor Galaxy LLC,AU-P-000373,Hazel Park,48030,1A4050300038CFE000000919,Banana Split Vape Cart,Vape Cart
Flavor Galaxy LLC,AU-P-000373,Hazel Park,48030,1A4050300038CFE000000928,Banana Split Vape Cart,Vape Cart
Flavor Galaxy LLC,AU-P-000373,Hazel Park,48030,1A4050300038CFE000001061,Banana Split Vape Cart,Vape Cart
Flavor Galaxy LLC,AU-P-000373,Hazel Park,48030,1A4050300038CFE000007775,Banana Split Vape Cart,Vape Cart
Flavor Galaxy LLC,AU-P-000373,Hazel Park,48030,1A4050300038CFE000010126,Banana Split Vape Cart,Vape Cart
Flavor Galaxy LLC,AU-P-000373,Hazel Park,48030,1A4050300038CFE000012296,Banana Split Vape Cart,Vape Cart
Flavor Galaxy LLC,AU-P-000373,Hazel Park,48030,1A4050300038CFE000012370,Banana Split Vape Cart,Vape Cart
Flavor Galaxy LLC,AU-P-000373,Hazel Park,48030,1A4050300038CFE000014595,Banana Split Vape Cart,Vape Cart
Flavor Galaxy LLC,AU-P-000373,Hazel Park,48030,1A4050300038CFE000017151,Banana Split Vape Cart,Vape Cart
Flavor Galaxy LLC,AU-P-000373,Hazel Park,48030,1A4050300038CFE000017481,Banana Split Vape Cart,Vape Cart
Flavor Galaxy LLC,AU-P-000373,Hazel Park,48030,1A4050300038CFE000017492,Banana Split Vape Cart,Vape Cart
Flavor Galaxy LLC,AU-P-000373,Hazel Park,48030,1A4050300038CFE000017493,Banana Split Vape Cart,Vape Cart
Flavor Galaxy LLC,AU-P-000373,Hazel Park,48030,1A4050300038CFE000017495,Banana Split Vape Cart,Vape Cart
Flavor Galaxy LLC,AU-P-000373,Hazel Park,48030,1A4050300038CFE000017496,Banana Split Vape Cart,Vape Cart
Flavor Galaxy LLC,AU-P-000373,Hazel Park,48030,1A4050300038CFE000017499,Banana Split Vape Cart,Vape Cart
Flavor Galaxy LLC,AU-P-000373,Hazel Park,48030,1A4050300038CFE000010378,Blue Dream 1g Disposable,Vape Cart
Flavor Galaxy LLC,AU-P-000373,Hazel Park,48030,1A4050300038CFE000012096,Blue Dream 1g Disposable,Vape Cart
Flavor Galaxy LLC,AU-P-000373,Hazel Park,48030,1A4050300038CFE000014098,Blue Dream 1g Disposable,Vape Cart
Flavor Galaxy LLC,AU-P-000373,Hazel Park,48030,1A4050300038CFE000007742,Blue Dream Vape Cart,Vape Cart
Flavor Galaxy LLC,AU-P-000373,Hazel Park,48030,1A4050300038CFE000010124,Blue Dream Vape Cart,Vape Cart
Flavor Galaxy LLC,AU-P-000373,Hazel Park,48030,1A4050300038CFE000010942,Blue Dream Vape Cart,Vape Cart
Flavor Galaxy LLC,AU-P-000373,Hazel Park,48030,1A4050300038CFE000011006,Blue Dream Vape Cart,Vape Cart
Flavor Galaxy LLC,AU-P-000373,Hazel Park,48030,1A4050300038CFE000011007,Blue Dream Vape Cart,Vape Cart
Flavor Galaxy LLC,AU-P-000373,Hazel Park,48030,1A4050300038CFE000011008,Blue Dream Vape Cart,Vape Cart
Flavor Galaxy LLC,AU-P-000373,Hazel Park,48030,1A4050300038CFE000011009,Blue Dream Vape Cart,Vape Cart
Flavor Galaxy LLC,AU-P-000373,Hazel Park,48030,1A4050300038CFE000011010,Blue Dream Vape Cart,Vape Cart
Flavor Galaxy LLC,AU-P-000373,Hazel Park,48030,1A4050300038CFE000011011,Blue Dream Vape Cart,Vape Cart
Flavor Galaxy LLC,AU-P-000373,Hazel Park,48030,1A4050300038CFE000011012,Blue Dream Vape Cart,Vape Cart
Flavor Galaxy LLC,AU-P-000373,Hazel Park,48030,1A4050300038CFE000011013,Blue Dream Vape Cart,Vape Cart
Flavor Galaxy LLC,AU-P-000373,Hazel Park,48030,1A4050300038CFE000011014,Blue Dream Vape Cart,Vape Cart
Flavor Galaxy LLC,AU-P-000373,Hazel Park,48030,1A4050300038CFE000011015,Blue Dream Vape Cart,Vape Cart
Flavor Galaxy LLC,AU-P-000373,Hazel Park,48030,1A4050300038CFE000011016,Blue Dream Vape Cart,Vape Cart
Flavor Galaxy LLC,AU-P-000373,Hazel Park,48030,1A4050300038CFE000011017,Blue Dream Vape Cart,Vape Cart
Flavor Galaxy LLC,AU-P-000373,Hazel Park,48030,1A4050300038CFE000011018,Blue Dream Vape Cart,Vape Cart
Flavor Galaxy LLC,AU-P-000373,Hazel Park,48030,1A4050300038CFE000011019,Blue Dream Vape Cart,Vape Cart
Flavor Galaxy LLC,AU-P-000373,Hazel Park,48030,1A4050300038CFE000011020,Blue Dream Vape Cart,Vape Cart
Flavor Galaxy LLC,AU-P-000373,Hazel Park,48030,1A4050300038CFE000011021,Blue Dream Vape Cart,Vape Cart
Flavor Galaxy LLC,AU-P-000373,Hazel Park,48030,1A4050300038CFE000011022,Blue Dream Vape Cart,Vape Cart
Flavor Galaxy LLC,AU-P-000373,Hazel Park,48030,1A4050300038CFE000011023,Blue Dream Vape Cart,Vape Cart
Flavor Galaxy LLC,AU-P-000373,Hazel Park,48030,1A4050300038CFE000011024,Blue Dream Vape Cart,Vape Cart
Flavor Galaxy LLC,AU-P-000373,Hazel Park,48030,1A4050300038CFE000011025,Blue Dream Vape Cart,Vape Cart
Flavor Galaxy LLC,AU-P-000373,Hazel Park,48030,1A4050300038CFE000011026,Blue Dream Vape Cart,Vape Cart
Flavor Galaxy LLC,AU-P-000373,Hazel Park,48030,1A4050300038CFE000011027,Blue Dream Vape Cart,Vape Cart
Flavor Galaxy LLC,AU-P-000373,Hazel Park,48030,1A4050300038CFE000011028,Blue Dream Vape Cart,Vape Cart
Flavor Galaxy LLC,AU-P-000373,Hazel Park,48030,1A4050300038CFE000011029,Blue Dream Vape Cart,Vape Cart
Flavor Galaxy LLC,AU-P-000373,Hazel Park,48030,1A4050300038CFE000011030,Blue Dream Vape Cart,Vape Cart
Flavor Galaxy LLC,AU-P-000373,Hazel Park,48030,1A4050300038CFE000011031,Blue Dream Vape Cart,Vape Cart
Flavor Galaxy LLC,AU-P-000373,Hazel Park,48030,1A4050300038CFE000011032,Blue Dream Vape Cart,Vape Cart
Flavor Galaxy LLC,AU-P-000373,Hazel Park,48030,1A4050300038CFE000011033,Blue Dream Vape Cart,Vape Cart
Flavor Galaxy LLC,AU-P-000373,Hazel Park,48030,1A4050300038CFE000011034,Blue Dream Vape Cart,Vape Cart
Flavor Galaxy LLC,AU-P-000373,Hazel Park,48030,1A4050300038CFE000011035,Blue Dream Vape Cart,Vape Cart
Flavor Galaxy LLC,AU-P-000373,Hazel Park,48030,1A4050300038CFE000011036,Blue Dream Vape Cart,Vape Cart
Flavor Galaxy LLC,AU-P-000373,Hazel Park,48030,1A4050300038CFE000012396,Blue Dream Vape Cart,Vape Cart
Flavor Galaxy LLC,AU-P-000373,Hazel Park,48030,1A4050300038CFE000013074,Blue Dream Vape Cart,Vape Cart
Flavor Galaxy LLC,AU-P-000373,Hazel Park,48030,1A4050300038CFE000014596,Blue Dream Vape Cart,Vape Cart
Flavor Galaxy LLC,AU-P-000373,Hazel Park,48030,1A4050300038CFE000015802,Blue Dream Vape Cart,Vape Cart
Flavor Galaxy LLC,AU-P-000373,Hazel Park,48030,1A4050300038CFE000008317,Blue Razz 1g Disposable,Vape Cart
Flavor Galaxy LLC,AU-P-000373,Hazel Park,48030,1A4050300038CFE000012057,Blue Razz 1g Disposable,Vape Cart
Flavor Galaxy LLC,AU-P-000373,Hazel Park,48030,1A4050300038CFE000015812,Blue Razz 1g Disposable,Vape Cart
Flavor Galaxy LLC,AU-P-000373,Hazel Park,48030,1A4050300038CFE000019669,Blue Razz Box 5 PK Vape Cart,Vape Cart
Flavor Galaxy LLC,AU-P-000373,Hazel Park,48030,1A4050300038CFE000000057,Blue Razz Vape Cart,Vape Cart
Flavor Galaxy LLC,AU-P-000373,Hazel Park,48030,1A4050300038CFE000000283,Blue Razz Vape Cart,Vape Cart
Flavor Galaxy LLC,AU-P-000373,Hazel Park,48030,1A4050300038CFE000000799,Blue Razz Vape Cart,Vape Cart
Flavor Galaxy LLC,AU-P-000373,Hazel Park,48030,1A4050300038CFE000000927,Blue Razz Vape Cart,Vape Cart
Flavor Galaxy LLC,AU-P-000373,Hazel Park,48030,1A4050300038CFE000011984,Blue Razz Vape Cart,Vape Cart
Flavor Galaxy LLC,AU-P-000373,Hazel Park,48030,1A4050300038CFE000015808,Blue Razz Vape Cart,Vape Cart
Flavor Galaxy LLC,AU-P-000373,Hazel Park,48030,1A4050300038CFE000016087,Blue Razz Vape Cart,Vape Cart
Flavor Galaxy LLC,AU-P-000373,Hazel Park,48030,1A4050300038CFE000016088,Blue Razz Vape Cart,Vape Cart
Flavor Galaxy LLC,AU-P-000373,Hazel Park,48030,1A4050300038CFE000016089,Blue Razz Vape Cart,Vape Cart
Flavor Galaxy LLC,AU-P-000373,Hazel Park,48030,1A4050300038CFE000016091,Blue Razz Vape Cart,Vape Cart
Flavor Galaxy LLC,AU-P-000373,Hazel Park,48030,1A4050300038CFE000016092,Blue Razz Vape Cart,Vape Cart
Flavor Galaxy LLC,AU-P-000373,Hazel Park,48030,1A4050300038CFE000016093,Blue Razz Vape Cart,Vape Cart
Flavor Galaxy LLC,AU-P-000373,Hazel Park,48030,1A4050300038CFE000016094,Blue Razz Vape Cart,Vape Cart
Flavor Galaxy LLC,AU-P-000373,Hazel Park,48030,1A4050300038CFE000016096,Blue Razz Vape Cart,Vape Cart
Flavor Galaxy LLC,AU-P-000373,Hazel Park,48030,1A4050300038CFE000016099,Blue Razz Vape Cart,Vape Cart
Flavor Galaxy LLC,AU-P-000373,Hazel Park,48030,1A4050300038CFE000017684,Blue Razz Vape Cart,Vape Cart
Flavor Galaxy LLC,AU-P-000373,Hazel Park,48030,1A4050300038CFE000019433,Blue Razz Vape Cart,Vape Cart
Flavor Galaxy LLC,AU-P-000373,Hazel Park,48030,1A4050300038CFE000015792,Blueberry Pancake 1g Disposable,Vape Cart
Flavor Galaxy LLC,AU-P-000373,Hazel Park,48030,1A4050300038CFE000016246,Blueberry Pancake 1g Disposable,Vape Cart
Flavor Galaxy LLC,AU-P-000373,Hazel Park,48030,1A4050300038CFE000016247,Blueberry Pancake 1g Disposable,Vape Cart
Flavor Galaxy LLC,AU-P-000373,Hazel Park,48030,1A4050300038CFE000016249,Blueberry Pancake 1g Disposable,Vape Cart
Flavor Galaxy LLC,AU-P-000373,Hazel Park,48030,1A4050300038CFE000016253,Blueberry Pancake 1g Disposable,Vape Cart
Flavor Galaxy LLC,AU-P-000373,Hazel Park,48030,1A4050300038CFE000007633,Blueberry Pancake 1g vape,Vape Cart
Flavor Galaxy LLC,AU-P-000373,Hazel Park,48030,1A4050300038CFE000009965,Blueberry Pancake 1g vape,Vape Cart
Flavor Galaxy LLC,AU-P-000373,Hazel Park,48030,1A4050300038CFE000010014,Blueberry Pancake 1g vape,Vape Cart
Flavor Galaxy LLC,AU-P-000373,Hazel Park,48030,1A4050300038CFE000010705,Blueberry Pancake 1g vape,Vape Cart
Flavor Galaxy LLC,AU-P-000373,Hazel Park,48030,1A4050300038CFE000012544,Blueberry Pancake 1g vape,Vape Cart
Flavor Galaxy LLC,AU-P-000373,Hazel Park,48030,1A4050300038CFE000012694,Blueberry Pancake 1g vape,Vape Cart
Flavor Galaxy LLC,AU-P-000373,Hazel Park,48030,1A4050300038CFE000013267,Blueberry Pancake 1g vape,Vape Cart
Flavor Galaxy LLC,AU-P-000373,Hazel Park,48030,1A4050300038CFE000014742,Blueberry Pancake 1g vape,Vape Cart
Flavor Galaxy LLC,AU-P-000373,Hazel Park,48030,1A4050300038CFE000016714,Blueberry Pancake 1g vape,Vape Cart
Flavor Galaxy LLC,AU-P-000373,Hazel Park,48030,1A4050300038CFE000017657,Blueberry Pancake 1g vape,Vape Cart
Flavor Galaxy LLC,AU-P-000373,Hazel Park,48030,1A4050300038CFE000018539,Blueberry Pancake Box 5 PK Vape Cart,Vape Cart
Flavor Galaxy LLC,AU-P-000373,Hazel Park,48030,1A4050300038CFE000013077,Bubble Gum 1g vape,Vape Cart
Flavor Galaxy LLC,AU-P-000373,Hazel Park,48030,1A4050300038CFE000014347,Bubble Gum 1g vape,Vape Cart
Flavor Galaxy LLC,AU-P-000373,Hazel Park,48030,1A4050300038CFE000014348,Bubble Gum 1g vape,Vape Cart
Flavor Galaxy LLC,AU-P-000373,Hazel Park,48030,1A4050300038CFE000014349,Bubble Gum 1g vape,Vape Cart
Flavor Galaxy LLC,AU-P-000373,Hazel Park,48030,1A4050300038CFE000014350,Bubble Gum 1g vape,Vape Cart
Flavor Galaxy LLC,AU-P-000373,Hazel Park,48030,1A4050300038CFE000014351,Bubble Gum 1g vape,Vape Cart
Flavor Galaxy LLC,AU-P-000373,Hazel Park,48030,1A4050300038CFE000014352,Bubble Gum 1g vape,Vape Cart
Flavor Galaxy LLC,AU-P-000373,Hazel Park,48030,1A4050300038CFE000014353,Bubble Gum 1g vape,Vape Cart
Flavor Galaxy LLC,AU-P-000373,Hazel Park,48030,1A4050300038CFE000014354,Bubble Gum 1g vape,Vape Cart
Flavor Galaxy LLC,AU-P-000373,Hazel Park,48030,1A4050300038CFE000014355,Bubble Gum 1g vape,Vape Cart
Flavor Galaxy LLC,AU-P-000373,Hazel Park,48030,1A4050300038CFE000014356,Bubble Gum 1g vape,Vape Cart
Flavor Galaxy LLC,AU-P-000373,Hazel Park,48030,1A4050300038CFE000014357,Bubble Gum 1g vape,Vape Cart
Flavor Galaxy LLC,AU-P-000373,Hazel Park,48030,1A4050300038CFE000014358,Bubble Gum 1g vape,Vape Cart
Flavor Galaxy LLC,AU-P-000373,Hazel Park,48030,1A4050300038CFE000014359,Bubble Gum 1g vape,Vape Cart
Flavor Galaxy LLC,AU-P-000373,Hazel Park,48030,1A4050300038CFE000014360,Bubble Gum 1g vape,Vape Cart
Flavor Galaxy LLC,AU-P-000373,Hazel Park,48030,1A4050300038CFE000014361,Bubble Gum 1g vape,Vape Cart
Flavor Galaxy LLC,AU-P-000373,Hazel Park,48030,1A4050300038CFE000014362,Bubble Gum 1g vape,Vape Cart
Flavor Galaxy LLC,AU-P-000373,Hazel Park,48030,1A4050300038CFE000014363,Bubble Gum 1g vape,Vape Cart
Flavor Galaxy LLC,AU-P-000373,Hazel Park,48030,1A4050300038CFE000014364,Bubble Gum 1g vape,Vape Cart
Flavor Galaxy LLC,AU-P-000373,Hazel Park,48030,1A4050300038CFE000014365,Bubble Gum 1g vape,Vape Cart
Flavor Galaxy LLC,AU-P-000373,Hazel Park,48030,1A4050300038CFE000014366,Bubble Gum 1g vape,Vape Cart
Flavor Galaxy LLC,AU-P-000373,Hazel Park,48030,1A4050300038CFE000014367,Bubble Gum 1g vape,Vape Cart
Flavor Galaxy LLC,AU-P-000373,Hazel Park,48030,1A4050300038CFE000014368,Bubble Gum 1g vape,Vape Cart
Flavor Galaxy LLC,AU-P-000373,Hazel Park,48030,1A4050300038CFE000014369,Bubble Gum 1g vape,Vape Cart
Flavor Galaxy LLC,AU-P-000373,Hazel Park,48030,1A4050300038CFE000014370,Bubble Gum 1g vape,Vape Cart
Flavor Galaxy LLC,AU-P-000373,Hazel Park,48030,1A4050300038CFE000014371,Bubble Gum 1g vape,Vape Cart
Flavor Galaxy LLC,AU-P-000373,Hazel Park,48030,1A4050300038CFE000014372,Bubble Gum 1g vape,Vape Cart
Flavor Galaxy LLC,AU-P-000373,Hazel Park,48030,1A4050300038CFE000014373,Bubble Gum 1g vape,Vape Cart
Flavor Galaxy LLC,AU-P-000373,Hazel Park,48030,1A4050300038CFE000014374,Bubble Gum 1g vape,Vape Cart
Flavor Galaxy LLC,AU-P-000373,Hazel Park,48030,1A4050300038CFE000014375,Bubble Gum 1g vape,Vape Cart
Flavor Galaxy LLC,AU-P-000373,Hazel Park,48030,1A4050300038CFE000014376,Bubble Gum 1g vape,Vape Cart
Flavor Galaxy LLC,AU-P-000373,Hazel Park,48030,1A4050300038CFE000014377,Bubble Gum 1g vape,Vape Cart
Flavor Galaxy LLC,AU-P-000373,Hazel Park,48030,1A4050300038CFE000014378,Bubble Gum 1g vape,Vape Cart
Flavor Galaxy LLC,AU-P-000373,Hazel Park,48030,1A4050300038CFE000014379,Bubble Gum 1g vape,Vape Cart
Flavor Galaxy LLC,AU-P-000373,Hazel Park,48030,1A4050300038CFE000014380,Bubble Gum 1g vape,Vape Cart
Flavor Galaxy LLC,AU-P-000373,Hazel Park,48030,1A4050300038CFE000014381,Bubble Gum 1g vape,Vape Cart
Flavor Galaxy LLC,AU-P-000373,Hazel Park,48030,1A4050300038CFE000014382,Bubble Gum 1g vape,Vape Cart
Flavor Galaxy LLC,AU-P-000373,Hazel Park,48030,1A4050300038CFE000014383,Bubble Gum 1g vape,Vape Cart
Flavor Galaxy LLC,AU-P-000373,Hazel Park,48030,1A4050300038CFE000014384,Bubble Gum 1g vape,Vape Cart
Flavor Galaxy LLC,AU-P-000373,Hazel Park,48030,1A4050300038CFE000014385,Bubble Gum 1g vape,Vape Cart
Flavor Galaxy LLC,AU-P-000373,Hazel Park,48030,1A4050300038CFE000014386,Bubble Gum 1g vape,Vape Cart
Flavor Galaxy LLC,AU-P-000373,Hazel Park,48030,1A4050300038CFE000014387,Bubble Gum 1g vape,Vape Cart
Flavor Galaxy LLC,AU-P-000373,Hazel Park,48030,1A4050300038CFE000014388,Bubble Gum 1g vape,Vape Cart
Flavor Galaxy LLC,AU-P-000373,Hazel Park,48030,1A4050300038CFE000015740,Bubble Gum 1g vape,Vape Cart
Flavor Galaxy LLC,AU-P-000373,Hazel Park,48030,1A4050300038CFE000015958,Bubble Gum 1g vape,Vape Cart
Flavor Galaxy LLC,AU-P-000373,Hazel Park,48030,1A4050300038CFE000015963,Bubble Gum 1g vape,Vape Cart
Flavor Galaxy LLC,AU-P-000373,Hazel Park,48030,1A4050300038CFE000015964,Bubble Gum 1g vape,Vape Cart
Flavor Galaxy LLC,AU-P-000373,Hazel Park,48030,1A4050300038CFE000015965,Bubble Gum 1g vape,Vape Cart
Flavor Galaxy LLC,AU-P-000373,Hazel Park,48030,1A4050300038CFE000015969,Bubble Gum 1g vape,Vape Cart
Flavor Galaxy LLC,AU-P-000373,Hazel Park,48030,1A4050300038CFE000015970,Bubble Gum 1g vape,Vape Cart
Flavor Galaxy LLC,AU-P-000373,Hazel Park,48030,1A4050300038CFE000015975,Bubble Gum 1g vape,Vape Cart
Flavor Galaxy LLC,AU-P-000373,Hazel Park,48030,1A4050300038CFE000015977,Bubble Gum 1g vape,Vape Cart
Flavor Galaxy LLC,AU-P-000373,Hazel Park,48030,1A4050300038CFE000017431,Bubble Gum 1g vape,Vape Cart
Flavor Galaxy LLC,AU-P-000373,Hazel Park,48030,1A4050300038CFE000018999,Bubble Gum Box 5 PK Vape Cart,Vape Cart
Flavor Galaxy LLC,AU-P-000373,Hazel Park,48030,1A4050300038CFE000015735,Cereal Milk 1g Vape,Vape Cart
Flavor Galaxy LLC,AU-P-000373,Hazel Park,48030,1A4050300038CFE000016724,Cereal Milk 1g Vape,Vape Cart
Flavor Galaxy LLC,AU-P-000373,Hazel Park,48030,1A4050300038CFE000016309,Cherry Pie 1g Disposable,Vape Cart
Flavor Galaxy LLC,AU-P-000373,Hazel Park,48030,1A4050300038CFE000019290,Cherry Pie Box 5 PK Vape Cart,Vape Cart
Flavor Galaxy LLC,AU-P-000373,Hazel Park,48030,1A4050300038CFE000019292,Cherry Pie Box 5 PK Vape Cart,Vape Cart
Flavor Galaxy LLC,AU-P-000373,Hazel Park,48030,1A4050300038CFE000000055,Cherry Pie Vape Cart,Vape Cart
Flavor Galaxy LLC,AU-P-000373,Hazel Park,48030,1A4050300038CFE000007164,Cherry Pie Vape Cart,Vape Cart
Flavor Galaxy LLC,AU-P-000373,Hazel Park,48030,1A4050300038CFE000012087,Cherry Pie Vape Cart,Vape Cart
Flavor Galaxy LLC,AU-P-000373,Hazel Park,48030,1A4050300038CFE000014341,Cherry Pie Vape Cart,Vape Cart
Flavor Galaxy LLC,AU-P-000373,Hazel Park,48030,1A4050300038CFE000017581,Cherry Pie Vape Cart,Vape Cart
Flavor Galaxy LLC,AU-P-000373,Hazel Park,48030,1A4050300038CFE000015736,Dirty Shirly 1g Vape,Vape Cart
Flavor Galaxy LLC,AU-P-000373,Hazel Park,48030,1A4050300038CFE000010048,Fruity Pebbles 1g Disposable,Vape Cart
Flavor Galaxy LLC,AU-P-000373,Hazel Park,48030,1A4050300038CFE000012021,Fruity Pebbles 1g Disposable,Vape Cart
Flavor Galaxy LLC,AU-P-000373,Hazel Park,48030,1A4050300038CFE000014337,Fruity Pebbles 1g Disposable,Vape Cart
Flavor Galaxy LLC,AU-P-000373,Hazel Park,48030,1A4050300038CFE000017020,Fruity Pebbles 1g Disposable,Vape Cart
Flavor Galaxy LLC,AU-P-000373,Hazel Park,48030,1A4050300038CFE000019298,Fruity Pebbles Box 5 PK Vape Cart,Vape Cart
Flavor Galaxy LLC,AU-P-000373,Hazel Park,48030,1A4050300038CFE000000056,Fruity Pebbles Vape Cart,Vape Cart
Flavor Galaxy LLC,AU-P-000373,Hazel Park,48030,1A4050300038CFE000000796,Fruity Pebbles Vape Cart,Vape Cart
Flavor Galaxy LLC,AU-P-000373,Hazel Park,48030,1A4050300038CFE000001289,Fruity Pebbles Vape Cart,Vape Cart
Flavor Galaxy LLC,AU-P-000373,Hazel Park,48030,1A4050300038CFE000005947,Fruity Pebbles Vape Cart,Vape Cart
Flavor Galaxy LLC,AU-P-000373,Hazel Park,48030,1A4050300038CFE000012089,Fruity Pebbles Vape Cart,Vape Cart
Flavor Galaxy LLC,AU-P-000373,Hazel Park,48030,1A4050300038CFE000012372,Fruity Pebbles Vape Cart,Vape Cart
Flavor Galaxy LLC,AU-P-000373,Hazel Park,48030,1A4050300038CFE000013554,Fruity Pebbles Vape Cart,Vape Cart
Flavor Galaxy LLC,AU-P-000373,Hazel Park,48030,1A4050300038CFE000014484,Fruity Pebbles Vape Cart,Vape Cart
Flavor Galaxy LLC,AU-P-000373,Hazel Park,48030,1A4050300038CFE000015815,Fruity Pebbles Vape Cart,Vape Cart
Flavor Galaxy LLC,AU-P-000373,Hazel Park,48030,1A4050300038CFE000017170,Fruity Pebbles Vape Cart,Vape Cart
Flavor Galaxy LLC,AU-P-000373,Hazel Park,48030,1A4050300038CFE000018972,Fruity Pebbles Vape Cart,Vape Cart
Flavor Galaxy LLC,AU-P-000373,Hazel Park,48030,1A4050300038CFE000010123,Grape Soda 1g Vape,Vape Cart
Flavor Galaxy LLC,AU-P-000373,Hazel Park,48030,1A4050300038CFE000010428,Grape Soda 1g Vape,Vape Cart
Flavor Galaxy LLC,AU-P-000373,Hazel Park,48030,1A4050300038CFE000010708,Grape Soda 1g Vape,Vape Cart
Flavor Galaxy LLC,AU-P-000373,Hazel Park,48030,1A4050300038CFE000011986,Grape Soda 1g Vape,Vape Cart
Flavor Galaxy LLC,AU-P-000373,Hazel Park,48030,1A4050300038CFE000012399,Grape Soda 1g Vape,Vape Cart
Flavor Galaxy LLC,AU-P-000373,Hazel Park,48030,1A4050300038CFE000014517,Grape Soda 1g Vape,Vape Cart
Flavor Galaxy LLC,AU-P-000373,Hazel Park,48030,1A4050300038CFE000015056,Grape Soda 1g Vape,Vape Cart
Flavor Galaxy LLC,AU-P-000373,Hazel Park,48030,1A4050300038CFE000016121,Grape Soda 1g Vape,Vape Cart
Flavor Galaxy LLC,AU-P-000373,Hazel Park,48030,1A4050300038CFE000016795,Grape Soda 1g Vape,Vape Cart
Flavor Galaxy LLC,AU-P-000373,Hazel Park,48030,1A4050300038CFE000017432,Grape Soda 1g Vape,Vape Cart
Flavor Galaxy LLC,AU-P-000373,Hazel Park,48030,1A4050300038CFE000019251,Grape Soda Box 5 PK Vape Cart,Vape Cart
Flavor Galaxy LLC,AU-P-000373,Hazel Park,48030,1A4050300038CFE000019252,Grape Soda Box 5 PK Vape Cart,Vape Cart
Flavor Galaxy LLC,AU-P-000373,Hazel Park,48030,1A4050300038CFE000019253,Grape Soda Box 5 PK Vape Cart,Vape Cart
Flavor Galaxy LLC,AU-P-000373,Hazel Park,48030,1A4050300038CFE000009908,Jungle Juice 1g Disposable,Vape Cart
Flavor Galaxy LLC,AU-P-000373,Hazel Park,48030,1A4050300038CFE000000879,Jungle Juice 1g Disposable,Vape Cart
Flavor Galaxy LLC,AU-P-000373,Hazel Park,48030,1A4050300038CFE000008136,Jungle Juice 1g Disposable,Vape Cart
Flavor Galaxy LLC,AU-P-000373,Hazel Park,48030,1A4050300038CFE000015748,Jungle Juice 1g Disposable,Vape Cart
Flavor Galaxy LLC,AU-P-000373,Hazel Park,48030,1A4050300038CFE000015836,Jungle Juice Box 5 PK Vape Cart,Vape Cart
Flavor Galaxy LLC,AU-P-000373,Hazel Park,48030,1A4050300038CFE000000053,Jungle Juice Vape Cart,Vape Cart
Flavor Galaxy LLC,AU-P-000373,Hazel Park,48030,1A4050300038CFE000007188,Jungle Juice Vape Cart,Vape Cart
Flavor Galaxy LLC,AU-P-000373,Hazel Park,48030,1A4050300038CFE000011938,Jungle Juice Vape Cart,Vape Cart
Flavor Galaxy LLC,AU-P-000373,Hazel Park,48030,1A4050300038CFE000013232,Jungle Juice Vape Cart,Vape Cart
Flavor Galaxy LLC,AU-P-000373,Hazel Park,48030,1A4050300038CFE000014597,Jungle Juice Vape Cart,Vape Cart
Flavor Galaxy LLC,AU-P-000373,Hazel Park,48030,1A4050300038CFE000015180,Jungle Juice Vape Cart,Vape Cart
Flavor Galaxy LLC,AU-P-000373,Hazel Park,48030,1A4050300038CFE000016412,Jungle Juice Vape Cart,Vape Cart
Flavor Galaxy LLC,AU-P-000373,Hazel Park,48030,1A4050300038CFE000017655,Jungle Juice Vape Cart,Vape Cart
Flavor Galaxy LLC,AU-P-000373,Hazel Park,48030,1A4050300038CFE000005939,Lemon Cheese Cake Disposable,Vape Cart
Flavor Galaxy LLC,AU-P-000373,Hazel Park,48030,1A4050300038CFE000006721,Lemon Cheese Cake Disposable,Vape Cart
Flavor Galaxy LLC,AU-P-000373,Hazel Park,48030,1A4050300038CFE000010600,Lemon Cheese Cake Disposable,Vape Cart
Flavor Galaxy LLC,AU-P-000373,Hazel Park,48030,1A4050300038CFE000019430,Lemon Cheese Cake Disposable,Vape Cart
Flavor Galaxy LLC,AU-P-000373,Hazel Park,48030,1A4050300038CFE000010232,Lemon Cheese Cake Vape,Vape Cart
Flavor Galaxy LLC,AU-P-000373,Hazel Park,48030,1A4050300038CFE000014340,Lemon Cheese Cake Vape,Vape Cart
Flavor Galaxy LLC,AU-P-000373,Hazel Park,48030,1A4050300038CFE000017180,Lemon Cheese Cake Vape,Vape Cart
Flavor Galaxy LLC,AU-P-000373,Hazel Park,48030,1A4050300038CFE000015324,Lemon Drop Box 5 PK Vape Cart,Vape Cart
Flavor Galaxy LLC,AU-P-000373,Hazel Park,48030,1A4050300038CFE000015325,Lemon Drop Box 5 PK Vape Cart,Vape Cart
Flavor Galaxy LLC,AU-P-000373,Hazel Park,48030,1A4050300038CFE000015326,Lemon Drop Box 5 PK Vape Cart,Vape Cart
Flavor Galaxy LLC,AU-P-000373,Hazel Park,48030,1A4050300038CFE000015327,Lemon Drop Box 5 PK Vape Cart,Vape Cart
Flavor Galaxy LLC,AU-P-000373,Hazel Park,48030,1A4050300038CFE000015328,Lemon Drop Box 5 PK Vape Cart,Vape Cart
Flavor Galaxy LLC,AU-P-000373,Hazel Park,48030,1A4050300038CFE000000483,Lemon Drop Vape Cart,Vape Cart
Flavor Galaxy LLC,AU-P-000373,Hazel Park,48030,1A4050300038CFE000008653,Lemon Drop Vape Cart,Vape Cart
Flavor Galaxy LLC,AU-P-000373,Hazel Park,48030,1A4050300038CFE000012295,Lemon Drop Vape Cart,Vape Cart
Flavor Galaxy LLC,AU-P-000373,Hazel Park,48030,1A4050300038CFE000014483,Lemon Drop Vape Cart,Vape Cart
Flavor Galaxy LLC,AU-P-000373,Hazel Park,48030,1A4050300038CFE000016086,Lemon Drop Vape Cart,Vape Cart
Flavor Galaxy LLC,AU-P-000373,Hazel Park,48030,1A4050300038CFE000017685,Lemon Drop Vape Cart,Vape Cart
Flavor Galaxy LLC,AU-P-000373,Hazel Park,48030,1A4050300038CFE000012739,Lemon Pie Vape Cart,Vape Cart
Flavor Galaxy LLC,AU-P-000373,Hazel Park,48030,1A4050300038CFE000013120,Lemon Pie Vape Cart,Vape Cart
Flavor Galaxy LLC,AU-P-000373,Hazel Park,48030,1A4050300038CFE000013159,Lemon Pie Vape Cart,Vape Cart
Flavor Galaxy LLC,AU-P-000373,Hazel Park,48030,1A4050300038CFE000016731,Lemon Pie Vape Cart,Vape Cart
Flavor Galaxy LLC,AU-P-000373,Hazel Park,48030,1A4050300038CFE000014519,OG Disposables,Vape Cart
Flavor Galaxy LLC,AU-P-000373,Hazel Park,48030,1A4050300038CFE000017089,OG Disposables,Vape Cart
Flavor Galaxy LLC,AU-P-000373,Hazel Park,48030,1A4050300038CFE000017265,OG Disposables,Vape Cart
Flavor Galaxy LLC,AU-P-000373,Hazel Park,48030,1A4050300038CFE000000067,OG Vape Cart,Vape Cart
Flavor Galaxy LLC,AU-P-000373,Hazel Park,48030,1A4050300038CFE000001466,OG Vape Cart,Vape Cart
Flavor Galaxy LLC,AU-P-000373,Hazel Park,48030,1A4050300038CFE000010125,OG Vape Cart,Vape Cart
Flavor Galaxy LLC,AU-P-000373,Hazel Park,48030,1A4050300038CFE000010422,OG Vape Cart,Vape Cart
Flavor Galaxy LLC,AU-P-000373,Hazel Park,48030,1A4050300038CFE000012179,OG Vape Cart,Vape Cart
Flavor Galaxy LLC,AU-P-000373,Hazel Park,48030,1A4050300038CFE000014512,OG Vape Cart,Vape Cart
Flavor Galaxy LLC,AU-P-000373,Hazel Park,48030,1A4050300038CFE000016123,OG Vape Cart,Vape Cart
Flavor Galaxy LLC,AU-P-000373,Hazel Park,48030,1A4050300038CFE000017573,OG Vape Cart,Vape Cart
Flavor Galaxy LLC,AU-P-000373,Hazel Park,48030,1A4050300038CFE000008242,Orange Soda 1g Disposable,Vape Cart
Flavor Galaxy LLC,AU-P-000373,Hazel Park,48030,1A4050300038CFE000012056,Orange Soda 1g Disposable,Vape Cart
Flavor Galaxy LLC,AU-P-000373,Hazel Park,48030,1A4050300038CFE000020451,Orange Soda 1g Disposable,Vape Cart
Flavor Galaxy LLC,AU-P-000373,Hazel Park,48030,1A4050300038CFE000008608,Orange Soda Vape Cart,Vape Cart
Flavor Galaxy LLC,AU-P-000373,Hazel Park,48030,1A4050300038CFE000011758,Orange Soda Vape Cart,Vape Cart
Flavor Galaxy LLC,AU-P-000373,Hazel Park,48030,1A4050300038CFE000012398,Orange Soda Vape Cart,Vape Cart
Flavor Galaxy LLC,AU-P-000373,Hazel Park,48030,1A4050300038CFE000016306,Orange Soda Vape Cart,Vape Cart
Flavor Galaxy LLC,AU-P-000373,Hazel Park,48030,1A4050300038CFE000000005,Peaches and Cream Vape Cart,Vape Cart
Flavor Galaxy LLC,AU-P-000373,Hazel Park,48030,1A4050300038CFE000000635,Peaches and Cream Vape Cart,Vape Cart
Flavor Galaxy LLC,AU-P-000373,Hazel Park,48030,1A4050300038CFE000001465,Peaches and Cream Vape Cart,Vape Cart
Flavor Galaxy LLC,AU-P-000373,Hazel Park,48030,1A4050300038CFE000002973,Peaches and Cream Vape Cart,Vape Cart
Flavor Galaxy LLC,AU-P-000373,Hazel Park,48030,1A4050300038CFE000010001,Peaches and Cream Vape Cart,Vape Cart
Flavor Galaxy LLC,AU-P-000373,Hazel Park,48030,1A4050300038CFE000010694,Peaches and Cream Vape Cart,Vape Cart
Flavor Galaxy LLC,AU-P-000373,Hazel Park,48030,1A4050300038CFE000012097,Peaches and Cream Vape Cart,Vape Cart
Flavor Galaxy LLC,AU-P-000373,Hazel Park,48030,1A4050300038CFE000014740,Peaches and Cream Vape Cart,Vape Cart
Flavor Galaxy LLC,AU-P-000373,Hazel Park,48030,1A4050300038CFE000016742,Peaches and Cream Vape Cart,Vape Cart
Flavor Galaxy LLC,AU-P-000373,Hazel Park,48030,1A4050300038CFE000005946,Pina Colada Disposables,Vape Cart
Flavor Galaxy LLC,AU-P-000373,Hazel Park,48030,1A4050300038CFE000010597,Pina Colada Disposables,Vape Cart
Flavor Galaxy LLC,AU-P-000373,Hazel Park,48030,1A4050300038CFE000011633,Pina Colada Disposables,Vape Cart
Flavor Galaxy LLC,AU-P-000373,Hazel Park,48030,1A4050300038CFE000016308,Pina Colada Disposables,Vape Cart
Flavor Galaxy LLC,AU-P-000373,Hazel Park,48030,1A4050300038CFE000016839,Pina Colada Disposables,Vape Cart
Flavor Galaxy LLC,AU-P-000373,Hazel Park,48030,1A4050300038CFE000016840,Pina Colada Disposables,Vape Cart
Flavor Galaxy LLC,AU-P-000373,Hazel Park,48030,1A4050300038CFE000016841,Pina Colada Disposables,Vape Cart
Flavor Galaxy LLC,AU-P-000373,Hazel Park,48030,1A4050300038CFE000016842,Pina Colada Disposables,Vape Cart
Flavor Galaxy LLC,AU-P-000373,Hazel Park,48030,1A4050300038CFE000016850,Pina Colada Disposables,Vape Cart
Flavor Galaxy LLC,AU-P-000373,Hazel Park,48030,1A4050300038CFE000016854,Pina Colada Disposables,Vape Cart
Flavor Galaxy LLC,AU-P-000373,Hazel Park,48030,1A4050300038CFE000016855,Pina Colada Disposables,Vape Cart
Flavor Galaxy LLC,AU-P-000373,Hazel Park,48030,1A4050300038CFE000016856,Pina Colada Disposables,Vape Cart
Flavor Galaxy LLC,AU-P-000373,Hazel Park,48030,1A4050300038CFE000016859,Pina Colada Disposables,Vape Cart
Flavor Galaxy LLC,AU-P-000373,Hazel Park,48030,1A4050300038CFE000016860,Pina Colada Disposables,Vape Cart
Flavor Galaxy LLC,AU-P-000373,Hazel Park,48030,1A4050300038CFE000016864,Pina Colada Disposables,Vape Cart
Flavor Galaxy LLC,AU-P-000373,Hazel Park,48030,1A4050300038CFE000016865,Pina Colada Disposables,Vape Cart
Flavor Galaxy LLC,AU-P-000373,Hazel Park,48030,1A4050300038CFE000016869,Pina Colada Disposables,Vape Cart
Flavor Galaxy LLC,AU-P-000373,Hazel Park,48030,1A4050300038CFE000016872,Pina Colada Disposables,Vape Cart
Flavor Galaxy LLC,AU-P-000373,Hazel Park,48030,1A4050300038CFE000016873,Pina Colada Disposables,Vape Cart
Flavor Galaxy LLC,AU-P-000373,Hazel Park,48030,1A4050300038CFE000014478,Pina Colada Vape Cart,Vape Cart
Flavor Galaxy LLC,AU-P-000373,Hazel Park,48030,1A4050300038CFE000000004,Pina Colada Vape Cart,Vape Cart
Flavor Galaxy LLC,AU-P-000373,Hazel Park,48030,1A4050300038CFE000002441,Pina Colada Vape Cart,Vape Cart
Flavor Galaxy LLC,AU-P-000373,Hazel Park,48030,1A4050300038CFE000005949,Pina Colada Vape Cart,Vape Cart
Flavor Galaxy LLC,AU-P-000373,Hazel Park,48030,1A4050300038CFE000007783,Pina Colada Vape Cart,Vape Cart
Flavor Galaxy LLC,AU-P-000373,Hazel Park,48030,1A4050300038CFE000014741,Pina Colada Vape Cart,Vape Cart
Flavor Galaxy LLC,AU-P-000373,Hazel Park,48030,1A4050300038CFE000015801,Pineapple Express 1g Vape Cart,Vape Cart
Flavor Galaxy LLC,AU-P-000373,Hazel Park,48030,1A4050300038CFE000017656,Pineapple Express 1g Vape Cart,Vape Cart
Flavor Galaxy LLC,AU-P-000373,Hazel Park,48030,1A4050300038CFE000016183,Pink Lemonade 1g Vape Cart,Vape Cart
Flavor Galaxy LLC,AU-P-000373,Hazel Park,48030,1A4050300038CFE000015793,Pink Lemonade 1g Vape Cart,Vape Cart
Flavor Galaxy LLC,AU-P-000373,Hazel Park,48030,1A4050300038CFE000012088,Red Velvet 1g Vape,Vape Cart
Flavor Galaxy LLC,AU-P-000373,Hazel Park,48030,1A4050300038CFE000016122,Red Velvet 1g Vape,Vape Cart
Flavor Galaxy LLC,AU-P-000373,Hazel Park,48030,1A4050300038CFE000008142,Sour Apple 1g Disposable,Vape Cart
Flavor Galaxy LLC,AU-P-000373,Hazel Park,48030,1A4050300038CFE000000054,Sour Apple Vape Cart,Vape Cart
Flavor Galaxy LLC,AU-P-000373,Hazel Park,48030,1A4050300038CFE000000936,Sour Apple Vape Cart,Vape Cart
Flavor Galaxy LLC,AU-P-000373,Hazel Park,48030,1A4050300038CFE000005882,Sour Apple Vape Cart,Vape Cart
Flavor Galaxy LLC,AU-P-000373,Hazel Park,48030,1A4050300038CFE000008657,Sour Apple Vape Cart,Vape Cart
Flavor Galaxy LLC,AU-P-000373,Hazel Park,48030,1A4050300038CFE000011855,Sour Apple Vape Cart,Vape Cart
Flavor Galaxy LLC,AU-P-000373,Hazel Park,48030,1A4050300038CFE000014739,Sour Apple Vape Cart,Vape Cart
Flavor Galaxy LLC,AU-P-000373,Hazel Park,48030,1A4050300038CFE000017434,Sour Apple Vape Cart,Vape Cart
Flavor Galaxy LLC,AU-P-000373,Hazel Park,48030,1A4050300038CFE000019114,Sour Apple Vape Cart,Vape Cart
Flavor Galaxy LLC,AU-P-000373,Hazel Park,48030,1A4050300038CFE000007230,Strawberry Cough 1g Vape,Vape Cart
Flavor Galaxy LLC,AU-P-000373,Hazel Park,48030,1A4050300038CFE000007340,Strawberry Cough 1g Vape,Vape Cart
Flavor Galaxy LLC,AU-P-000373,Hazel Park,48030,1A4050300038CFE000011856,Strawberry Cough 1g Vape,Vape Cart
Flavor Galaxy LLC,AU-P-000373,Hazel Park,48030,1A4050300038CFE000012010,Strawberry Cough 1g Vape,Vape Cart
Flavor Galaxy LLC,AU-P-000373,Hazel Park,48030,1A4050300038CFE000012167,Strawberry Cough 1g Vape,Vape Cart
Flavor Galaxy LLC,AU-P-000373,Hazel Park,48030,1A4050300038CFE000012271,Strawberry Cough 1g Vape,Vape Cart
Flavor Galaxy LLC,AU-P-000373,Hazel Park,48030,1A4050300038CFE000012282,Strawberry Cough 1g Vape,Vape Cart
Flavor Galaxy LLC,AU-P-000373,Hazel Park,48030,1A4050300038CFE000012307,Strawberry Cough 1g Vape,Vape Cart
Flavor Galaxy LLC,AU-P-000373,Hazel Park,48030,1A4050300038CFE000012342,Strawberry Cough 1g Vape,Vape Cart
Flavor Galaxy LLC,AU-P-000373,Hazel Park,48030,1A4050300038CFE000014598,Strawberry Cough 1g Vape,Vape Cart
Flavor Galaxy LLC,AU-P-000373,Hazel Park,48030,1A4050300038CFE000017574,Strawberry Cough 1g Vape,Vape Cart
Flavor Galaxy LLC,AU-P-000373,Hazel Park,48030,1A4050300038CFE000018555,Strawberry Cough Box 5 PK Vape Cart,Vape Cart
Flavor Galaxy LLC,AU-P-000373,Hazel Park,48030,1A4050300038CFE000012099,Strawberry Shortcake 1g Disposable,Vape Cart
Flavor Galaxy LLC,AU-P-000373,Hazel Park,48030,1A4050300038CFE000015813,Strawberry Shortcake 1g Disposable,Vape Cart
Flavor Galaxy LLC,AU-P-000373,Hazel Park,48030,1A4050300038CFE000015480,Strawberry Shortcake Box 5 PK Vape Cart,Vape Cart
Flavor Galaxy LLC,AU-P-000373,Hazel Park,48030,1A4050300038CFE000015484,Strawberry Shortcake Box 5 PK Vape Cart,Vape Cart
Flavor Galaxy LLC,AU-P-000373,Hazel Park,48030,1A4050300038CFE000019233,Strawberry Shortcake Box 5 PK Vape Cart,Vape Cart
Flavor Galaxy LLC,AU-P-000373,Hazel Park,48030,1A4050300038CFE000019234,Strawberry Shortcake Box 5 PK Vape Cart,Vape Cart
Flavor Galaxy LLC,AU-P-000373,Hazel Park,48030,1A4050300038CFE000019235,Strawberry Shortcake Box 5 PK Vape Cart,Vape Cart
Flavor Galaxy LLC,AU-P-000373,Hazel Park,48030,1A4050300038CFE000019236,Strawberry Shortcake Box 5 PK Vape Cart,Vape Cart
Flavor Galaxy LLC,AU-P-000373,Hazel Park,48030,1A4050300038CFE000019237,Strawberry Shortcake Box 5 PK Vape Cart,Vape Cart
Flavor Galaxy LLC,AU-P-000373,Hazel Park,48030,1A4050300038CFE000007190,Strawberry Shortcake Vape Cart,Vape Cart
Flavor Galaxy LLC,AU-P-000373,Hazel Park,48030,1A4050300038CFE000010696,Strawberry Shortcake Vape Cart,Vape Cart
Flavor Galaxy LLC,AU-P-000373,Hazel Park,48030,1A4050300038CFE000012477,Strawberry Shortcake Vape Cart,Vape Cart
Flavor Galaxy LLC,AU-P-000373,Hazel Park,48030,1A4050300038CFE000014586,Strawberry Shortcake Vape Cart,Vape Cart
Flavor Galaxy LLC,AU-P-000373,Hazel Park,48030,1A4050300038CFE000014738,Strawberry Shortcake Vape Cart,Vape Cart
Flavor Galaxy LLC,AU-P-000373,Hazel Park,48030,1A4050300038CFE000017433,Strawberry Shortcake Vape Cart,Vape Cart
Flavor Galaxy LLC,AU-P-000373,Hazel Park,48030,1A4050300038CFE000019880,Strawberry Shortcake Vape Cart,Vape Cart
Flavor Galaxy LLC,AU-P-000373,Hazel Park,48030,1A4050300038CFE000021081,Strawberry Shortcake Vape Cart,Vape Cart
Flavor Galaxy LLC,AU-P-000373,Hazel Park,48030,1A4050300038CFE000021083,Strawberry Shortcake Vape Cart,Vape Cart
Flavor Galaxy LLC,AU-P-000373,Hazel Park,48030,1A4050300038CFE000021084,Strawberry Shortcake Vape Cart,Vape Cart
Flavor Galaxy LLC,AU-P-000373,Hazel Park,48030,1A4050300038CFE000021087,Strawberry Shortcake Vape Cart,Vape Cart
Flavor Galaxy LLC,AU-P-000373,Hazel Park,48030,1A4050300038CFE000021089,Strawberry Shortcake Vape Cart,Vape Cart
Flavor Galaxy LLC,AU-P-000373,Hazel Park,48030,1A4050300038CFE000021093,Strawberry Shortcake Vape Cart,Vape Cart
Flavor Galaxy LLC,AU-P-000373,Hazel Park,48030,1A4050300038CFE000021096,Strawberry Shortcake Vape Cart,Vape Cart
Flavor Galaxy LLC,AU-P-000373,Hazel Park,48030,1A4050300038CFE000021097,Strawberry Shortcake Vape Cart,Vape Cart
Flavor Galaxy LLC,AU-P-000373,Hazel Park,48030,1A4050300038CFE000021100,Strawberry Shortcake Vape Cart,Vape Cart
Flavor Galaxy LLC,AU-P-000373,Hazel Park,48030,1A4050300038CFE000021101,Strawberry Shortcake Vape Cart,Vape Cart
Flavor Galaxy LLC,AU-P-000373,Hazel Park,48030,1A4050300038CFE000021102,Strawberry Shortcake Vape Cart,Vape Cart
Flavor Galaxy LLC,AU-P-000373,Hazel Park,48030,1A4050300038CFE000021103,Strawberry Shortcake Vape Cart,Vape Cart
Flavor Galaxy LLC,AU-P-000373,Hazel Park,48030,1A4050300038CFE000021105,Strawberry Shortcake Vape Cart,Vape Cart
Flavor Galaxy LLC,AU-P-000373,Hazel Park,48030,1A4050300038CFE000021106,Strawberry Shortcake Vape Cart,Vape Cart
Flavor Galaxy LLC,AU-P-000373,Hazel Park,48030,1A4050300038CFE000021107,Strawberry Shortcake Vape Cart,Vape Cart
Flavor Galaxy LLC,AU-P-000373,Hazel Park,48030,1A4050300038CFE000021109,Strawberry Shortcake Vape Cart,Vape Cart
Flavor Galaxy LLC,AU-P-000373,Hazel Park,48030,1A4050300038CFE000021113,Strawberry Shortcake Vape Cart,Vape Cart
Flavor Galaxy LLC,AU-P-000373,Hazel Park,48030,1A4050300038CFE000021114,Strawberry Shortcake Vape Cart,Vape Cart
Flavor Galaxy LLC,AU-P-000373,Hazel Park,48030,1A4050300038CFE000021115,Strawberry Shortcake Vape Cart,Vape Cart
Flavor Galaxy LLC,AU-P-000373,Hazel Park,48030,1A4050300038CFE000021119,Strawberry Shortcake Vape Cart,Vape Cart
Flavor Galaxy LLC,AU-P-000373,Hazel Park,48030,1A4050300038CFE000021120,Strawberry Shortcake Vape Cart,Vape Cart
Flavor Galaxy LLC,AU-P-000373,Hazel Park,48030,1A4050300038CFE000017640,Watermelon Freeze Box 5 PK Vape Cart,Vape Cart
Flavor Galaxy LLC,AU-P-000373,Hazel Park,48030,1A4050300038CFE000000836,Watermelon Freeze Disposables,Vape Cart
Flavor Galaxy LLC,AU-P-000373,Hazel Park,48030,1A4050300038CFE000005948,Watermelon Freeze Disposables,Vape Cart
Flavor Galaxy LLC,AU-P-000373,Hazel Park,48030,1A4050300038CFE000010122,Watermelon Freeze Disposables,Vape Cart
Flavor Galaxy LLC,AU-P-000373,Hazel Park,48030,1A4050300038CFE000012098,Watermelon Freeze Disposables,Vape Cart
Flavor Galaxy LLC,AU-P-000373,Hazel Park,48030,1A4050300038CFE000015742,Watermelon Freeze Disposables,Vape Cart
Flavor Galaxy LLC,AU-P-000373,Hazel Park,48030,1A4050300038CFE000017908,Watermelon Freeze Disposables,Vape Cart
Flavor Galaxy LLC,AU-P-000373,Hazel Park,48030,1A4050300038CFE000018597,Watermelon Freeze Disposables,Vape Cart
Flavor Galaxy LLC,AU-P-000373,Hazel Park,48030,1A4050300038CFE000018600,Watermelon Freeze Disposables,Vape Cart
Flavor Galaxy LLC,AU-P-000373,Hazel Park,48030,1A4050300038CFE000018602,Watermelon Freeze Disposables,Vape Cart
Flavor Galaxy LLC,AU-P-000373,Hazel Park,48030,1A4050300038CFE000018603,Watermelon Freeze Disposables,Vape Cart
Flavor Galaxy LLC,AU-P-000373,Hazel Park,48030,1A4050300038CFE000018605,Watermelon Freeze Disposables,Vape Cart
Flavor Galaxy LLC,AU-P-000373,Hazel Park,48030,1A4050300038CFE000018606,Watermelon Freeze Disposables,Vape Cart
Flavor Galaxy LLC,AU-P-000373,Hazel Park,48030,1A4050300038CFE000018607,Watermelon Freeze Disposables,Vape Cart
Flavor Galaxy LLC,AU-P-000373,Hazel Park,48030,1A4050300038CFE000018608,Watermelon Freeze Disposables,Vape Cart
Flavor Galaxy LLC,AU-P-000373,Hazel Park,48030,1A4050300038CFE000018609,Watermelon Freeze Disposables,Vape Cart
Flavor Galaxy LLC,AU-P-000373,Hazel Park,48030,1A4050300038CFE000018610,Watermelon Freeze Disposables,Vape Cart
Flavor Galaxy LLC,AU-P-000373,Hazel Park,48030,1A4050300038CFE000018611,Watermelon Freeze Disposables,Vape Cart
Flavor Galaxy LLC,AU-P-000373,Hazel Park,48030,1A4050300038CFE000018612,Watermelon Freeze Disposables,Vape Cart
Flavor Galaxy LLC,AU-P-000373,Hazel Park,48030,1A4050300038CFE000018615,Watermelon Freeze Disposables,Vape Cart
Flavor Galaxy LLC,AU-P-000373,Hazel Park,48030,1A4050300038CFE000018617,Watermelon Freeze Disposables,Vape Cart
Flavor Galaxy LLC,AU-P-000373,Hazel Park,48030,1A4050300038CFE000018618,Watermelon Freeze Disposables,Vape Cart
Flavor Galaxy LLC,AU-P-000373,Hazel Park,48030,1A4050300038CFE000018619,Watermelon Freeze Disposables,Vape Cart
Flavor Galaxy LLC,AU-P-000373,Hazel Park,48030,1A4050300038CFE000018620,Watermelon Freeze Disposables,Vape Cart
Flavor Galaxy LLC,AU-P-000373,Hazel Park,48030,1A4050300038CFE000018621,Watermelon Freeze Disposables,Vape Cart
Flavor Galaxy LLC,AU-P-000373,Hazel Park,48030,1A4050300038CFE000018622,Watermelon Freeze Disposables,Vape Cart
Flavor Galaxy LLC,AU-P-000373,Hazel Park,48030,1A4050300038CFE000018623,Watermelon Freeze Disposables,Vape Cart
Flavor Galaxy LLC,AU-P-000373,Hazel Park,48030,1A4050300038CFE000000082,Watermelon Freeze Vape Cart,Vape Cart
Flavor Galaxy LLC,AU-P-000373,Hazel Park,48030,1A4050300038CFE000005883,Watermelon Freeze Vape Cart,Vape Cart
Flavor Galaxy LLC,AU-P-000373,Hazel Park,48030,1A4050300038CFE000007645,Watermelon Freeze Vape Cart,Vape Cart
Flavor Galaxy LLC,AU-P-000373,Hazel Park,48030,1A4050300038CFE000009927,Watermelon Freeze Vape Cart,Vape Cart
Flavor Galaxy LLC,AU-P-000373,Hazel Park,48030,1A4050300038CFE000011759,Watermelon Freeze Vape Cart,Vape Cart
Flavor Galaxy LLC,AU-P-000373,Hazel Park,48030,1A4050300038CFE000012371,Watermelon Freeze Vape Cart,Vape Cart
Flavor Galaxy LLC,AU-P-000373,Hazel Park,48030,1A4050300038CFE000012407,Watermelon Freeze Vape Cart,Vape Cart
Flavor Galaxy LLC,AU-P-000373,Hazel Park,48030,1A4050300038CFE000012411,Watermelon Freeze Vape Cart,Vape Cart
Flavor Galaxy LLC,AU-P-000373,Hazel Park,48030,1A4050300038CFE000012681,Watermelon Freeze Vape Cart,Vape Cart
Flavor Galaxy LLC,AU-P-000373,Hazel Park,48030,1A4050300038CFE000012792,Watermelon Freeze Vape Cart,Vape Cart
Flavor Galaxy LLC,AU-P-000373,Hazel Park,48030,1A4050300038CFE000014511,Watermelon Freeze Vape Cart,Vape Cart
Flavor Galaxy LLC,AU-P-000373,Hazel Park,48030,1A4050300038CFE000017660,Watermelon Freeze Vape Cart,Vape Cart
Flora East Lansing,AU-R-000941,E Lansing,48823,1A4050300038CFE000007896,Blue Dream Vape Cart,Vape Cart
Flora East Lansing,AU-R-000941,E Lansing,48823,1A4050300038CFE000010999,Blue Dream Vape Cart,Vape Cart
Flora East Lansing,AU-R-000941,E Lansing,48823,1A4050300038CFE000010998,Blue Razz 1g Disposable,Vape Cart
Flora East Lansing,AU-R-000941,E Lansing,48823,1A4050300038CFE000018857,Blue Razz 1g Disposable,Vape Cart
Flora East Lansing,AU-R-000941,E Lansing,48823,1A4050300038CFE000015298,Blue Razz Vape Cart,Vape Cart
Flora East Lansing,AU-R-000941,E Lansing,48823,1A4050300038CFE000010997,Blueberry Pancake 1g vape,Vape Cart
Flora East Lansing,AU-R-000941,E Lansing,48823,1A4050300038CFE000015297,Blueberry Pancake 1g vape,Vape Cart
Flora East Lansing,AU-R-000941,E Lansing,48823,1A4050300038CFE000018144,Blueberry Pancake 1g vape,Vape Cart
Flora East Lansing,AU-R-000941,E Lansing,48823,1A4050300038CFE000014882,Cherry Pie Vape Cart,Vape Cart
Flora East Lansing,AU-R-000941,E Lansing,48823,1A4050300038CFE000018859,Cherry Pie Vape Cart,Vape Cart
Flora East Lansing,AU-R-000941,E Lansing,48823,1A4050300038CFE000010995,Fruity Pebbles 1g Disposable,Vape Cart
Flora East Lansing,AU-R-000941,E Lansing,48823,1A4050300038CFE000017193,Fruity Pebbles 1g Disposable,Vape Cart
Flora East Lansing,AU-R-000941,E Lansing,48823,1A4050300038CFE000015010,Fruity Pebbles Vape Cart,Vape Cart
Flora East Lansing,AU-R-000941,E Lansing,48823,1A4050300038CFE000011000,Jungle Juice 1g Disposable,Vape Cart
Flora East Lansing,AU-R-000941,E Lansing,48823,1A4050300038CFE000015199,Jungle Juice Vape Cart,Vape Cart
Flora East Lansing,AU-R-000941,E Lansing,48823,1A4050300038CFE000018050,Jungle Juice Vape Cart,Vape Cart
Flora East Lansing,AU-R-000941,E Lansing,48823,1A4050300038CFE000015294,Lemon Cheese Cake Vape,Vape Cart
Flora East Lansing,AU-R-000941,E Lansing,48823,1A4050300038CFE000018860,Lemon Cheese Cake Vape,Vape Cart
Flora East Lansing,AU-R-000941,E Lansing,48823,1A4050300038CFE000018407,Lemon Drop Vape Cart,Vape Cart
Flora East Lansing,AU-R-000941,E Lansing,48823,1A4050300038CFE000015299,Peaches and Cream Vape Cart,Vape Cart
Flora East Lansing,AU-R-000941,E Lansing,48823,1A4050300038CFE000016851,Pina Colada Disposables,Vape Cart
Flora East Lansing,AU-R-000941,E Lansing,48823,1A4050300038CFE000018862,Pineapple Express 1g Vape Cart,Vape Cart
Flora East Lansing,AU-R-000941,E Lansing,48823,1A4050300038CFE000015300,Red Velvet 1g Vape,Vape Cart
Flora East Lansing,AU-R-000941,E Lansing,48823,1A4050300038CFE000011001,Sour Apple 1g Disposable,Vape Cart
Flora East Lansing,AU-R-000941,E Lansing,48823,1A4050300038CFE000014071,Strawberry Shortcake 1g Disposable,Vape Cart
Flora East Lansing,AU-R-000941,E Lansing,48823,1A4050300038CFE000007886,Strawberry Shortcake Vape Cart,Vape Cart
Flora East Lansing,AU-R-000941,E Lansing,48823,1A4050300038CFE000015301,Strawberry Shortcake Vape Cart,Vape Cart
Flora East Lansing,AU-R-000941,E Lansing,48823,1A4050300038CFE000006738,Watermelon Freeze Disposables,Vape Cart
Flora East Lansing,AU-R-000941,E Lansing,48823,1A4050300038CFE000018633,Watermelon Freeze Disposables,Vape Cart
Flora East Lansing,AU-R-000941,E Lansing,48823,1A4050300038CFE000007888,Watermelon Freeze Vape Cart,Vape Cart
Gatsby Cannabis Co.,AU-R-001000,Battle Creek,49014,1A4050300038CFE000006183,Jungle Juice 5 - .7g Infused Prerolls,Buds
Gatsby Cannabis Co.,AU-R-001000,Battle Creek,49014,1A4050300038CFE000006194,Lemon Pie 5 - .7g Infused Prerolls,Buds
Gatsby Cannabis Co.,AU-R-001000,Battle Creek,49014,1A4050300038CFE000021751,Blue Raspberry 1g Infused Preroll,Infused Pre-Rolls
Gatsby Cannabis Co.,AU-R-001000,Battle Creek,49014,1A4050300038CFE000006296,OG 1g Infused Preroll,Infused Pre-Rolls
Gatsby Cannabis Co.,AU-R-001000,Battle Creek,49014,1A4050300038CFE000006295,Peach Mango 1g Infused Preroll,Infused Pre-Rolls
Gatsby Cannabis Co.,AU-R-001000,Battle Creek,49014,1A4050300038CFE000007599,Peach Mango 1g Infused Preroll,Infused Pre-Rolls
Gatsby Cannabis Co.,AU-R-001000,Battle Creek,49014,1A4050300038CFE000021754,Pineapple 1g Infused Preroll,Infused Pre-Rolls
Gatsby Cannabis Co.,AU-R-001000,Battle Creek,49014,1A4050300038CFE000006293,Skywalker 1g Infused Preroll,Infused Pre-Rolls
Gatsby Cannabis Co.,AU-R-001000,Battle Creek,49014,1A4050300038CFE000007603,Skywalker 1g Infused Preroll,Infused Pre-Rolls
Gatsby Cannabis Co.,AU-R-001000,Battle Creek,49014,1A4050300038CFE000010171,Skywalker 1g Infused Preroll,Infused Pre-Rolls
Gatsby Cannabis Co.,AU-R-001000,Battle Creek,49014,1A4050300038CFE000021756,Skywalker 1g Infused Preroll,Infused Pre-Rolls
Gatsby Cannabis Co.,AU-R-001000,Battle Creek,49014,1A4050300038CFE000021757,Watermelon 1g Infused Preroll,Infused Pre-Rolls
Gatsby Cannabis Co.,AU-R-001000,Battle Creek,49014,1A4050300038CFE000007598,Waui 1g Infused Preroll,Infused Pre-Rolls
Gatsby Cannabis Co.,AU-R-001000,Battle Creek,49014,1A4050300038CFE000010172,Waui 1g Infused Preroll,Infused Pre-Rolls
Gatsby Cannabis Co.,AU-R-001000,Battle Creek,49014,1A4050300038CFE000021758,Waui 1g Infused Preroll,Infused Pre-Rolls
Gatsby Cannabis Co.,AU-R-001000,Battle Creek,49014,1A4050300038CFE000006206,OG 5 - .7g Infused Prerolls,Shake/Trim
Gatsby Cannabis Co.,AU-R-001000,Battle Creek,49014,1A4050300038CFE000006314,OG 5 - .7g Infused Prerolls,Shake/Trim
Gatsby Cannabis Co.,AU-R-001000,Battle Creek,49014,1A4050300038CFE000017368,Strawberry Short Cake 5 - .7g Infused Prerolls,Shake/Trim
Gatsby Cannabis Co.,AU-R-001000,Battle Creek,49014,1A4050300038CFE000010164,Banana Split 1g Disposable,Vape Cart
Gatsby Cannabis Co.,AU-R-001000,Battle Creek,49014,1A4050300038CFE000006181,Banana Split Vape Cart,Vape Cart
Gatsby Cannabis Co.,AU-R-001000,Battle Creek,49014,1A4050300038CFE000006322,Banana Split Vape Cart,Vape Cart
Gatsby Cannabis Co.,AU-R-001000,Battle Creek,49014,1A4050300038CFE000010196,Banana Split Vape Cart,Vape Cart
Gatsby Cannabis Co.,AU-R-001000,Battle Creek,49014,1A4050300038CFE000015142,Banana Split Vape Cart,Vape Cart
Gatsby Cannabis Co.,AU-R-001000,Battle Creek,49014,1A4050300038CFE000017443,Banana Split Vape Cart,Vape Cart
Gatsby Cannabis Co.,AU-R-001000,Battle Creek,49014,1A4050300038CFE000010193,Blue Dream Vape Cart,Vape Cart
Gatsby Cannabis Co.,AU-R-001000,Battle Creek,49014,1A4050300038CFE000017439,Blue Dream Vape Cart,Vape Cart
Gatsby Cannabis Co.,AU-R-001000,Battle Creek,49014,1A4050300038CFE000010163,Blue Razz 1g Disposable,Vape Cart
Gatsby Cannabis Co.,AU-R-001000,Battle Creek,49014,1A4050300038CFE000006185,Blue Razz Vape Cart,Vape Cart
Gatsby Cannabis Co.,AU-R-001000,Battle Creek,49014,1A4050300038CFE000006324,Blue Razz Vape Cart,Vape Cart
Gatsby Cannabis Co.,AU-R-001000,Battle Creek,49014,1A4050300038CFE000010153,Blueberry Pancake 1g vape,Vape Cart
Gatsby Cannabis Co.,AU-R-001000,Battle Creek,49014,1A4050300038CFE000018540,Blueberry Pancake Box 5 PK Vape Cart,Vape Cart
Gatsby Cannabis Co.,AU-R-001000,Battle Creek,49014,1A4050300038CFE000017437,Cereal Milk 1g Vape,Vape Cart
Gatsby Cannabis Co.,AU-R-001000,Battle Creek,49014,1A4050300038CFE000019299,Fruity Pebbles Box 5 PK Vape Cart,Vape Cart
Gatsby Cannabis Co.,AU-R-001000,Battle Creek,49014,1A4050300038CFE000006191,Fruity Pebbles Vape Cart,Vape Cart
Gatsby Cannabis Co.,AU-R-001000,Battle Creek,49014,1A4050300038CFE000006323,Fruity Pebbles Vape Cart,Vape Cart
Gatsby Cannabis Co.,AU-R-001000,Battle Creek,49014,1A4050300038CFE000017441,Fruity Pebbles Vape Cart,Vape Cart
Gatsby Cannabis Co.,AU-R-001000,Battle Creek,49014,1A4050300038CFE000010194,Grape Soda 1g Vape,Vape Cart
Gatsby Cannabis Co.,AU-R-001000,Battle Creek,49014,1A4050300038CFE000019250,Grape Soda Box 5 PK Vape Cart,Vape Cart
Gatsby Cannabis Co.,AU-R-001000,Battle Creek,49014,1A4050300038CFE000010159,Jungle Juice 1g Disposable,Vape Cart
Gatsby Cannabis Co.,AU-R-001000,Battle Creek,49014,1A4050300038CFE000017438,Jungle Juice Vape Cart,Vape Cart
Gatsby Cannabis Co.,AU-R-001000,Battle Creek,49014,1A4050300038CFE000017440,Lemon Drop Vape Cart,Vape Cart
Gatsby Cannabis Co.,AU-R-001000,Battle Creek,49014,1A4050300038CFE000018551,OG Box 5 PK Vape Cart,Vape Cart
Gatsby Cannabis Co.,AU-R-001000,Battle Creek,49014,1A4050300038CFE000006195,OG Vape Cart,Vape Cart
Gatsby Cannabis Co.,AU-R-001000,Battle Creek,49014,1A4050300038CFE000010206,OG Vape Cart,Vape Cart
Gatsby Cannabis Co.,AU-R-001000,Battle Creek,49014,1A4050300038CFE000010161,Orange Soda 1g Disposable,Vape Cart
Gatsby Cannabis Co.,AU-R-001000,Battle Creek,49014,1A4050300038CFE000010204,Orange Soda Vape Cart,Vape Cart
Gatsby Cannabis Co.,AU-R-001000,Battle Creek,49014,1A4050300038CFE000016884,Orange Soda Vape Cart,Vape Cart
Gatsby Cannabis Co.,AU-R-001000,Battle Creek,49014,1A4050300038CFE000016886,Orange Soda Vape Cart,Vape Cart
Gatsby Cannabis Co.,AU-R-001000,Battle Creek,49014,1A4050300038CFE000016892,Orange Soda Vape Cart,Vape Cart
Gatsby Cannabis Co.,AU-R-001000,Battle Creek,49014,1A4050300038CFE000006202,Peaches and Cream Vape Cart,Vape Cart
Gatsby Cannabis Co.,AU-R-001000,Battle Creek,49014,1A4050300038CFE000017442,Peaches and Cream Vape Cart,Vape Cart
Gatsby Cannabis Co.,AU-R-001000,Battle Creek,49014,1A4050300038CFE000008014,Pina Colada Vape Cart,Vape Cart
Gatsby Cannabis Co.,AU-R-001000,Battle Creek,49014,1A4050300038CFE000008023,Pina Colada Vape Cart,Vape Cart
Gatsby Cannabis Co.,AU-R-001000,Battle Creek,49014,1A4050300038CFE000008026,Pina Colada Vape Cart,Vape Cart
Gatsby Cannabis Co.,AU-R-001000,Battle Creek,49014,1A4050300038CFE000016177,Pink Lemonade 1g Vape Cart,Vape Cart
Gatsby Cannabis Co.,AU-R-001000,Battle Creek,49014,1A4050300038CFE000016179,Pink Lemonade 1g Vape Cart,Vape Cart
Gatsby Cannabis Co.,AU-R-001000,Battle Creek,49014,1A4050300038CFE000016180,Pink Lemonade 1g Vape Cart,Vape Cart
Gatsby Cannabis Co.,AU-R-001000,Battle Creek,49014,1A4050300038CFE000010162,Sour Apple 1g Disposable,Vape Cart
Gatsby Cannabis Co.,AU-R-001000,Battle Creek,49014,1A4050300038CFE000006305,Sour Apple Vape Cart,Vape Cart
Gatsby Cannabis Co.,AU-R-001000,Battle Creek,49014,1A4050300038CFE000010198,Sour Apple Vape Cart,Vape Cart
Gatsby Cannabis Co.,AU-R-001000,Battle Creek,49014,1A4050300038CFE000015481,Strawberry Shortcake Box 5 PK Vape Cart,Vape Cart
Gatsby Cannabis Co.,AU-R-001000,Battle Creek,49014,1A4050300038CFE000021522,Strawberry Shortcake Vape Cart,Vape Cart
Gatsby Cannabis Co.,AU-R-001000,Battle Creek,49014,1A4050300038CFE000001301,Watermelon Freeze Disposables,Vape Cart
Gatsby Cannabis Co.,AU-R-001000,Battle Creek,49014,1A4050300038CFE000006311,Watermelon Freeze Disposables,Vape Cart
Gatsby Cannabis Co.,AU-R-001000,Battle Creek,49014,1A4050300038CFE000006197,Watermelon Freeze Vape Cart,Vape Cart
Gatsby Cannabis Co.,AU-R-001000,Battle Creek,49014,1A4050300038CFE000010152,Watermelon Freeze Vape Cart,Vape Cart
Gramz Cannabis,AU-R-000842,Mt. Morris,48458,1A4050300038CFE000004825,OG 1g Infused Preroll,Infused Pre-Rolls
Gramz Cannabis,AU-R-000842,Mt. Morris,48458,1A4050300038CFE000007850,Peach Mango 1g Infused Preroll,Infused Pre-Rolls
Gramz Cannabis,AU-R-000842,Mt. Morris,48458,1A4050300038CFE000004823,Strawberry 1g Infused Preroll,Infused Pre-Rolls
Gramz Cannabis,AU-R-000842,Mt. Morris,48458,1A4050300038CFE000007854,Watermelon 1g Infused Preroll,Infused Pre-Rolls
Gramz Cannabis,AU-R-000842,Mt. Morris,48458,1A4050300038CFE000007855,Waui 1g Infused Preroll,Infused Pre-Rolls
Gramz Cannabis,AU-R-000842,Mt. Morris,48458,1A4050300038CFE000000530,Blue Razz Vape Cart,Vape Cart
Gramz Cannabis,AU-R-000842,Mt. Morris,48458,1A4050300038CFE000000557,Blue Razz Vape Cart,Vape Cart
Gramz Cannabis,AU-R-000842,Mt. Morris,48458,1A4050300038CFE000004838,Blue Razz Vape Cart,Vape Cart
Gramz Cannabis,AU-R-000842,Mt. Morris,48458,1A4050300038CFE000000531,Cherry Pie Vape Cart,Vape Cart
Gramz Cannabis,AU-R-000842,Mt. Morris,48458,1A4050300038CFE000004839,Fruity Pebbles Vape Cart,Vape Cart
Gramz Cannabis,AU-R-000842,Mt. Morris,48458,1A4050300038CFE000000533,OG Vape Cart,Vape Cart
Gramz Cannabis,AU-R-000842,Mt. Morris,48458,1A4050300038CFE000004845,OG Vape Cart,Vape Cart
Gramz Cannabis,AU-R-000842,Mt. Morris,48458,1A4050300038CFE000004846,Peaches and Cream Vape Cart,Vape Cart
Gramz Cannabis,AU-R-000842,Mt. Morris,48458,1A4050300038CFE000000536,Pina Colada Vape Cart,Vape Cart
Gramz Cannabis,AU-R-000842,Mt. Morris,48458,1A4050300038CFE000000537,Sour Apple Vape Cart,Vape Cart
"Green Acres Collective, LLC",AU-R-001008,Inkster,48141,1A4050300038CFE000016961,Blue Raspberry 1g Infused Preroll,Infused Pre-Rolls
"Green Acres Collective, LLC",AU-R-001008,Inkster,48141,1A4050300038CFE000020833,Blue Raspberry 1g Infused Preroll,Infused Pre-Rolls
"Green Acres Collective, LLC",AU-R-001008,Inkster,48141,1A4050300038CFE000007205,OG 1g Infused Preroll,Infused Pre-Rolls
"Green Acres Collective, LLC",AU-R-001008,Inkster,48141,1A4050300038CFE000010021,OG 1g Infused Preroll,Infused Pre-Rolls
"Green Acres Collective, LLC",AU-R-001008,Inkster,48141,1A4050300038CFE000016962,OG 1g Infused Preroll,Infused Pre-Rolls
"Green Acres Collective, LLC",AU-R-001008,Inkster,48141,1A4050300038CFE000020791,OG 1g Infused Preroll,Infused Pre-Rolls
"Green Acres Collective, LLC",AU-R-001008,Inkster,48141,1A4050300038CFE000007208,Peach Mango 1g Infused Preroll,Infused Pre-Rolls
"Green Acres Collective, LLC",AU-R-001008,Inkster,48141,1A4050300038CFE000010030,Peach Mango 1g Infused Preroll,Infused Pre-Rolls
"Green Acres Collective, LLC",AU-R-001008,Inkster,48141,1A4050300038CFE000020790,Pineapple 1g Infused Preroll,Infused Pre-Rolls
"Green Acres Collective, LLC",AU-R-001008,Inkster,48141,1A4050300038CFE000010020,Skywalker 1g Infused Preroll,Infused Pre-Rolls
"Green Acres Collective, LLC",AU-R-001008,Inkster,48141,1A4050300038CFE000020796,Skywalker 1g Infused Preroll,Infused Pre-Rolls
"Green Acres Collective, LLC",AU-R-001008,Inkster,48141,1A4050300038CFE000010028,Strawberry 1g Infused Preroll,Infused Pre-Rolls
"Green Acres Collective, LLC",AU-R-001008,Inkster,48141,1A4050300038CFE000007206,Watermelon 1g Infused Preroll,Infused Pre-Rolls
"Green Acres Collective, LLC",AU-R-001008,Inkster,48141,1A4050300038CFE000010029,Watermelon 1g Infused Preroll,Infused Pre-Rolls
"Green Acres Collective, LLC",AU-R-001008,Inkster,48141,1A4050300038CFE000020798,Watermelon 1g Infused Preroll,Infused Pre-Rolls
"Green Acres Collective, LLC",AU-R-001008,Inkster,48141,1A4050300038CFE000010022,Waui 1g Infused Preroll,Infused Pre-Rolls
"Green Acres Collective, LLC",AU-R-001008,Inkster,48141,1A4050300038CFE000020797,Strawberry Caugh 1g Preroll,Shake/Trim
"Green Acres Collective, LLC",AU-R-001008,Inkster,48141,1A4050300038CFE000006573,Banana Split Vape Cart,Vape Cart
"Green Acres Collective, LLC",AU-R-001008,Inkster,48141,1A4050300038CFE000008122,Banana Split Vape Cart,Vape Cart
"Green Acres Collective, LLC",AU-R-001008,Inkster,48141,1A4050300038CFE000006572,Blue Razz Vape Cart,Vape Cart
"Green Acres Collective, LLC",AU-R-001008,Inkster,48141,1A4050300038CFE000008125,Cherry Pie Vape Cart,Vape Cart
"Green Acres Collective, LLC",AU-R-001008,Inkster,48141,1A4050300038CFE000006571,OG Vape Cart,Vape Cart
"Green Acres Collective, LLC",AU-R-001008,Inkster,48141,1A4050300038CFE000008124,OG Vape Cart,Vape Cart
"Green Acres Collective, LLC",AU-R-001008,Inkster,48141,1A4050300038CFE000006570,Peaches and Cream Vape Cart,Vape Cart
"Green Acres Collective, LLC",AU-R-001008,Inkster,48141,1A4050300038CFE000006577,Sour Apple Vape Cart,Vape Cart
"Green Acres Collective, LLC",AU-R-001008,Inkster,48141,1A4050300038CFE000008121,Strawberry Cough 1g Vape,Vape Cart
"Green Acres Collective, LLC",AU-R-001008,Inkster,48141,1A4050300038CFE000006578,Watermelon Freeze Vape Cart,Vape Cart
Green Acres Ecorse,AU-R-001096,Ecorse,48229,1A4050300038CFE000019145,Blue Raspberry 1g Infused Preroll,Infused Pre-Rolls
Green Acres Ecorse,AU-R-001096,Ecorse,48229,1A4050300038CFE000011849,OG 1g Infused Preroll,Infused Pre-Rolls
Green Acres Ecorse,AU-R-001096,Ecorse,48229,1A4050300038CFE000019147,OG 1g Infused Preroll,Infused Pre-Rolls
Green Acres Ecorse,AU-R-001096,Ecorse,48229,1A4050300038CFE000011847,Peach Mango 1g Infused Preroll,Infused Pre-Rolls
Green Acres Ecorse,AU-R-001096,Ecorse,48229,1A4050300038CFE000011850,Strawberry 1g Infused Preroll,Infused Pre-Rolls
Green Acres Ecorse,AU-R-001096,Ecorse,48229,1A4050300038CFE000011851,Watermelon 1g Infused Preroll,Infused Pre-Rolls
Green Acres Ecorse,AU-R-001096,Ecorse,48229,1A4050300038CFE000019149,Watermelon 1g Infused Preroll,Infused Pre-Rolls
Green Acres Ecorse,AU-R-001096,Ecorse,48229,1A4050300038CFE000011852,Waui 1g Infused Preroll,Infused Pre-Rolls
Green Buddha of Ferndale,AU-R-000241,Ferndale,48220,1A4050300038CFE000012430,OG 1g Infused Preroll,Infused Pre-Rolls
Green Buddha of Ferndale,AU-R-000241,Ferndale,48220,1A4050300038CFE000006886,Peach Mango 1g Infused Preroll,Infused Pre-Rolls
Green Buddha of Ferndale,AU-R-000241,Ferndale,48220,1A4050300038CFE000007290,Peach Mango 1g Infused Preroll,Infused Pre-Rolls
Green Buddha of Ferndale,AU-R-000241,Ferndale,48220,1A4050300038CFE000007320,Peach Mango 1g Infused Preroll,Infused Pre-Rolls
Green Buddha of Ferndale,AU-R-000241,Ferndale,48220,1A4050300038CFE000008273,Peach Mango 1g Infused Preroll,Infused Pre-Rolls
Green Buddha of Ferndale,AU-R-000241,Ferndale,48220,1A4050300038CFE000012429,Peach Mango 1g Infused Preroll,Infused Pre-Rolls
Green Buddha of Ferndale,AU-R-000241,Ferndale,48220,1A4050300038CFE000014683,Peach Mango 1g Infused Preroll,Infused Pre-Rolls
Green Buddha of Ferndale,AU-R-000241,Ferndale,48220,1A4050300038CFE000006884,Skywalker 1g Infused Preroll,Infused Pre-Rolls
Green Buddha of Ferndale,AU-R-000241,Ferndale,48220,1A4050300038CFE000022096,Skywalker 1g Infused Preroll,Infused Pre-Rolls
Green Buddha of Ferndale,AU-R-000241,Ferndale,48220,1A4050300038CFE000011102,Strawberry 1g Infused Preroll,Infused Pre-Rolls
Green Buddha of Ferndale,AU-R-000241,Ferndale,48220,1A4050300038CFE000012431,Strawberry 1g Infused Preroll,Infused Pre-Rolls
Green Buddha of Ferndale,AU-R-000241,Ferndale,48220,1A4050300038CFE000014684,Strawberry 1g Infused Preroll,Infused Pre-Rolls
Green Buddha of Ferndale,AU-R-000241,Ferndale,48220,1A4050300038CFE000002685,Watermelon 1g Infused Preroll,Infused Pre-Rolls
Green Buddha of Ferndale,AU-R-000241,Ferndale,48220,1A4050300038CFE000005724,Watermelon 1g Infused Preroll,Infused Pre-Rolls
Green Buddha of Ferndale,AU-R-000241,Ferndale,48220,1A4050300038CFE000012432,Watermelon 1g Infused Preroll,Infused Pre-Rolls
Green Buddha of Ferndale,AU-R-000241,Ferndale,48220,1A4050300038CFE000014682,Watermelon 1g Infused Preroll,Infused Pre-Rolls
Green Buddha of Ferndale,AU-R-000241,Ferndale,48220,1A4050300038CFE000002677,Waui 1g Infused Preroll,Infused Pre-Rolls
Green Buddha of Ferndale,AU-R-000241,Ferndale,48220,1A4050300038CFE000006882,Waui 1g Infused Preroll,Infused Pre-Rolls
Green Buddha of Ferndale,AU-R-000241,Ferndale,48220,1A4050300038CFE000007292,Waui 1g Infused Preroll,Infused Pre-Rolls
Green Buddha of Ferndale,AU-R-000241,Ferndale,48220,1A4050300038CFE000007317,Waui 1g Infused Preroll,Infused Pre-Rolls
Green Buddha of Ferndale,AU-R-000241,Ferndale,48220,1A4050300038CFE000012433,Waui 1g Infused Preroll,Infused Pre-Rolls
Green Buddha of Ferndale,AU-R-000241,Ferndale,48220,1A4050300038CFE000022097,Waui 1g Infused Preroll,Infused Pre-Rolls
Green Buddha of Ferndale,AU-R-000241,Ferndale,48220,1A4050300038CFE000009916,Blue Razz 1g Disposable,Vape Cart
Green Buddha of Ferndale,AU-R-000241,Ferndale,48220,1A4050300038CFE000018872,Bubble Gum 1g vape,Vape Cart
Green Buddha of Ferndale,AU-R-000241,Ferndale,48220,1A4050300038CFE000012379,Fruity Pebbles Vape Cart,Vape Cart
Green Buddha of Ferndale,AU-R-000241,Ferndale,48220,1A4050300038CFE000009915,Orange Soda 1g Disposable,Vape Cart
Green Buddha of Ferndale,AU-R-000241,Ferndale,48220,1A4050300038CFE000018874,Pineapple Express 1g Vape Cart,Vape Cart
Green Buddha of Ferndale,AU-R-000241,Ferndale,48220,1A4050300038CFE000009912,Sour Apple 1g Disposable,Vape Cart
Green Buddha of Ferndale,AU-R-000241,Ferndale,48220,1A4050300038CFE000012380,Strawberry Cough 1g Vape,Vape Cart
Green Buddha of Ferndale,AU-R-000241,Ferndale,48220,1A4050300038CFE000006736,Watermelon Freeze Disposables,Vape Cart
"Green Genie 3, Inc.",PC-000763,Detroit,48228,1A405010001C5E9000008681,OG 1g Infused Preroll,Infused Pre-Rolls
"Green Genie 3, Inc.",PC-000763,Detroit,48228,1A405010001C5E9000008679,Peach Mango 1g Infused Preroll,Infused Pre-Rolls
"Green Genie 3, Inc.",PC-000763,Detroit,48228,1A405010001C5E9000008682,Skywalker 1g Infused Preroll,Infused Pre-Rolls
"Green Genie 3, Inc.",PC-000763,Detroit,48228,1A405010001C5E9000008494,Strawberry 1g Infused Preroll,Infused Pre-Rolls
"Green Genie 3, Inc.",PC-000763,Detroit,48228,1A405010001C5E9000008683,Strawberry 1g Infused Preroll,Infused Pre-Rolls
"Green Genie 3, Inc.",PC-000763,Detroit,48228,1A405010001C5E9000008684,Watermelon 1g Infused Preroll,Infused Pre-Rolls
"Green Genie 3, Inc.",PC-000763,Detroit,48228,1A405010001C5E9000008685,Waui 1g Infused Preroll,Infused Pre-Rolls
Green Genie Inc,PC-000009,Detroit,48219,1A405010001C5E9000008663,OG 1g Infused Preroll,Infused Pre-Rolls
Green Genie Inc,PC-000009,Detroit,48219,1A405010001C5E9000008802,OG 1g Infused Preroll,Infused Pre-Rolls
Green Genie Inc,PC-000009,Detroit,48219,1A405010001C5E9000008661,Peach Mango 1g Infused Preroll,Infused Pre-Rolls
Green Genie Inc,PC-000009,Detroit,48219,1A405010001C5E9000008800,Peach Mango 1g Infused Preroll,Infused Pre-Rolls
Green Genie Inc,PC-000009,Detroit,48219,1A405010001C5E9000008801,Pineapple 1g Infused Preroll,Infused Pre-Rolls
Green Genie Inc,PC-000009,Detroit,48219,1A405010001C5E9000008664,Skywalker 1g Infused Preroll,Infused Pre-Rolls
Green Genie Inc,PC-000009,Detroit,48219,1A405010001C5E9000008803,Skywalker 1g Infused Preroll,Infused Pre-Rolls
Green Genie Inc,PC-000009,Detroit,48219,1A405010001C5E9000008480,Strawberry 1g Infused Preroll,Infused Pre-Rolls
Green Genie Inc,PC-000009,Detroit,48219,1A405010001C5E9000008665,Strawberry 1g Infused Preroll,Infused Pre-Rolls
Green Genie Inc,PC-000009,Detroit,48219,1A405010001C5E9000008804,Strawberry 1g Infused Preroll,Infused Pre-Rolls
Green Genie Inc,PC-000009,Detroit,48219,1A405010001C5E9000008666,Watermelon 1g Infused Preroll,Infused Pre-Rolls
Green Genie Inc,PC-000009,Detroit,48219,1A405010001C5E9000008805,Watermelon 1g Infused Preroll,Infused Pre-Rolls
Green Genie Inc,PC-000009,Detroit,48219,1A405010001C5E9000008667,Waui 1g Infused Preroll,Infused Pre-Rolls
Green Genie Inc,PC-000009,Detroit,48219,1A405010001C5E9000008806,Waui 1g Infused Preroll,Infused Pre-Rolls
Green House of Walled Lake,AU-R-000128,Walled Lake,48390,1A4050300038CFE000000720,Lemon Drop Vape Cart,Vape Cart
Green House of Walled Lake,AU-R-000128,Walled Lake,48390,1A4050300038CFE000000718,Sour Apple Vape Cart,Vape Cart
Green Labs Provisions,AU-R-000801,Luna Pier,48157,1A4050300038CFE000015243,Banana Split 1g Disposable,Vape Cart
Green Labs Provisions,AU-R-000801,Luna Pier,48157,1A4050300038CFE000009921,Banana Split Vape Cart,Vape Cart
Green Labs Provisions,AU-R-000801,Luna Pier,48157,1A4050300038CFE000017490,Banana Split Vape Cart,Vape Cart
Green Labs Provisions,AU-R-000801,Luna Pier,48157,1A4050300038CFE000017491,Banana Split Vape Cart,Vape Cart
Green Labs Provisions,AU-R-000801,Luna Pier,48157,1A4050300038CFE000017881,Banana Split Vape Cart,Vape Cart
Green Labs Provisions,AU-R-000801,Luna Pier,48157,1A4050300038CFE000009929,Blue Razz 1g Disposable,Vape Cart
Green Labs Provisions,AU-R-000801,Luna Pier,48157,1A4050300038CFE000016385,Blue Razz 1g Disposable,Vape Cart
Green Labs Provisions,AU-R-000801,Luna Pier,48157,1A4050300038CFE000016250,Blueberry Pancake 1g Disposable,Vape Cart
Green Labs Provisions,AU-R-000801,Luna Pier,48157,1A4050300038CFE000015413,Blueberry Pancake 1g vape,Vape Cart
Green Labs Provisions,AU-R-000801,Luna Pier,48157,1A4050300038CFE000015416,Blueberry Pancake 1g vape,Vape Cart
Green Labs Provisions,AU-R-000801,Luna Pier,48157,1A4050300038CFE000015459,Bubble Gum 1g vape,Vape Cart
Green Labs Provisions,AU-R-000801,Luna Pier,48157,1A4050300038CFE000015477,Bubble Gum Box 5 PK Vape Cart,Vape Cart
Green Labs Provisions,AU-R-000801,Luna Pier,48157,1A4050300038CFE000016827,Cherry Pie 1g Disposable,Vape Cart
Green Labs Provisions,AU-R-000801,Luna Pier,48157,1A4050300038CFE000017890,Dirty Shirly 1g Vape,Vape Cart
Green Labs Provisions,AU-R-000801,Luna Pier,48157,1A4050300038CFE000014749,Fruity Pebbles 1g Disposable,Vape Cart
Green Labs Provisions,AU-R-000801,Luna Pier,48157,1A4050300038CFE000014767,Fruity Pebbles 1g Disposable,Vape Cart
Green Labs Provisions,AU-R-000801,Luna Pier,48157,1A4050300038CFE000017191,Fruity Pebbles 1g Disposable,Vape Cart
Green Labs Provisions,AU-R-000801,Luna Pier,48157,1A4050300038CFE000015306,Fruity Pebbles Box 5 PK Vape Cart,Vape Cart
Green Labs Provisions,AU-R-000801,Luna Pier,48157,1A4050300038CFE000017882,Fruity Pebbles Vape Cart,Vape Cart
Green Labs Provisions,AU-R-000801,Luna Pier,48157,1A4050300038CFE000015759,Grape Soda 1g Vape,Vape Cart
Green Labs Provisions,AU-R-000801,Luna Pier,48157,1A4050300038CFE000017889,Grape Soda 1g Vape,Vape Cart
Green Labs Provisions,AU-R-000801,Luna Pier,48157,1A4050300038CFE000019151,Grape Soda Box 5 PK Vape Cart,Vape Cart
Green Labs Provisions,AU-R-000801,Luna Pier,48157,1A4050300038CFE000009922,Jungle Juice 1g Disposable,Vape Cart
Green Labs Provisions,AU-R-000801,Luna Pier,48157,1A4050300038CFE000017883,Jungle Juice Vape Cart,Vape Cart
Green Labs Provisions,AU-R-000801,Luna Pier,48157,1A4050300038CFE000014851,Lemon Cheese Cake Vape,Vape Cart
Green Labs Provisions,AU-R-000801,Luna Pier,48157,1A4050300038CFE000009928,Lemon Drop Vape Cart,Vape Cart
Green Labs Provisions,AU-R-000801,Luna Pier,48157,1A4050300038CFE000018421,Lemon Drop Vape Cart,Vape Cart
Green Labs Provisions,AU-R-000801,Luna Pier,48157,1A4050300038CFE000018425,Lemon Drop Vape Cart,Vape Cart
Green Labs Provisions,AU-R-000801,Luna Pier,48157,1A4050300038CFE000018431,Lemon Drop Vape Cart,Vape Cart
Green Labs Provisions,AU-R-000801,Luna Pier,48157,1A4050300038CFE000019150,OG Box 5 PK Vape Cart,Vape Cart
Green Labs Provisions,AU-R-000801,Luna Pier,48157,1A4050300038CFE000017892,OG Disposables,Vape Cart
Green Labs Provisions,AU-R-000801,Luna Pier,48157,1A4050300038CFE000017884,OG Vape Cart,Vape Cart
Green Labs Provisions,AU-R-000801,Luna Pier,48157,1A4050300038CFE000010015,Orange Soda Vape Cart,Vape Cart
Green Labs Provisions,AU-R-000801,Luna Pier,48157,1A4050300038CFE000014180,Peaches and Cream Vape Cart,Vape Cart
Green Labs Provisions,AU-R-000801,Luna Pier,48157,1A4050300038CFE000015367,Peaches and Cream Vape Cart,Vape Cart
Green Labs Provisions,AU-R-000801,Luna Pier,48157,1A4050300038CFE000015526,Peaches and Cream Vape Cart,Vape Cart
Green Labs Provisions,AU-R-000801,Luna Pier,48157,1A4050300038CFE000011650,Pina Colada Disposables,Vape Cart
Green Labs Provisions,AU-R-000801,Luna Pier,48157,1A4050300038CFE000017891,Pina Colada Disposables,Vape Cart
Green Labs Provisions,AU-R-000801,Luna Pier,48157,1A4050300038CFE000008015,Pina Colada Vape Cart,Vape Cart
Green Labs Provisions,AU-R-000801,Luna Pier,48157,1A4050300038CFE000008025,Pina Colada Vape Cart,Vape Cart
Green Labs Provisions,AU-R-000801,Luna Pier,48157,1A4050300038CFE000017453,Pina Colada Vape Cart,Vape Cart
Green Labs Provisions,AU-R-000801,Luna Pier,48157,1A4050300038CFE000009926,Sour Apple 1g Disposable,Vape Cart
Green Labs Provisions,AU-R-000801,Luna Pier,48157,1A4050300038CFE000017888,Sour Apple Vape Cart,Vape Cart
Green Labs Provisions,AU-R-000801,Luna Pier,48157,1A4050300038CFE000017887,Strawberry Cough 1g Vape,Vape Cart
Green Labs Provisions,AU-R-000801,Luna Pier,48157,1A4050300038CFE000016369,Strawberry Shortcake 1g Disposable,Vape Cart
Green Labs Provisions,AU-R-000801,Luna Pier,48157,1A4050300038CFE000019152,Strawberry Shortcake Box 5 PK Vape Cart,Vape Cart
Green Labs Provisions,AU-R-000801,Luna Pier,48157,1A4050300038CFE000014177,Strawberry Shortcake Vape Cart,Vape Cart
Green Labs Provisions,AU-R-000801,Luna Pier,48157,1A4050300038CFE000014179,Strawberry Shortcake Vape Cart,Vape Cart
Green Labs Provisions,AU-R-000801,Luna Pier,48157,1A4050300038CFE000015425,Strawberry Shortcake Vape Cart,Vape Cart
Green Labs Provisions,AU-R-000801,Luna Pier,48157,1A4050300038CFE000015430,Strawberry Shortcake Vape Cart,Vape Cart
Green Labs Provisions,AU-R-000801,Luna Pier,48157,1A4050300038CFE000018840,Strawberry Shortcake Vape Cart,Vape Cart
Green Labs Provisions,AU-R-000801,Luna Pier,48157,1A4050300038CFE000015316,Watermelon Freeze Box 5 PK Vape Cart,Vape Cart
Green Labs Provisions,AU-R-000801,Luna Pier,48157,1A4050300038CFE000014082,Watermelon Freeze Disposables,Vape Cart
Green Labs Provisions,AU-R-000801,Luna Pier,48157,1A4050300038CFE000018632,Watermelon Freeze Disposables,Vape Cart
Green Labs Provisions,AU-R-000801,Luna Pier,48157,1A4050300038CFE000017886,Watermelon Freeze Vape Cart,Vape Cart
"Green Mountain Monroe, LLC",AU-R-001078,Monroe,48161,1A4050300038CFE000022122,Blue Raspberry 1g Infused Preroll,Infused Pre-Rolls
"Green Mountain Monroe, LLC",AU-R-001078,Monroe,48161,1A4050300038CFE000016975,Peach Mango 1g Infused Preroll,Infused Pre-Rolls
"Green Mountain Monroe, LLC",AU-R-001078,Monroe,48161,1A4050300038CFE000022124,Skywalker 1g Infused Preroll,Infused Pre-Rolls
"Green Mountain Monroe, LLC",AU-R-001078,Monroe,48161,1A4050300038CFE000016974,Strawberry 1g Infused Preroll,Infused Pre-Rolls
Green Pharm,AU-R-000624,Hazel Park,48030,1A4050300038CFE000000280,Blue Razz Vape Cart,Vape Cart
Green Pharm,AU-R-000624,Hazel Park,48030,1A4050300038CFE000000286,Peaches and Cream Vape Cart,Vape Cart
Green Pharm Bay City,AU-R-000218,Bay City,48706,1A4050300038CFE000017176,Blue Raspberry 1g Infused Preroll,Infused Pre-Rolls
Green Pharm Bay City,AU-R-000218,Bay City,48706,1A4050300038CFE000001839,Grape 1g Infused Preroll,Infused Pre-Rolls
Green Pharm Bay City,AU-R-000218,Bay City,48706,1A4050300038CFE000007325,OG 1g Infused Preroll,Infused Pre-Rolls
Green Pharm Bay City,AU-R-000218,Bay City,48706,1A4050300038CFE000009596,OG 1g Infused Preroll,Infused Pre-Rolls
Green Pharm Bay City,AU-R-000218,Bay City,48706,1A4050300038CFE000017177,OG 1g Infused Preroll,Infused Pre-Rolls
Green Pharm Bay City,AU-R-000218,Bay City,48706,1A4050300038CFE000007330,Peach Mango 1g Infused Preroll,Infused Pre-Rolls
Green Pharm Bay City,AU-R-000218,Bay City,48706,1A4050300038CFE000009597,Peach Mango 1g Infused Preroll,Infused Pre-Rolls
Green Pharm Bay City,AU-R-000218,Bay City,48706,1A4050300038CFE000021740,Pineapple 1g Infused Preroll,Infused Pre-Rolls
Green Pharm Bay City,AU-R-000218,Bay City,48706,1A4050300038CFE000007327,Skywalker 1g Infused Preroll,Infused Pre-Rolls
Green Pharm Bay City,AU-R-000218,Bay City,48706,1A4050300038CFE000021741,Skywalker 1g Infused Preroll,Infused Pre-Rolls
Green Pharm Bay City,AU-R-000218,Bay City,48706,1A4050300038CFE000007328,Strawberry 1g Infused Preroll,Infused Pre-Rolls
Green Pharm Bay City,AU-R-000218,Bay City,48706,1A4050300038CFE000007336,Strawberry 1g Infused Preroll,Infused Pre-Rolls
Green Pharm Bay City,AU-R-000218,Bay City,48706,1A4050300038CFE000009599,Strawberry 1g Infused Preroll,Infused Pre-Rolls
Green Pharm Bay City,AU-R-000218,Bay City,48706,1A4050300038CFE000001842,Watermelon 1g Infused Preroll,Infused Pre-Rolls
Green Pharm Bay City,AU-R-000218,Bay City,48706,1A4050300038CFE000002908,Watermelon 1g Infused Preroll,Infused Pre-Rolls
Green Pharm Bay City,AU-R-000218,Bay City,48706,1A4050300038CFE000005785,Watermelon 1g Infused Preroll,Infused Pre-Rolls
Green Pharm Bay City,AU-R-000218,Bay City,48706,1A4050300038CFE000007326,Watermelon 1g Infused Preroll,Infused Pre-Rolls
Green Pharm Bay City,AU-R-000218,Bay City,48706,1A4050300038CFE000007335,Watermelon 1g Infused Preroll,Infused Pre-Rolls
Green Pharm Bay City,AU-R-000218,Bay City,48706,1A4050300038CFE000009600,Watermelon 1g Infused Preroll,Infused Pre-Rolls
Green Pharm Bay City,AU-R-000218,Bay City,48706,1A4050300038CFE000001837,Waui 1g Infused Preroll,Infused Pre-Rolls
Green Pharm Bay City,AU-R-000218,Bay City,48706,1A4050300038CFE000007331,Waui 1g Infused Preroll,Infused Pre-Rolls
Green Pharm Bay City,AU-R-000218,Bay City,48706,1A4050300038CFE000009595,Waui 1g Infused Preroll,Infused Pre-Rolls
Green Pharm Bay City,AU-R-000218,Bay City,48706,1A4050300038CFE000021742,Waui 1g Infused Preroll,Infused Pre-Rolls
Green Pharm Bay City,AU-R-000218,Bay City,48706,1A4050300038CFE000000868,Banana Split Vape Cart,Vape Cart
Green Pharm Bay City,AU-R-000218,Bay City,48706,1A4050300038CFE000007918,Banana Split Vape Cart,Vape Cart
Green Pharm Bay City,AU-R-000218,Bay City,48706,1A4050300038CFE000015347,Blue Dream Box 5 PK Vape Cart,Vape Cart
Green Pharm Bay City,AU-R-000218,Bay City,48706,1A4050300038CFE000007917,Blue Dream Vape Cart,Vape Cart
Green Pharm Bay City,AU-R-000218,Bay City,48706,1A4050300038CFE000000130,Blue Razz Vape Cart,Vape Cart
Green Pharm Bay City,AU-R-000218,Bay City,48706,1A4050300038CFE000007919,Blueberry Pancake 1g vape,Vape Cart
Green Pharm Bay City,AU-R-000218,Bay City,48706,1A4050300038CFE000018155,Blueberry Pancake 1g vape,Vape Cart
Green Pharm Bay City,AU-R-000218,Bay City,48706,1A4050300038CFE000015957,Bubble Gum 1g vape,Vape Cart
Green Pharm Bay City,AU-R-000218,Bay City,48706,1A4050300038CFE000015883,Cereal Milk 1g Vape,Vape Cart
Green Pharm Bay City,AU-R-000218,Bay City,48706,1A4050300038CFE000015310,Cherry Pie Box 5 PK Vape Cart,Vape Cart
Green Pharm Bay City,AU-R-000218,Bay City,48706,1A4050300038CFE000000128,Cherry Pie Vape Cart,Vape Cart
Green Pharm Bay City,AU-R-000218,Bay City,48706,1A4050300038CFE000007916,Cherry Pie Vape Cart,Vape Cart
Green Pharm Bay City,AU-R-000218,Bay City,48706,1A4050300038CFE000015930,Dirty Shirly 1g Vape,Vape Cart
Green Pharm Bay City,AU-R-000218,Bay City,48706,1A4050300038CFE000000129,Fruity Pebbles Vape Cart,Vape Cart
Green Pharm Bay City,AU-R-000218,Bay City,48706,1A4050300038CFE000000870,Fruity Pebbles Vape Cart,Vape Cart
Green Pharm Bay City,AU-R-000218,Bay City,48706,1A4050300038CFE000019815,Fruity Pebbles Vape Cart,Vape Cart
Green Pharm Bay City,AU-R-000218,Bay City,48706,1A4050300038CFE000015331,Grape Soda Box 5 PK Vape Cart,Vape Cart
Green Pharm Bay City,AU-R-000218,Bay City,48706,1A4050300038CFE000000131,Jungle Juice Vape Cart,Vape Cart
Green Pharm Bay City,AU-R-000218,Bay City,48706,1A4050300038CFE000000880,Jungle Juice Vape Cart,Vape Cart
Green Pharm Bay City,AU-R-000218,Bay City,48706,1A4050300038CFE000007922,Jungle Juice Vape Cart,Vape Cart
Green Pharm Bay City,AU-R-000218,Bay City,48706,1A4050300038CFE000018067,Jungle Juice Vape Cart,Vape Cart
Green Pharm Bay City,AU-R-000218,Bay City,48706,1A4050300038CFE000018427,Lemon Drop Vape Cart,Vape Cart
Green Pharm Bay City,AU-R-000218,Bay City,48706,1A4050300038CFE000015322,OG Box 5 PK Vape Cart,Vape Cart
Green Pharm Bay City,AU-R-000218,Bay City,48706,1A4050300038CFE000000136,OG Vape Cart,Vape Cart
Green Pharm Bay City,AU-R-000218,Bay City,48706,1A4050300038CFE000000133,Peaches and Cream Vape Cart,Vape Cart
Green Pharm Bay City,AU-R-000218,Bay City,48706,1A4050300038CFE000000132,Pina Colada Vape Cart,Vape Cart
Green Pharm Bay City,AU-R-000218,Bay City,48706,1A4050300038CFE000000871,Pina Colada Vape Cart,Vape Cart
Green Pharm Bay City,AU-R-000218,Bay City,48706,1A4050300038CFE000007920,Pina Colada Vape Cart,Vape Cart
Green Pharm Bay City,AU-R-000218,Bay City,48706,1A4050300038CFE000016154,Pineapple Express 1g Vape Cart,Vape Cart
Green Pharm Bay City,AU-R-000218,Bay City,48706,1A4050300038CFE000016160,Pink Lemonade 1g Vape Cart,Vape Cart
Green Pharm Bay City,AU-R-000218,Bay City,48706,1A4050300038CFE000017100,Red Velvet Box 5 PK Vape Cart,Vape Cart
Green Pharm Bay City,AU-R-000218,Bay City,48706,1A4050300038CFE000000127,Sour Apple Vape Cart,Vape Cart
Green Pharm Bay City,AU-R-000218,Bay City,48706,1A4050300038CFE000019822,Strawberry Cough 1g Vape,Vape Cart
Green Pharm Bay City,AU-R-000218,Bay City,48706,1A4050300038CFE000015342,Strawberry Cough Box 5 PK Vape Cart,Vape Cart
Green Pharm Bay City,AU-R-000218,Bay City,48706,1A4050300038CFE000018264,Watermelon Freeze Vape Cart,Vape Cart
Greencare Provisioning Center,AU-R-000220,River Rouge,48218,1A4050300038CFE000007904,Lemon Pie 5 - .7g Infused Prerolls,Buds
Greencare Provisioning Center,AU-R-000220,River Rouge,48218,1A4050300038CFE000016695,Blue Raspberry 1g Infused Preroll,Infused Pre-Rolls
Greencare Provisioning Center,AU-R-000220,River Rouge,48218,1A4050300038CFE000010114,OG 1g Infused Preroll,Infused Pre-Rolls
Greencare Provisioning Center,AU-R-000220,River Rouge,48218,1A4050300038CFE000013249,OG 1g Infused Preroll,Infused Pre-Rolls
Greencare Provisioning Center,AU-R-000220,River Rouge,48218,1A4050300038CFE000010113,Peach Mango 1g Infused Preroll,Infused Pre-Rolls
Greencare Provisioning Center,AU-R-000220,River Rouge,48218,1A4050300038CFE000013247,Peach Mango 1g Infused Preroll,Infused Pre-Rolls
Greencare Provisioning Center,AU-R-000220,River Rouge,48218,1A4050300038CFE000010098,Skywalker 1g Infused Preroll,Infused Pre-Rolls
Greencare Provisioning Center,AU-R-000220,River Rouge,48218,1A4050300038CFE000013250,Skywalker 1g Infused Preroll,Infused Pre-Rolls
Greencare Provisioning Center,AU-R-000220,River Rouge,48218,1A4050300038CFE000005106,Strawberry 1g Infused Preroll,Infused Pre-Rolls
Greencare Provisioning Center,AU-R-000220,River Rouge,48218,1A4050300038CFE000010116,Strawberry 1g Infused Preroll,Infused Pre-Rolls
Greencare Provisioning Center,AU-R-000220,River Rouge,48218,1A4050300038CFE000016641,Strawberry 1g Infused Preroll,Infused Pre-Rolls
Greencare Provisioning Center,AU-R-000220,River Rouge,48218,1A4050300038CFE000001876,Watermelon 1g Infused Preroll,Infused Pre-Rolls
Greencare Provisioning Center,AU-R-000220,River Rouge,48218,1A4050300038CFE000004128,Watermelon 1g Infused Preroll,Infused Pre-Rolls
Greencare Provisioning Center,AU-R-000220,River Rouge,48218,1A4050300038CFE000005111,Watermelon 1g Infused Preroll,Infused Pre-Rolls
Greencare Provisioning Center,AU-R-000220,River Rouge,48218,1A4050300038CFE000010115,Watermelon 1g Infused Preroll,Infused Pre-Rolls
Greencare Provisioning Center,AU-R-000220,River Rouge,48218,1A4050300038CFE000016696,Watermelon 1g Infused Preroll,Infused Pre-Rolls
Greencare Provisioning Center,AU-R-000220,River Rouge,48218,1A4050300038CFE000001875,Waui 1g Infused Preroll,Infused Pre-Rolls
Greencare Provisioning Center,AU-R-000220,River Rouge,48218,1A4050300038CFE000007809,Waui 1g Infused Preroll,Infused Pre-Rolls
Greencare Provisioning Center,AU-R-000220,River Rouge,48218,1A4050300038CFE000010099,Waui 1g Infused Preroll,Infused Pre-Rolls
Greencare Provisioning Center,AU-R-000220,River Rouge,48218,1A4050300038CFE000019209,Apple Burst 1g Vape,Vape Cart
Greencare Provisioning Center,AU-R-000220,River Rouge,48218,1A4050300038CFE000019211,Apple Burst 1g Vape,Vape Cart
Greencare Provisioning Center,AU-R-000220,River Rouge,48218,1A4050300038CFE000015351,Banana Split Box 5 PK Vape Cart,Vape Cart
Greencare Provisioning Center,AU-R-000220,River Rouge,48218,1A4050300038CFE000001351,Banana Split Vape Cart,Vape Cart
Greencare Provisioning Center,AU-R-000220,River Rouge,48218,1A4050300038CFE000007901,Banana Split Vape Cart,Vape Cart
Greencare Provisioning Center,AU-R-000220,River Rouge,48218,1A4050300038CFE000010741,Banana Split Vape Cart,Vape Cart
Greencare Provisioning Center,AU-R-000220,River Rouge,48218,1A4050300038CFE000012219,Blue Dream 1g Disposable,Vape Cart
Greencare Provisioning Center,AU-R-000220,River Rouge,48218,1A4050300038CFE000007914,Blue Dream Vape Cart,Vape Cart
Greencare Provisioning Center,AU-R-000220,River Rouge,48218,1A4050300038CFE000011161,Blue Dream Vape Cart,Vape Cart
Greencare Provisioning Center,AU-R-000220,River Rouge,48218,1A4050300038CFE000011162,Blue Dream Vape Cart,Vape Cart
Greencare Provisioning Center,AU-R-000220,River Rouge,48218,1A4050300038CFE000000295,Blue Razz Vape Cart,Vape Cart
Greencare Provisioning Center,AU-R-000220,River Rouge,48218,1A4050300038CFE000001352,Blue Razz Vape Cart,Vape Cart
Greencare Provisioning Center,AU-R-000220,River Rouge,48218,1A4050300038CFE000012218,Blue Razz Vape Cart,Vape Cart
Greencare Provisioning Center,AU-R-000220,River Rouge,48218,1A4050300038CFE000018335,Blue Razz Vape Cart,Vape Cart
Greencare Provisioning Center,AU-R-000220,River Rouge,48218,1A4050300038CFE000018341,Blue Razz Vape Cart,Vape Cart
Greencare Provisioning Center,AU-R-000220,River Rouge,48218,1A4050300038CFE000007907,Blueberry Pancake 1g vape,Vape Cart
Greencare Provisioning Center,AU-R-000220,River Rouge,48218,1A4050300038CFE000011369,Blueberry Pancake 1g vape,Vape Cart
Greencare Provisioning Center,AU-R-000220,River Rouge,48218,1A4050300038CFE000011372,Blueberry Pancake 1g vape,Vape Cart
Greencare Provisioning Center,AU-R-000220,River Rouge,48218,1A4050300038CFE000016684,Bubble Gum Box 5 PK Vape Cart,Vape Cart
Greencare Provisioning Center,AU-R-000220,River Rouge,48218,1A4050300038CFE000000297,Cherry Pie Vape Cart,Vape Cart
Greencare Provisioning Center,AU-R-000220,River Rouge,48218,1A4050300038CFE000000323,Cherry Pie Vape Cart,Vape Cart
Greencare Provisioning Center,AU-R-000220,River Rouge,48218,1A4050300038CFE000007909,Cherry Pie Vape Cart,Vape Cart
Greencare Provisioning Center,AU-R-000220,River Rouge,48218,1A4050300038CFE000012220,Fruity Pebbles 1g Disposable,Vape Cart
Greencare Provisioning Center,AU-R-000220,River Rouge,48218,1A4050300038CFE000016683,Fruity Pebbles Box 5 PK Vape Cart,Vape Cart
Greencare Provisioning Center,AU-R-000220,River Rouge,48218,1A4050300038CFE000000298,Fruity Pebbles Vape Cart,Vape Cart
Greencare Provisioning Center,AU-R-000220,River Rouge,48218,1A4050300038CFE000001355,Fruity Pebbles Vape Cart,Vape Cart
Greencare Provisioning Center,AU-R-000220,River Rouge,48218,1A4050300038CFE000010742,Grape Soda 1g Vape,Vape Cart
Greencare Provisioning Center,AU-R-000220,River Rouge,48218,1A4050300038CFE000015333,Grape Soda Box 5 PK Vape Cart,Vape Cart
Greencare Provisioning Center,AU-R-000220,River Rouge,48218,1A4050300038CFE000007911,Jungle Juice Vape Cart,Vape Cart
Greencare Provisioning Center,AU-R-000220,River Rouge,48218,1A4050300038CFE000012217,Jungle Juice Vape Cart,Vape Cart
Greencare Provisioning Center,AU-R-000220,River Rouge,48218,1A4050300038CFE000010743,Lemon Cheese Cake Vape,Vape Cart
Greencare Provisioning Center,AU-R-000220,River Rouge,48218,1A4050300038CFE000012215,Lemon Cheese Cake Vape,Vape Cart
Greencare Provisioning Center,AU-R-000220,River Rouge,48218,1A4050300038CFE000018410,Lemon Drop Vape Cart,Vape Cart
Greencare Provisioning Center,AU-R-000220,River Rouge,48218,1A4050300038CFE000018423,Lemon Drop Vape Cart,Vape Cart
Greencare Provisioning Center,AU-R-000220,River Rouge,48218,1A4050300038CFE000014495,Lemon Pie Vape Cart,Vape Cart
Greencare Provisioning Center,AU-R-000220,River Rouge,48218,1A4050300038CFE000014497,Lemon Pie Vape Cart,Vape Cart
Greencare Provisioning Center,AU-R-000220,River Rouge,48218,1A4050300038CFE000000299,OG Vape Cart,Vape Cart
Greencare Provisioning Center,AU-R-000220,River Rouge,48218,1A4050300038CFE000000326,OG Vape Cart,Vape Cart
Greencare Provisioning Center,AU-R-000220,River Rouge,48218,1A4050300038CFE000010740,OG Vape Cart,Vape Cart
Greencare Provisioning Center,AU-R-000220,River Rouge,48218,1A4050300038CFE000012221,Orange Soda 1g Disposable,Vape Cart
Greencare Provisioning Center,AU-R-000220,River Rouge,48218,1A4050300038CFE000000301,Peaches and Cream Vape Cart,Vape Cart
Greencare Provisioning Center,AU-R-000220,River Rouge,48218,1A4050300038CFE000011323,Peaches and Cream Vape Cart,Vape Cart
Greencare Provisioning Center,AU-R-000220,River Rouge,48218,1A4050300038CFE000011341,Peaches and Cream Vape Cart,Vape Cart
Greencare Provisioning Center,AU-R-000220,River Rouge,48218,1A4050300038CFE000000303,Pina Colada Vape Cart,Vape Cart
Greencare Provisioning Center,AU-R-000220,River Rouge,48218,1A4050300038CFE000007899,Pina Colada Vape Cart,Vape Cart
Greencare Provisioning Center,AU-R-000220,River Rouge,48218,1A4050300038CFE000000314,Sour Apple Vape Cart,Vape Cart
Greencare Provisioning Center,AU-R-000220,River Rouge,48218,1A4050300038CFE000015338,Strawberry Cough Box 5 PK Vape Cart,Vape Cart
Greencare Provisioning Center,AU-R-000220,River Rouge,48218,1A4050300038CFE000007912,Strawberry Shortcake Vape Cart,Vape Cart
Greencare Provisioning Center,AU-R-000220,River Rouge,48218,1A4050300038CFE000019558,Strawberry Shortcake Vape Cart,Vape Cart
Greencare Provisioning Center,AU-R-000220,River Rouge,48218,1A4050300038CFE000016685,Watermelon Freeze Box 5 PK Vape Cart,Vape Cart
Greencare Provisioning Center,AU-R-000220,River Rouge,48218,1A4050300038CFE000006742,Watermelon Freeze Disposables,Vape Cart
Greencare Provisioning Center,AU-R-000220,River Rouge,48218,1A4050300038CFE000007908,Watermelon Freeze Vape Cart,Vape Cart
Greencare Provisioning Center,AU-R-000220,River Rouge,48218,1A4050300038CFE000012216,Watermelon Freeze Vape Cart,Vape Cart
H.O.D. Monroe,AU-R-000805,Monroe,48161,1A4050300038CFE000016736,Blue Raspberry 1g Infused Preroll,Infused Pre-Rolls
H.O.D. Monroe,AU-R-000805,Monroe,48161,1A4050300038CFE000010977,OG 1g Infused Preroll,Infused Pre-Rolls
H.O.D. Monroe,AU-R-000805,Monroe,48161,1A4050300038CFE000016738,OG 1g Infused Preroll,Infused Pre-Rolls
H.O.D. Monroe,AU-R-000805,Monroe,48161,1A4050300038CFE000021577,OG 1g Infused Preroll,Infused Pre-Rolls
H.O.D. Monroe,AU-R-000805,Monroe,48161,1A4050300038CFE000008928,Peach Mango 1g Infused Preroll,Infused Pre-Rolls
H.O.D. Monroe,AU-R-000805,Monroe,48161,1A4050300038CFE000008934,Peach Mango 1g Infused Preroll,Infused Pre-Rolls
H.O.D. Monroe,AU-R-000805,Monroe,48161,1A4050300038CFE000010065,Peach Mango 1g Infused Preroll,Infused Pre-Rolls
H.O.D. Monroe,AU-R-000805,Monroe,48161,1A4050300038CFE000016737,Peach Mango 1g Infused Preroll,Infused Pre-Rolls
H.O.D. Monroe,AU-R-000805,Monroe,48161,1A4050300038CFE000021576,Pineapple 1g Infused Preroll,Infused Pre-Rolls
H.O.D. Monroe,AU-R-000805,Monroe,48161,1A4050300038CFE000008922,Skywalker 1g Infused Preroll,Infused Pre-Rolls
H.O.D. Monroe,AU-R-000805,Monroe,48161,1A4050300038CFE000010978,Skywalker 1g Infused Preroll,Infused Pre-Rolls
H.O.D. Monroe,AU-R-000805,Monroe,48161,1A4050300038CFE000021578,Skywalker 1g Infused Preroll,Infused Pre-Rolls
H.O.D. Monroe,AU-R-000805,Monroe,48161,1A4050300038CFE000010063,Strawberry 1g Infused Preroll,Infused Pre-Rolls
H.O.D. Monroe,AU-R-000805,Monroe,48161,1A4050300038CFE000016740,Strawberry 1g Infused Preroll,Infused Pre-Rolls
H.O.D. Monroe,AU-R-000805,Monroe,48161,1A4050300038CFE000010062,Watermelon 1g Infused Preroll,Infused Pre-Rolls
H.O.D. Monroe,AU-R-000805,Monroe,48161,1A4050300038CFE000016741,Watermelon 1g Infused Preroll,Infused Pre-Rolls
H.O.D. Monroe,AU-R-000805,Monroe,48161,1A4050300038CFE000008912,Waui 1g Infused Preroll,Infused Pre-Rolls
H.O.D. Monroe,AU-R-000805,Monroe,48161,1A4050300038CFE000010979,Waui 1g Infused Preroll,Infused Pre-Rolls
H.O.D. Monroe,AU-R-000805,Monroe,48161,1A4050300038CFE000021579,Waui 1g Infused Preroll,Infused Pre-Rolls
H.O.D. Monroe,AU-R-000805,Monroe,48161,1A4050300034135000008399,Apple Burst 1g Vape,Vape Cart
H.O.D. Monroe,AU-R-000805,Monroe,48161,1A4050300034135000008468,Apple Burst 1g Vape,Vape Cart
H.O.D. Monroe,AU-R-000805,Monroe,48161,1A4050300038CFE000019191,Apple Burst 1g Vape,Vape Cart
H.O.D. Monroe,AU-R-000805,Monroe,48161,1A4050300038CFE000019192,Apple Burst 1g Vape,Vape Cart
H.O.D. Monroe,AU-R-000805,Monroe,48161,1A4050300038CFE000019193,Apple Burst 1g Vape,Vape Cart
H.O.D. Monroe,AU-R-000805,Monroe,48161,1A4050300038CFE000019194,Apple Burst 1g Vape,Vape Cart
H.O.D. Monroe,AU-R-000805,Monroe,48161,1A4050300038CFE000019195,Apple Burst 1g Vape,Vape Cart
H.O.D. Monroe,AU-R-000805,Monroe,48161,1A4050300038CFE000019196,Apple Burst 1g Vape,Vape Cart
H.O.D. Monroe,AU-R-000805,Monroe,48161,1A4050300038CFE000019197,Apple Burst 1g Vape,Vape Cart
H.O.D. Monroe,AU-R-000805,Monroe,48161,1A4050300038CFE000019198,Apple Burst 1g Vape,Vape Cart
H.O.D. Monroe,AU-R-000805,Monroe,48161,1A4050300038CFE000019199,Apple Burst 1g Vape,Vape Cart
H.O.D. Monroe,AU-R-000805,Monroe,48161,1A4050300038CFE000019200,Apple Burst 1g Vape,Vape Cart
H.O.D. Monroe,AU-R-000805,Monroe,48161,1A4050300038CFE000019201,Apple Burst 1g Vape,Vape Cart
H.O.D. Monroe,AU-R-000805,Monroe,48161,1A4050300038CFE000019202,Apple Burst 1g Vape,Vape Cart
H.O.D. Monroe,AU-R-000805,Monroe,48161,1A4050300038CFE000019204,Apple Burst 1g Vape,Vape Cart
H.O.D. Monroe,AU-R-000805,Monroe,48161,1A4050300038CFE000019206,Apple Burst 1g Vape,Vape Cart
H.O.D. Monroe,AU-R-000805,Monroe,48161,1A4050300038CFE000019214,Apple Burst 1g Vape,Vape Cart
H.O.D. Monroe,AU-R-000805,Monroe,48161,1A4050300038CFE000019217,Apple Burst 1g Vape,Vape Cart
H.O.D. Monroe,AU-R-000805,Monroe,48161,1A4050300038CFE000019219,Apple Burst 1g Vape,Vape Cart
H.O.D. Monroe,AU-R-000805,Monroe,48161,1A4050300038CFE000019220,Apple Burst 1g Vape,Vape Cart
H.O.D. Monroe,AU-R-000805,Monroe,48161,1A4050300038CFE000019221,Apple Burst 1g Vape,Vape Cart
H.O.D. Monroe,AU-R-000805,Monroe,48161,1A4050300038CFE000020794,Apple Burst 1g Vape,Vape Cart
H.O.D. Monroe,AU-R-000805,Monroe,48161,1A4050300034135000008165,Banana Split Vape Cart,Vape Cart
H.O.D. Monroe,AU-R-000805,Monroe,48161,1A4050300038CFE000017500,Banana Split Vape Cart,Vape Cart
H.O.D. Monroe,AU-R-000805,Monroe,48161,1A4050300038CFE000017501,Banana Split Vape Cart,Vape Cart
H.O.D. Monroe,AU-R-000805,Monroe,48161,1A4050300038CFE000017502,Banana Split Vape Cart,Vape Cart
H.O.D. Monroe,AU-R-000805,Monroe,48161,1A4050300038CFE000017503,Banana Split Vape Cart,Vape Cart
H.O.D. Monroe,AU-R-000805,Monroe,48161,1A4050300038CFE000017504,Banana Split Vape Cart,Vape Cart
H.O.D. Monroe,AU-R-000805,Monroe,48161,1A4050300038CFE000017505,Banana Split Vape Cart,Vape Cart
H.O.D. Monroe,AU-R-000805,Monroe,48161,1A4050300038CFE000017506,Banana Split Vape Cart,Vape Cart
H.O.D. Monroe,AU-R-000805,Monroe,48161,1A4050300038CFE000017630,Banana Split Vape Cart,Vape Cart
H.O.D. Monroe,AU-R-000805,Monroe,48161,1A4050300034135000005823,Blue Dream Vape Cart,Vape Cart
H.O.D. Monroe,AU-R-000805,Monroe,48161,1A4050300034135000007699,Blue Dream Vape Cart,Vape Cart
H.O.D. Monroe,AU-R-000805,Monroe,48161,1A4050300038CFE000011144,Blue Dream Vape Cart,Vape Cart
H.O.D. Monroe,AU-R-000805,Monroe,48161,1A4050300038CFE000011145,Blue Dream Vape Cart,Vape Cart
H.O.D. Monroe,AU-R-000805,Monroe,48161,1A4050300038CFE000011153,Blue Dream Vape Cart,Vape Cart
H.O.D. Monroe,AU-R-000805,Monroe,48161,1A4050300038CFE000011157,Blue Dream Vape Cart,Vape Cart
H.O.D. Monroe,AU-R-000805,Monroe,48161,1A4050300038CFE000011163,Blue Dream Vape Cart,Vape Cart
H.O.D. Monroe,AU-R-000805,Monroe,48161,1A4050300038CFE000011165,Blue Dream Vape Cart,Vape Cart
H.O.D. Monroe,AU-R-000805,Monroe,48161,1A4050300038CFE000016055,Blue Dream Vape Cart,Vape Cart
H.O.D. Monroe,AU-R-000805,Monroe,48161,1A4050300038CFE000016056,Blue Dream Vape Cart,Vape Cart
H.O.D. Monroe,AU-R-000805,Monroe,48161,1A4050300038CFE000016059,Blue Dream Vape Cart,Vape Cart
H.O.D. Monroe,AU-R-000805,Monroe,48161,1A4050300038CFE000016065,Blue Dream Vape Cart,Vape Cart
H.O.D. Monroe,AU-R-000805,Monroe,48161,1A4050300038CFE000016073,Blue Dream Vape Cart,Vape Cart
H.O.D. Monroe,AU-R-000805,Monroe,48161,1A4050300038CFE000016076,Blue Dream Vape Cart,Vape Cart
H.O.D. Monroe,AU-R-000805,Monroe,48161,1A4050300038CFE000016408,Blue Razz 1g Disposable,Vape Cart
H.O.D. Monroe,AU-R-000805,Monroe,48161,1A4050300034135000008186,Blue Razz Vape Cart,Vape Cart
H.O.D. Monroe,AU-R-000805,Monroe,48161,1A4050300034135000008402,Blue Razz Vape Cart,Vape Cart
H.O.D. Monroe,AU-R-000805,Monroe,48161,1A4050300038CFE000012312,Blue Razz Vape Cart,Vape Cart
H.O.D. Monroe,AU-R-000805,Monroe,48161,1A4050300038CFE000014459,Blue Razz Vape Cart,Vape Cart
H.O.D. Monroe,AU-R-000805,Monroe,48161,1A4050300038CFE000017380,Blue Razz Vape Cart,Vape Cart
H.O.D. Monroe,AU-R-000805,Monroe,48161,1A4050300038CFE000018308,Blue Razz Vape Cart,Vape Cart
H.O.D. Monroe,AU-R-000805,Monroe,48161,1A4050300038CFE000018309,Blue Razz Vape Cart,Vape Cart
H.O.D. Monroe,AU-R-000805,Monroe,48161,1A4050300038CFE000018310,Blue Razz Vape Cart,Vape Cart
H.O.D. Monroe,AU-R-000805,Monroe,48161,1A4050300038CFE000018311,Blue Razz Vape Cart,Vape Cart
H.O.D. Monroe,AU-R-000805,Monroe,48161,1A4050300038CFE000018329,Blue Razz Vape Cart,Vape Cart
H.O.D. Monroe,AU-R-000805,Monroe,48161,1A4050300038CFE000018337,Blue Razz Vape Cart,Vape Cart
H.O.D. Monroe,AU-R-000805,Monroe,48161,1A4050300038CFE000018338,Blue Razz Vape Cart,Vape Cart
H.O.D. Monroe,AU-R-000805,Monroe,48161,1A4050300038CFE000018339,Blue Razz Vape Cart,Vape Cart
H.O.D. Monroe,AU-R-000805,Monroe,48161,1A4050300038CFE000018340,Blue Razz Vape Cart,Vape Cart
H.O.D. Monroe,AU-R-000805,Monroe,48161,1A4050300038CFE000018342,Blue Razz Vape Cart,Vape Cart
H.O.D. Monroe,AU-R-000805,Monroe,48161,1A4050300038CFE000018343,Blue Razz Vape Cart,Vape Cart
H.O.D. Monroe,AU-R-000805,Monroe,48161,1A4050300038CFE000018344,Blue Razz Vape Cart,Vape Cart
H.O.D. Monroe,AU-R-000805,Monroe,48161,1A4050300038CFE000018345,Blue Razz Vape Cart,Vape Cart
H.O.D. Monroe,AU-R-000805,Monroe,48161,1A4050300038CFE000018347,Blue Razz Vape Cart,Vape Cart
H.O.D. Monroe,AU-R-000805,Monroe,48161,1A4050300038CFE000018348,Blue Razz Vape Cart,Vape Cart
H.O.D. Monroe,AU-R-000805,Monroe,48161,1A4050300038CFE000018351,Blue Razz Vape Cart,Vape Cart
H.O.D. Monroe,AU-R-000805,Monroe,48161,1A4050300038CFE000019371,Blue Razz Vape Cart,Vape Cart
H.O.D. Monroe,AU-R-000805,Monroe,48161,1A4050300038CFE000016241,Blueberry Pancake 1g Disposable,Vape Cart
H.O.D. Monroe,AU-R-000805,Monroe,48161,1A4050300034135000005843,Blueberry Pancake 1g vape,Vape Cart
H.O.D. Monroe,AU-R-000805,Monroe,48161,1A4050300034135000006246,Blueberry Pancake 1g vape,Vape Cart
H.O.D. Monroe,AU-R-000805,Monroe,48161,1A4050300034135000008183,Blueberry Pancake 1g vape,Vape Cart
H.O.D. Monroe,AU-R-000805,Monroe,48161,1A4050300038CFE000011350,Blueberry Pancake 1g vape,Vape Cart
H.O.D. Monroe,AU-R-000805,Monroe,48161,1A4050300038CFE000011352,Blueberry Pancake 1g vape,Vape Cart
H.O.D. Monroe,AU-R-000805,Monroe,48161,1A4050300038CFE000011353,Blueberry Pancake 1g vape,Vape Cart
H.O.D. Monroe,AU-R-000805,Monroe,48161,1A4050300038CFE000011355,Blueberry Pancake 1g vape,Vape Cart
H.O.D. Monroe,AU-R-000805,Monroe,48161,1A4050300038CFE000011362,Blueberry Pancake 1g vape,Vape Cart
H.O.D. Monroe,AU-R-000805,Monroe,48161,1A4050300038CFE000011374,Blueberry Pancake 1g vape,Vape Cart
H.O.D. Monroe,AU-R-000805,Monroe,48161,1A4050300038CFE000013507,Blueberry Pancake 1g vape,Vape Cart
H.O.D. Monroe,AU-R-000805,Monroe,48161,1A4050300038CFE000013509,Blueberry Pancake 1g vape,Vape Cart
H.O.D. Monroe,AU-R-000805,Monroe,48161,1A4050300038CFE000013510,Blueberry Pancake 1g vape,Vape Cart
H.O.D. Monroe,AU-R-000805,Monroe,48161,1A4050300038CFE000013513,Blueberry Pancake 1g vape,Vape Cart
H.O.D. Monroe,AU-R-000805,Monroe,48161,1A4050300038CFE000013514,Blueberry Pancake 1g vape,Vape Cart
H.O.D. Monroe,AU-R-000805,Monroe,48161,1A4050300038CFE000013519,Blueberry Pancake 1g vape,Vape Cart
H.O.D. Monroe,AU-R-000805,Monroe,48161,1A4050300038CFE000013527,Blueberry Pancake 1g vape,Vape Cart
H.O.D. Monroe,AU-R-000805,Monroe,48161,1A4050300038CFE000014456,Blueberry Pancake 1g vape,Vape Cart
H.O.D. Monroe,AU-R-000805,Monroe,48161,1A4050300038CFE000017643,Blueberry Pancake 1g vape,Vape Cart
H.O.D. Monroe,AU-R-000805,Monroe,48161,1A4050300038CFE000018111,Blueberry Pancake 1g vape,Vape Cart
H.O.D. Monroe,AU-R-000805,Monroe,48161,1A4050300038CFE000018112,Blueberry Pancake 1g vape,Vape Cart
H.O.D. Monroe,AU-R-000805,Monroe,48161,1A4050300038CFE000018114,Blueberry Pancake 1g vape,Vape Cart
H.O.D. Monroe,AU-R-000805,Monroe,48161,1A4050300038CFE000018118,Blueberry Pancake 1g vape,Vape Cart
H.O.D. Monroe,AU-R-000805,Monroe,48161,1A4050300038CFE000018120,Blueberry Pancake 1g vape,Vape Cart
H.O.D. Monroe,AU-R-000805,Monroe,48161,1A4050300038CFE000018126,Blueberry Pancake 1g vape,Vape Cart
H.O.D. Monroe,AU-R-000805,Monroe,48161,1A4050300038CFE000015448,Bubble Gum 1g vape,Vape Cart
H.O.D. Monroe,AU-R-000805,Monroe,48161,1A4050300038CFE000015971,Bubble Gum 1g vape,Vape Cart
H.O.D. Monroe,AU-R-000805,Monroe,48161,1A4050300038CFE000015972,Bubble Gum 1g vape,Vape Cart
H.O.D. Monroe,AU-R-000805,Monroe,48161,1A4050300038CFE000015973,Bubble Gum 1g vape,Vape Cart
H.O.D. Monroe,AU-R-000805,Monroe,48161,1A4050300038CFE000015974,Bubble Gum 1g vape,Vape Cart
H.O.D. Monroe,AU-R-000805,Monroe,48161,1A4050300038CFE000015976,Bubble Gum 1g vape,Vape Cart
H.O.D. Monroe,AU-R-000805,Monroe,48161,1A4050300038CFE000016723,Bubble Gum 1g vape,Vape Cart
H.O.D. Monroe,AU-R-000805,Monroe,48161,1A4050300038CFE000018592,Bubble Gum 1g vape,Vape Cart
H.O.D. Monroe,AU-R-000805,Monroe,48161,1A4050300038CFE000016751,Bubble Gum Box 5 PK Vape Cart,Vape Cart
H.O.D. Monroe,AU-R-000805,Monroe,48161,1A4050300034135000007698,Cereal Milk 1g Vape,Vape Cart
H.O.D. Monroe,AU-R-000805,Monroe,48161,1A4050300038CFE000015884,Cereal Milk 1g Vape,Vape Cart
H.O.D. Monroe,AU-R-000805,Monroe,48161,1A4050300038CFE000015887,Cereal Milk 1g Vape,Vape Cart
H.O.D. Monroe,AU-R-000805,Monroe,48161,1A4050300038CFE000015888,Cereal Milk 1g Vape,Vape Cart
H.O.D. Monroe,AU-R-000805,Monroe,48161,1A4050300038CFE000015890,Cereal Milk 1g Vape,Vape Cart
H.O.D. Monroe,AU-R-000805,Monroe,48161,1A4050300038CFE000015895,Cereal Milk 1g Vape,Vape Cart
H.O.D. Monroe,AU-R-000805,Monroe,48161,1A4050300038CFE000015896,Cereal Milk 1g Vape,Vape Cart
H.O.D. Monroe,AU-R-000805,Monroe,48161,1A4050300038CFE000015897,Cereal Milk 1g Vape,Vape Cart
H.O.D. Monroe,AU-R-000805,Monroe,48161,1A4050300038CFE000015898,Cereal Milk 1g Vape,Vape Cart
H.O.D. Monroe,AU-R-000805,Monroe,48161,1A4050300038CFE000015901,Cereal Milk 1g Vape,Vape Cart
H.O.D. Monroe,AU-R-000805,Monroe,48161,1A4050300038CFE000015902,Cereal Milk 1g Vape,Vape Cart
H.O.D. Monroe,AU-R-000805,Monroe,48161,1A4050300038CFE000017644,Cereal Milk 1g Vape,Vape Cart
H.O.D. Monroe,AU-R-000805,Monroe,48161,1A4050300038CFE000016744,Cherry Pie 1g Disposable,Vape Cart
H.O.D. Monroe,AU-R-000805,Monroe,48161,1A4050300038CFE000016832,Cherry Pie 1g Disposable,Vape Cart
H.O.D. Monroe,AU-R-000805,Monroe,48161,1A4050300034135000008407,Cherry Pie Vape Cart,Vape Cart
H.O.D. Monroe,AU-R-000805,Monroe,48161,1A4050300038CFE000012310,Cherry Pie Vape Cart,Vape Cart
H.O.D. Monroe,AU-R-000805,Monroe,48161,1A4050300038CFE000018664,Cherry Pie Vape Cart,Vape Cart
H.O.D. Monroe,AU-R-000805,Monroe,48161,1A4050300038CFE000019283,Cherry Pie Vape Cart,Vape Cart
H.O.D. Monroe,AU-R-000805,Monroe,48161,1A4050300038CFE000019284,Cherry Pie Vape Cart,Vape Cart
H.O.D. Monroe,AU-R-000805,Monroe,48161,1A4050300038CFE000019286,Cherry Pie Vape Cart,Vape Cart
H.O.D. Monroe,AU-R-000805,Monroe,48161,1A4050300038CFE000019287,Cherry Pie Vape Cart,Vape Cart
H.O.D. Monroe,AU-R-000805,Monroe,48161,1A4050300038CFE000019288,Cherry Pie Vape Cart,Vape Cart
H.O.D. Monroe,AU-R-000805,Monroe,48161,1A4050300038CFE000016725,Dirty Shirly 1g Vape,Vape Cart
H.O.D. Monroe,AU-R-000805,Monroe,48161,1A4050300038CFE000017425,Dirty Shirly 1g Vape,Vape Cart
H.O.D. Monroe,AU-R-000805,Monroe,48161,1A4050300038CFE000017185,Fruity Pebbles 1g Disposable,Vape Cart
H.O.D. Monroe,AU-R-000805,Monroe,48161,1A4050300038CFE000016750,Fruity Pebbles Box 5 PK Vape Cart,Vape Cart
H.O.D. Monroe,AU-R-000805,Monroe,48161,1A4050300034135000006244,Fruity Pebbles Vape Cart,Vape Cart
H.O.D. Monroe,AU-R-000805,Monroe,48161,1A4050300034135000008409,Fruity Pebbles Vape Cart,Vape Cart
H.O.D. Monroe,AU-R-000805,Monroe,48161,1A4050300038CFE000013551,Fruity Pebbles Vape Cart,Vape Cart
H.O.D. Monroe,AU-R-000805,Monroe,48161,1A4050300038CFE000013552,Fruity Pebbles Vape Cart,Vape Cart
H.O.D. Monroe,AU-R-000805,Monroe,48161,1A4050300038CFE000013564,Fruity Pebbles Vape Cart,Vape Cart
H.O.D. Monroe,AU-R-000805,Monroe,48161,1A4050300038CFE000013573,Fruity Pebbles Vape Cart,Vape Cart
H.O.D. Monroe,AU-R-000805,Monroe,48161,1A4050300038CFE000013579,Fruity Pebbles Vape Cart,Vape Cart
H.O.D. Monroe,AU-R-000805,Monroe,48161,1A4050300038CFE000013581,Fruity Pebbles Vape Cart,Vape Cart
H.O.D. Monroe,AU-R-000805,Monroe,48161,1A4050300038CFE000013582,Fruity Pebbles Vape Cart,Vape Cart
H.O.D. Monroe,AU-R-000805,Monroe,48161,1A4050300038CFE000016726,Fruity Pebbles Vape Cart,Vape Cart
H.O.D. Monroe,AU-R-000805,Monroe,48161,1A4050300038CFE000017645,Fruity Pebbles Vape Cart,Vape Cart
H.O.D. Monroe,AU-R-000805,Monroe,48161,1A4050300038CFE000019293,Fruity Pebbles Vape Cart,Vape Cart
H.O.D. Monroe,AU-R-000805,Monroe,48161,1A4050300038CFE000019294,Fruity Pebbles Vape Cart,Vape Cart
H.O.D. Monroe,AU-R-000805,Monroe,48161,1A4050300038CFE000019297,Fruity Pebbles Vape Cart,Vape Cart
H.O.D. Monroe,AU-R-000805,Monroe,48161,1A4050300038CFE000019860,Fruity Pebbles Vape Cart,Vape Cart
H.O.D. Monroe,AU-R-000805,Monroe,48161,1A4050300038CFE000020792,Fruity Pebbles Vape Cart,Vape Cart
H.O.D. Monroe,AU-R-000805,Monroe,48161,1A4050300034135000006241,Grape Soda 1g Vape,Vape Cart
H.O.D. Monroe,AU-R-000805,Monroe,48161,1A4050300038CFE000012313,Grape Soda 1g Vape,Vape Cart
H.O.D. Monroe,AU-R-000805,Monroe,48161,1A4050300038CFE000014435,Grape Soda 1g Vape,Vape Cart
H.O.D. Monroe,AU-R-000805,Monroe,48161,1A4050300038CFE000014436,Grape Soda 1g Vape,Vape Cart
H.O.D. Monroe,AU-R-000805,Monroe,48161,1A4050300038CFE000014437,Grape Soda 1g Vape,Vape Cart
H.O.D. Monroe,AU-R-000805,Monroe,48161,1A4050300038CFE000014438,Grape Soda 1g Vape,Vape Cart
H.O.D. Monroe,AU-R-000805,Monroe,48161,1A4050300038CFE000014439,Grape Soda 1g Vape,Vape Cart
H.O.D. Monroe,AU-R-000805,Monroe,48161,1A4050300038CFE000014440,Grape Soda 1g Vape,Vape Cart
H.O.D. Monroe,AU-R-000805,Monroe,48161,1A4050300038CFE000014441,Grape Soda 1g Vape,Vape Cart
H.O.D. Monroe,AU-R-000805,Monroe,48161,1A4050300038CFE000014442,Grape Soda 1g Vape,Vape Cart
H.O.D. Monroe,AU-R-000805,Monroe,48161,1A4050300038CFE000014443,Grape Soda 1g Vape,Vape Cart
H.O.D. Monroe,AU-R-000805,Monroe,48161,1A4050300038CFE000014444,Grape Soda 1g Vape,Vape Cart
H.O.D. Monroe,AU-R-000805,Monroe,48161,1A4050300038CFE000014445,Grape Soda 1g Vape,Vape Cart
H.O.D. Monroe,AU-R-000805,Monroe,48161,1A4050300038CFE000014446,Grape Soda 1g Vape,Vape Cart
H.O.D. Monroe,AU-R-000805,Monroe,48161,1A4050300038CFE000014447,Grape Soda 1g Vape,Vape Cart
H.O.D. Monroe,AU-R-000805,Monroe,48161,1A4050300038CFE000014448,Grape Soda 1g Vape,Vape Cart
H.O.D. Monroe,AU-R-000805,Monroe,48161,1A4050300038CFE000014449,Grape Soda 1g Vape,Vape Cart
H.O.D. Monroe,AU-R-000805,Monroe,48161,1A4050300038CFE000014450,Grape Soda 1g Vape,Vape Cart
H.O.D. Monroe,AU-R-000805,Monroe,48161,1A4050300038CFE000016727,Grape Soda 1g Vape,Vape Cart
H.O.D. Monroe,AU-R-000805,Monroe,48161,1A4050300038CFE000016797,Grape Soda 1g Vape,Vape Cart
H.O.D. Monroe,AU-R-000805,Monroe,48161,1A4050300038CFE000017662,Grape Soda 1g Vape,Vape Cart
H.O.D. Monroe,AU-R-000805,Monroe,48161,1A4050300038CFE000017669,Grape Soda 1g Vape,Vape Cart
H.O.D. Monroe,AU-R-000805,Monroe,48161,1A4050300038CFE000017677,Grape Soda 1g Vape,Vape Cart
H.O.D. Monroe,AU-R-000805,Monroe,48161,1A4050300038CFE000016026,Jungle Juice 1g Disposable,Vape Cart
H.O.D. Monroe,AU-R-000805,Monroe,48161,1A4050300034135000006250,Jungle Juice Vape Cart,Vape Cart
H.O.D. Monroe,AU-R-000805,Monroe,48161,1A4050300034135000008181,Jungle Juice Vape Cart,Vape Cart
H.O.D. Monroe,AU-R-000805,Monroe,48161,1A4050300038CFE000012309,Jungle Juice Vape Cart,Vape Cart
H.O.D. Monroe,AU-R-000805,Monroe,48161,1A4050300038CFE000014428,Jungle Juice Vape Cart,Vape Cart
H.O.D. Monroe,AU-R-000805,Monroe,48161,1A4050300038CFE000014429,Jungle Juice Vape Cart,Vape Cart
H.O.D. Monroe,AU-R-000805,Monroe,48161,1A4050300038CFE000014430,Jungle Juice Vape Cart,Vape Cart
H.O.D. Monroe,AU-R-000805,Monroe,48161,1A4050300038CFE000014431,Jungle Juice Vape Cart,Vape Cart
H.O.D. Monroe,AU-R-000805,Monroe,48161,1A4050300038CFE000017646,Jungle Juice Vape Cart,Vape Cart
H.O.D. Monroe,AU-R-000805,Monroe,48161,1A4050300038CFE000018032,Jungle Juice Vape Cart,Vape Cart
H.O.D. Monroe,AU-R-000805,Monroe,48161,1A4050300038CFE000018033,Jungle Juice Vape Cart,Vape Cart
H.O.D. Monroe,AU-R-000805,Monroe,48161,1A4050300038CFE000018034,Jungle Juice Vape Cart,Vape Cart
H.O.D. Monroe,AU-R-000805,Monroe,48161,1A4050300038CFE000018035,Jungle Juice Vape Cart,Vape Cart
H.O.D. Monroe,AU-R-000805,Monroe,48161,1A4050300038CFE000018036,Jungle Juice Vape Cart,Vape Cart
H.O.D. Monroe,AU-R-000805,Monroe,48161,1A4050300038CFE000018037,Jungle Juice Vape Cart,Vape Cart
H.O.D. Monroe,AU-R-000805,Monroe,48161,1A4050300038CFE000018038,Jungle Juice Vape Cart,Vape Cart
H.O.D. Monroe,AU-R-000805,Monroe,48161,1A4050300038CFE000018039,Jungle Juice Vape Cart,Vape Cart
H.O.D. Monroe,AU-R-000805,Monroe,48161,1A4050300034135000008408,Lemon Cheese Cake Vape,Vape Cart
H.O.D. Monroe,AU-R-000805,Monroe,48161,1A4050300038CFE000017647,Lemon Cheese Cake Vape,Vape Cart
H.O.D. Monroe,AU-R-000805,Monroe,48161,1A4050300038CFE000018593,Lemon Cheese Cake Vape,Vape Cart
H.O.D. Monroe,AU-R-000805,Monroe,48161,1A4050300038CFE000019254,Lemon Cheese Cake Vape,Vape Cart
H.O.D. Monroe,AU-R-000805,Monroe,48161,1A4050300038CFE000019255,Lemon Cheese Cake Vape,Vape Cart
H.O.D. Monroe,AU-R-000805,Monroe,48161,1A4050300038CFE000019256,Lemon Cheese Cake Vape,Vape Cart
H.O.D. Monroe,AU-R-000805,Monroe,48161,1A4050300038CFE000019257,Lemon Cheese Cake Vape,Vape Cart
H.O.D. Monroe,AU-R-000805,Monroe,48161,1A4050300038CFE000019258,Lemon Cheese Cake Vape,Vape Cart
H.O.D. Monroe,AU-R-000805,Monroe,48161,1A4050300038CFE000019259,Lemon Cheese Cake Vape,Vape Cart
H.O.D. Monroe,AU-R-000805,Monroe,48161,1A4050300038CFE000019260,Lemon Cheese Cake Vape,Vape Cart
H.O.D. Monroe,AU-R-000805,Monroe,48161,1A4050300038CFE000019261,Lemon Cheese Cake Vape,Vape Cart
H.O.D. Monroe,AU-R-000805,Monroe,48161,1A4050300038CFE000019262,Lemon Cheese Cake Vape,Vape Cart
H.O.D. Monroe,AU-R-000805,Monroe,48161,1A4050300038CFE000019263,Lemon Cheese Cake Vape,Vape Cart
H.O.D. Monroe,AU-R-000805,Monroe,48161,1A4050300038CFE000019264,Lemon Cheese Cake Vape,Vape Cart
H.O.D. Monroe,AU-R-000805,Monroe,48161,1A4050300038CFE000019265,Lemon Cheese Cake Vape,Vape Cart
H.O.D. Monroe,AU-R-000805,Monroe,48161,1A4050300038CFE000019266,Lemon Cheese Cake Vape,Vape Cart
H.O.D. Monroe,AU-R-000805,Monroe,48161,1A4050300038CFE000019267,Lemon Cheese Cake Vape,Vape Cart
H.O.D. Monroe,AU-R-000805,Monroe,48161,1A4050300038CFE000019268,Lemon Cheese Cake Vape,Vape Cart
H.O.D. Monroe,AU-R-000805,Monroe,48161,1A4050300038CFE000019269,Lemon Cheese Cake Vape,Vape Cart
H.O.D. Monroe,AU-R-000805,Monroe,48161,1A4050300038CFE000019270,Lemon Cheese Cake Vape,Vape Cart
H.O.D. Monroe,AU-R-000805,Monroe,48161,1A4050300038CFE000019271,Lemon Cheese Cake Vape,Vape Cart
H.O.D. Monroe,AU-R-000805,Monroe,48161,1A4050300034135000008187,Lemon Drop Vape Cart,Vape Cart
H.O.D. Monroe,AU-R-000805,Monroe,48161,1A4050300038CFE000014457,Lemon Drop Vape Cart,Vape Cart
H.O.D. Monroe,AU-R-000805,Monroe,48161,1A4050300038CFE000016728,Lemon Drop Vape Cart,Vape Cart
H.O.D. Monroe,AU-R-000805,Monroe,48161,1A4050300038CFE000018440,Lemon Drop Vape Cart,Vape Cart
H.O.D. Monroe,AU-R-000805,Monroe,48161,1A4050300038CFE000018441,Lemon Drop Vape Cart,Vape Cart
H.O.D. Monroe,AU-R-000805,Monroe,48161,1A4050300038CFE000018442,Lemon Drop Vape Cart,Vape Cart
H.O.D. Monroe,AU-R-000805,Monroe,48161,1A4050300038CFE000018443,Lemon Drop Vape Cart,Vape Cart
H.O.D. Monroe,AU-R-000805,Monroe,48161,1A4050300038CFE000018444,Lemon Drop Vape Cart,Vape Cart
H.O.D. Monroe,AU-R-000805,Monroe,48161,1A4050300038CFE000018445,Lemon Drop Vape Cart,Vape Cart
H.O.D. Monroe,AU-R-000805,Monroe,48161,1A4050300038CFE000019381,Lemon Drop Vape Cart,Vape Cart
H.O.D. Monroe,AU-R-000805,Monroe,48161,1A4050300038CFE000014460,Lemon Pie Vape Cart,Vape Cart
H.O.D. Monroe,AU-R-000805,Monroe,48161,1A4050300038CFE000017258,OG Disposables,Vape Cart
H.O.D. Monroe,AU-R-000805,Monroe,48161,1A4050300038CFE000017259,OG Disposables,Vape Cart
H.O.D. Monroe,AU-R-000805,Monroe,48161,1A4050300034135000006245,OG Vape Cart,Vape Cart
H.O.D. Monroe,AU-R-000805,Monroe,48161,1A4050300038CFE000013787,OG Vape Cart,Vape Cart
H.O.D. Monroe,AU-R-000805,Monroe,48161,1A4050300038CFE000013788,OG Vape Cart,Vape Cart
H.O.D. Monroe,AU-R-000805,Monroe,48161,1A4050300038CFE000013789,OG Vape Cart,Vape Cart
H.O.D. Monroe,AU-R-000805,Monroe,48161,1A4050300038CFE000013790,OG Vape Cart,Vape Cart
H.O.D. Monroe,AU-R-000805,Monroe,48161,1A4050300038CFE000013791,OG Vape Cart,Vape Cart
H.O.D. Monroe,AU-R-000805,Monroe,48161,1A4050300038CFE000013793,OG Vape Cart,Vape Cart
H.O.D. Monroe,AU-R-000805,Monroe,48161,1A4050300038CFE000013794,OG Vape Cart,Vape Cart
H.O.D. Monroe,AU-R-000805,Monroe,48161,1A4050300038CFE000013795,OG Vape Cart,Vape Cart
H.O.D. Monroe,AU-R-000805,Monroe,48161,1A4050300038CFE000013798,OG Vape Cart,Vape Cart
H.O.D. Monroe,AU-R-000805,Monroe,48161,1A4050300038CFE000013800,OG Vape Cart,Vape Cart
H.O.D. Monroe,AU-R-000805,Monroe,48161,1A4050300038CFE000013801,OG Vape Cart,Vape Cart
H.O.D. Monroe,AU-R-000805,Monroe,48161,1A4050300038CFE000013803,OG Vape Cart,Vape Cart
H.O.D. Monroe,AU-R-000805,Monroe,48161,1A4050300038CFE000013808,OG Vape Cart,Vape Cart
H.O.D. Monroe,AU-R-000805,Monroe,48161,1A4050300038CFE000013811,OG Vape Cart,Vape Cart
H.O.D. Monroe,AU-R-000805,Monroe,48161,1A4050300038CFE000013812,OG Vape Cart,Vape Cart
H.O.D. Monroe,AU-R-000805,Monroe,48161,1A4050300038CFE000016730,OG Vape Cart,Vape Cart
H.O.D. Monroe,AU-R-000805,Monroe,48161,1A4050300038CFE000017648,OG Vape Cart,Vape Cart
H.O.D. Monroe,AU-R-000805,Monroe,48161,1A4050300038CFE000018594,OG Vape Cart,Vape Cart
H.O.D. Monroe,AU-R-000805,Monroe,48161,1A4050300034135000006242,Orange Soda Vape Cart,Vape Cart
H.O.D. Monroe,AU-R-000805,Monroe,48161,1A4050300038CFE000012305,Orange Soda Vape Cart,Vape Cart
H.O.D. Monroe,AU-R-000805,Monroe,48161,1A4050300038CFE000013585,Orange Soda Vape Cart,Vape Cart
H.O.D. Monroe,AU-R-000805,Monroe,48161,1A4050300038CFE000013595,Orange Soda Vape Cart,Vape Cart
H.O.D. Monroe,AU-R-000805,Monroe,48161,1A4050300038CFE000013600,Orange Soda Vape Cart,Vape Cart
H.O.D. Monroe,AU-R-000805,Monroe,48161,1A4050300038CFE000013601,Orange Soda Vape Cart,Vape Cart
H.O.D. Monroe,AU-R-000805,Monroe,48161,1A4050300038CFE000013602,Orange Soda Vape Cart,Vape Cart
H.O.D. Monroe,AU-R-000805,Monroe,48161,1A4050300038CFE000013605,Orange Soda Vape Cart,Vape Cart
H.O.D. Monroe,AU-R-000805,Monroe,48161,1A4050300038CFE000013608,Orange Soda Vape Cart,Vape Cart
H.O.D. Monroe,AU-R-000805,Monroe,48161,1A4050300038CFE000013609,Orange Soda Vape Cart,Vape Cart
H.O.D. Monroe,AU-R-000805,Monroe,48161,1A4050300038CFE000013613,Orange Soda Vape Cart,Vape Cart
H.O.D. Monroe,AU-R-000805,Monroe,48161,1A4050300038CFE000013615,Orange Soda Vape Cart,Vape Cart
H.O.D. Monroe,AU-R-000805,Monroe,48161,1A4050300038CFE000013616,Orange Soda Vape Cart,Vape Cart
H.O.D. Monroe,AU-R-000805,Monroe,48161,1A4050300038CFE000013617,Orange Soda Vape Cart,Vape Cart
H.O.D. Monroe,AU-R-000805,Monroe,48161,1A4050300038CFE000013618,Orange Soda Vape Cart,Vape Cart
H.O.D. Monroe,AU-R-000805,Monroe,48161,1A4050300038CFE000013619,Orange Soda Vape Cart,Vape Cart
H.O.D. Monroe,AU-R-000805,Monroe,48161,1A4050300038CFE000013620,Orange Soda Vape Cart,Vape Cart
H.O.D. Monroe,AU-R-000805,Monroe,48161,1A4050300038CFE000013621,Orange Soda Vape Cart,Vape Cart
H.O.D. Monroe,AU-R-000805,Monroe,48161,1A4050300034135000007686,Peaches and Cream Vape Cart,Vape Cart
H.O.D. Monroe,AU-R-000805,Monroe,48161,1A4050300038CFE000012328,Peaches and Cream Vape Cart,Vape Cart
H.O.D. Monroe,AU-R-000805,Monroe,48161,1A4050300038CFE000015357,Peaches and Cream Vape Cart,Vape Cart
H.O.D. Monroe,AU-R-000805,Monroe,48161,1A4050300038CFE000015368,Peaches and Cream Vape Cart,Vape Cart
H.O.D. Monroe,AU-R-000805,Monroe,48161,1A4050300038CFE000015376,Peaches and Cream Vape Cart,Vape Cart
H.O.D. Monroe,AU-R-000805,Monroe,48161,1A4050300038CFE000015522,Peaches and Cream Vape Cart,Vape Cart
H.O.D. Monroe,AU-R-000805,Monroe,48161,1A4050300038CFE000015525,Peaches and Cream Vape Cart,Vape Cart
H.O.D. Monroe,AU-R-000805,Monroe,48161,1A4050300038CFE000015531,Peaches and Cream Vape Cart,Vape Cart
H.O.D. Monroe,AU-R-000805,Monroe,48161,1A4050300038CFE000016857,Pina Colada Disposables,Vape Cart
H.O.D. Monroe,AU-R-000805,Monroe,48161,1A4050300034135000008182,Pineapple Express 1g Vape Cart,Vape Cart
H.O.D. Monroe,AU-R-000805,Monroe,48161,1A4050300034135000008406,Pineapple Express 1g Vape Cart,Vape Cart
H.O.D. Monroe,AU-R-000805,Monroe,48161,1A4050300038CFE000016729,Pineapple Express 1g Vape Cart,Vape Cart
H.O.D. Monroe,AU-R-000805,Monroe,48161,1A4050300038CFE000017427,Pineapple Express 1g Vape Cart,Vape Cart
H.O.D. Monroe,AU-R-000805,Monroe,48161,1A4050300038CFE000018075,Pineapple Express 1g Vape Cart,Vape Cart
H.O.D. Monroe,AU-R-000805,Monroe,48161,1A4050300038CFE000018076,Pineapple Express 1g Vape Cart,Vape Cart
H.O.D. Monroe,AU-R-000805,Monroe,48161,1A4050300038CFE000018100,Pineapple Express 1g Vape Cart,Vape Cart
H.O.D. Monroe,AU-R-000805,Monroe,48161,1A4050300038CFE000018101,Pineapple Express 1g Vape Cart,Vape Cart
H.O.D. Monroe,AU-R-000805,Monroe,48161,1A4050300038CFE000018103,Pineapple Express 1g Vape Cart,Vape Cart
H.O.D. Monroe,AU-R-000805,Monroe,48161,1A4050300038CFE000018105,Pineapple Express 1g Vape Cart,Vape Cart
H.O.D. Monroe,AU-R-000805,Monroe,48161,1A4050300038CFE000018106,Pineapple Express 1g Vape Cart,Vape Cart
H.O.D. Monroe,AU-R-000805,Monroe,48161,1A4050300038CFE000018107,Pineapple Express 1g Vape Cart,Vape Cart
H.O.D. Monroe,AU-R-000805,Monroe,48161,1A4050300038CFE000018108,Pineapple Express 1g Vape Cart,Vape Cart
H.O.D. Monroe,AU-R-000805,Monroe,48161,1A4050300038CFE000018110,Pineapple Express 1g Vape Cart,Vape Cart
H.O.D. Monroe,AU-R-000805,Monroe,48161,1A4050300038CFE000019372,Pineapple Express 1g Vape Cart,Vape Cart
H.O.D. Monroe,AU-R-000805,Monroe,48161,1A4050300038CFE000016178,Pink Lemonade 1g Vape Cart,Vape Cart
H.O.D. Monroe,AU-R-000805,Monroe,48161,1A4050300038CFE000016182,Pink Lemonade 1g Vape Cart,Vape Cart
H.O.D. Monroe,AU-R-000805,Monroe,48161,1A4050300038CFE000016732,Pink Lemonade 1g Vape Cart,Vape Cart
H.O.D. Monroe,AU-R-000805,Monroe,48161,1A4050300038CFE000012311,Red Velvet 1g Vape,Vape Cart
H.O.D. Monroe,AU-R-000805,Monroe,48161,1A4050300038CFE000012303,Sour Apple Vape Cart,Vape Cart
H.O.D. Monroe,AU-R-000805,Monroe,48161,1A4050300038CFE000014244,Sour Apple Vape Cart,Vape Cart
H.O.D. Monroe,AU-R-000805,Monroe,48161,1A4050300038CFE000012336,Strawberry Cough 1g Vape,Vape Cart
H.O.D. Monroe,AU-R-000805,Monroe,48161,1A4050300038CFE000014458,Strawberry Cough 1g Vape,Vape Cart
H.O.D. Monroe,AU-R-000805,Monroe,48161,1A4050300038CFE000018595,Strawberry Cough 1g Vape,Vape Cart
H.O.D. Monroe,AU-R-000805,Monroe,48161,1A4050300038CFE000014061,Strawberry Shortcake 1g Disposable,Vape Cart
H.O.D. Monroe,AU-R-000805,Monroe,48161,1A4050300038CFE000016363,Strawberry Shortcake 1g Disposable,Vape Cart
H.O.D. Monroe,AU-R-000805,Monroe,48161,1A4050300038CFE000016367,Strawberry Shortcake 1g Disposable,Vape Cart
H.O.D. Monroe,AU-R-000805,Monroe,48161,1A4050300034135000007696,Strawberry Shortcake Vape Cart,Vape Cart
H.O.D. Monroe,AU-R-000805,Monroe,48161,1A4050300038CFE000012304,Strawberry Shortcake Vape Cart,Vape Cart
H.O.D. Monroe,AU-R-000805,Monroe,48161,1A4050300038CFE000015423,Strawberry Shortcake Vape Cart,Vape Cart
H.O.D. Monroe,AU-R-000805,Monroe,48161,1A4050300038CFE000016550,Strawberry Shortcake Vape Cart,Vape Cart
H.O.D. Monroe,AU-R-000805,Monroe,48161,1A4050300038CFE000016553,Strawberry Shortcake Vape Cart,Vape Cart
H.O.D. Monroe,AU-R-000805,Monroe,48161,1A4050300038CFE000016554,Strawberry Shortcake Vape Cart,Vape Cart
H.O.D. Monroe,AU-R-000805,Monroe,48161,1A4050300038CFE000016555,Strawberry Shortcake Vape Cart,Vape Cart
H.O.D. Monroe,AU-R-000805,Monroe,48161,1A4050300038CFE000016556,Strawberry Shortcake Vape Cart,Vape Cart
H.O.D. Monroe,AU-R-000805,Monroe,48161,1A4050300038CFE000016559,Strawberry Shortcake Vape Cart,Vape Cart
H.O.D. Monroe,AU-R-000805,Monroe,48161,1A4050300038CFE000016560,Strawberry Shortcake Vape Cart,Vape Cart
H.O.D. Monroe,AU-R-000805,Monroe,48161,1A4050300038CFE000016743,Strawberry Shortcake Vape Cart,Vape Cart
H.O.D. Monroe,AU-R-000805,Monroe,48161,1A4050300038CFE000019227,Strawberry Shortcake Vape Cart,Vape Cart
H.O.D. Monroe,AU-R-000805,Monroe,48161,1A4050300038CFE000020793,Strawberry Shortcake Vape Cart,Vape Cart
H.O.D. Monroe,AU-R-000805,Monroe,48161,1A4050300038CFE000022278,Strawberry Shortcake Vape Cart,Vape Cart
H.O.D. Monroe,AU-R-000805,Monroe,48161,1A4050300038CFE000015986,Watermelon Freeze Disposables,Vape Cart
H.O.D. Monroe,AU-R-000805,Monroe,48161,1A4050300038CFE000018624,Watermelon Freeze Disposables,Vape Cart
H.O.D. Monroe,AU-R-000805,Monroe,48161,1A4050300038CFE000018631,Watermelon Freeze Disposables,Vape Cart
H.O.D. Monroe,AU-R-000805,Monroe,48161,1A4050300034135000007687,Watermelon Freeze Vape Cart,Vape Cart
H.O.D. Monroe,AU-R-000805,Monroe,48161,1A4050300034135000008185,Watermelon Freeze Vape Cart,Vape Cart
H.O.D. Monroe,AU-R-000805,Monroe,48161,1A4050300038CFE000012324,Watermelon Freeze Vape Cart,Vape Cart
H.O.D. Monroe,AU-R-000805,Monroe,48161,1A4050300038CFE000014897,Watermelon Freeze Vape Cart,Vape Cart
H.O.D. Monroe,AU-R-000805,Monroe,48161,1A4050300038CFE000014899,Watermelon Freeze Vape Cart,Vape Cart
H.O.D. Monroe,AU-R-000805,Monroe,48161,1A4050300038CFE000017649,Watermelon Freeze Vape Cart,Vape Cart
H.O.D. Monroe,AU-R-000805,Monroe,48161,1A4050300038CFE000018274,Watermelon Freeze Vape Cart,Vape Cart
H.O.D. Monroe,AU-R-000805,Monroe,48161,1A4050300038CFE000018275,Watermelon Freeze Vape Cart,Vape Cart
H.O.D. Monroe,AU-R-000805,Monroe,48161,1A4050300038CFE000018276,Watermelon Freeze Vape Cart,Vape Cart
H.O.D. Monroe,AU-R-000805,Monroe,48161,1A4050300038CFE000018277,Watermelon Freeze Vape Cart,Vape Cart
H.O.D. Monroe,AU-R-000805,Monroe,48161,1A4050300038CFE000018278,Watermelon Freeze Vape Cart,Vape Cart
H.O.D. Monroe,AU-R-000805,Monroe,48161,1A4050300038CFE000018282,Watermelon Freeze Vape Cart,Vape Cart
Hashish Boyz,AU-R-000325,Bay City,48706,1A4050300038CFE000012708,OG 1g Infused Preroll,Infused Pre-Rolls
Hashish Boyz,AU-R-000325,Bay City,48706,1A4050300038CFE000012719,OG 1g Infused Preroll,Infused Pre-Rolls
Hashish Boyz,AU-R-000325,Bay City,48706,1A4050300038CFE000012701,Peach Mango 1g Infused Preroll,Infused Pre-Rolls
Hashish Boyz,AU-R-000325,Bay City,48706,1A4050300038CFE000012702,Pineapple 1g Infused Preroll,Infused Pre-Rolls
Hashish Boyz,AU-R-000325,Bay City,48706,1A4050300038CFE000012709,Skywalker 1g Infused Preroll,Infused Pre-Rolls
Hashish Boyz,AU-R-000325,Bay City,48706,1A4050300038CFE000012710,Strawberry 1g Infused Preroll,Infused Pre-Rolls
Hashish Boyz,AU-R-000325,Bay City,48706,1A4050300038CFE000012718,Strawberry 1g Infused Preroll,Infused Pre-Rolls
Hashish Boyz,AU-R-000325,Bay City,48706,1A4050300038CFE000012711,Watermelon 1g Infused Preroll,Infused Pre-Rolls
Hashish Boyz,AU-R-000325,Bay City,48706,1A4050300038CFE000012720,Watermelon 1g Infused Preroll,Infused Pre-Rolls
Hashish Boyz,AU-R-000325,Bay City,48706,1A4050300038CFE000012712,Waui 1g Infused Preroll,Infused Pre-Rolls
Hashish Boyz,AU-R-000325,Bay City,48706,1A4050300038CFE000019137,Apple Burst 1g Vape,Vape Cart
Hashish Boyz,AU-R-000325,Bay City,48706,1A4050300038CFE000012746,Banana Split Vape Cart,Vape Cart
Hashish Boyz,AU-R-000325,Bay City,48706,1A4050300038CFE000017497,Banana Split Vape Cart,Vape Cart
Hashish Boyz,AU-R-000325,Bay City,48706,1A4050300038CFE000019140,Banana Split Vape Cart,Vape Cart
Hashish Boyz,AU-R-000325,Bay City,48706,1A4050300038CFE000012777,Blue Dream 1g Disposable,Vape Cart
Hashish Boyz,AU-R-000325,Bay City,48706,1A4050300038CFE000012791,Blue Dream 1g Disposable,Vape Cart
Hashish Boyz,AU-R-000325,Bay City,48706,1A4050300038CFE000011148,Blue Dream Vape Cart,Vape Cart
Hashish Boyz,AU-R-000325,Bay City,48706,1A4050300038CFE000016066,Blue Dream Vape Cart,Vape Cart
Hashish Boyz,AU-R-000325,Bay City,48706,1A4050300038CFE000012761,Blue Razz 1g Disposable,Vape Cart
Hashish Boyz,AU-R-000325,Bay City,48706,1A4050300038CFE000016399,Blue Razz 1g Disposable,Vape Cart
Hashish Boyz,AU-R-000325,Bay City,48706,1A4050300038CFE000012747,Blue Razz Vape Cart,Vape Cart
Hashish Boyz,AU-R-000325,Bay City,48706,1A4050300038CFE000016109,Blue Razz Vape Cart,Vape Cart
Hashish Boyz,AU-R-000325,Bay City,48706,1A4050300038CFE000016662,Blue Razz Vape Cart,Vape Cart
Hashish Boyz,AU-R-000325,Bay City,48706,1A4050300038CFE000016251,Blueberry Pancake 1g Disposable,Vape Cart
Hashish Boyz,AU-R-000325,Bay City,48706,1A4050300038CFE000011366,Blueberry Pancake 1g vape,Vape Cart
Hashish Boyz,AU-R-000325,Bay City,48706,1A4050300038CFE000017983,Blueberry Pancake 1g vape,Vape Cart
Hashish Boyz,AU-R-000325,Bay City,48706,1A4050300038CFE000015460,Bubble Gum 1g vape,Vape Cart
Hashish Boyz,AU-R-000325,Bay City,48706,1A4050300038CFE000015462,Bubble Gum 1g vape,Vape Cart
Hashish Boyz,AU-R-000325,Bay City,48706,1A4050300038CFE000015903,Cereal Milk 1g Vape,Vape Cart
Hashish Boyz,AU-R-000325,Bay City,48706,1A4050300038CFE000012748,Cherry Pie Vape Cart,Vape Cart
Hashish Boyz,AU-R-000325,Bay City,48706,1A4050300038CFE000017984,Cherry Pie Vape Cart,Vape Cart
Hashish Boyz,AU-R-000325,Bay City,48706,1A4050300038CFE000019139,Cherry Pie Vape Cart,Vape Cart
Hashish Boyz,AU-R-000325,Bay City,48706,1A4050300038CFE000015931,Dirty Shirly 1g Vape,Vape Cart
Hashish Boyz,AU-R-000325,Bay City,48706,1A4050300038CFE000017948,Dirty Shirly 1g Vape,Vape Cart
Hashish Boyz,AU-R-000325,Bay City,48706,1A4050300038CFE000012763,Fruity Pebbles 1g Disposable,Vape Cart
Hashish Boyz,AU-R-000325,Bay City,48706,1A4050300038CFE000017182,Fruity Pebbles 1g Disposable,Vape Cart
Hashish Boyz,AU-R-000325,Bay City,48706,1A4050300038CFE000012796,Fruity Pebbles Vape Cart,Vape Cart
Hashish Boyz,AU-R-000325,Bay City,48706,1A4050300038CFE000015022,Fruity Pebbles Vape Cart,Vape Cart
Hashish Boyz,AU-R-000325,Bay City,48706,1A4050300038CFE000019133,Fruity Pebbles Vape Cart,Vape Cart
Hashish Boyz,AU-R-000325,Bay City,48706,1A4050300038CFE000012749,Grape Soda 1g Vape,Vape Cart
Hashish Boyz,AU-R-000325,Bay City,48706,1A4050300038CFE000012795,Grape Soda 1g Vape,Vape Cart
Hashish Boyz,AU-R-000325,Bay City,48706,1A4050300038CFE000016668,Grape Soda 1g Vape,Vape Cart
Hashish Boyz,AU-R-000325,Bay City,48706,1A4050300038CFE000017985,Grape Soda 1g Vape,Vape Cart
Hashish Boyz,AU-R-000325,Bay City,48706,1A4050300038CFE000012750,Jungle Juice Vape Cart,Vape Cart
Hashish Boyz,AU-R-000325,Bay City,48706,1A4050300038CFE000017986,Jungle Juice Vape Cart,Vape Cart
Hashish Boyz,AU-R-000325,Bay City,48706,1A4050300038CFE000017987,Lemon Cheese Cake Vape,Vape Cart
Hashish Boyz,AU-R-000325,Bay City,48706,1A4050300038CFE000012775,Lemon Drop Vape Cart,Vape Cart
Hashish Boyz,AU-R-000325,Bay City,48706,1A4050300038CFE000017988,Lemon Drop Vape Cart,Vape Cart
Hashish Boyz,AU-R-000325,Bay City,48706,1A4050300038CFE000014930,OG Vape Cart,Vape Cart
Hashish Boyz,AU-R-000325,Bay City,48706,1A4050300038CFE000017956,OG Vape Cart,Vape Cart
Hashish Boyz,AU-R-000325,Bay City,48706,1A4050300038CFE000019135,OG Vape Cart,Vape Cart
Hashish Boyz,AU-R-000325,Bay City,48706,1A4050300038CFE000012754,Orange Soda Vape Cart,Vape Cart
Hashish Boyz,AU-R-000325,Bay City,48706,1A4050300038CFE000012755,Peaches and Cream Vape Cart,Vape Cart
Hashish Boyz,AU-R-000325,Bay City,48706,1A4050300038CFE000015528,Peaches and Cream Vape Cart,Vape Cart
Hashish Boyz,AU-R-000325,Bay City,48706,1A4050300038CFE000016147,Pineapple Express 1g Vape Cart,Vape Cart
Hashish Boyz,AU-R-000325,Bay City,48706,1A4050300038CFE000016159,Pink Lemonade 1g Vape Cart,Vape Cart
Hashish Boyz,AU-R-000325,Bay City,48706,1A4050300038CFE000012756,Red Velvet 1g Vape,Vape Cart
Hashish Boyz,AU-R-000325,Bay City,48706,1A4050300038CFE000015513,Red Velvet 1g Vape,Vape Cart
Hashish Boyz,AU-R-000325,Bay City,48706,1A4050300038CFE000012757,Sour Apple Vape Cart,Vape Cart
Hashish Boyz,AU-R-000325,Bay City,48706,1A4050300038CFE000015503,Sour Apple Vape Cart,Vape Cart
Hashish Boyz,AU-R-000325,Bay City,48706,1A4050300038CFE000012838,Strawberry Cough 1g Vape,Vape Cart
Hashish Boyz,AU-R-000325,Bay City,48706,1A4050300038CFE000012776,Strawberry Shortcake 1g Disposable,Vape Cart
Hashish Boyz,AU-R-000325,Bay City,48706,1A4050300038CFE000012785,Strawberry Shortcake 1g Disposable,Vape Cart
Hashish Boyz,AU-R-000325,Bay City,48706,1A4050300038CFE000012758,Strawberry Shortcake Vape Cart,Vape Cart
Hashish Boyz,AU-R-000325,Bay City,48706,1A4050300038CFE000019134,Strawberry Shortcake Vape Cart,Vape Cart
Hashish Boyz,AU-R-000325,Bay City,48706,1A4050300038CFE000012778,Watermelon Freeze Disposables,Vape Cart
Hashish Boyz,AU-R-000325,Bay City,48706,1A4050300038CFE000012793,Watermelon Freeze Disposables,Vape Cart
Hashish Boyz,AU-R-000325,Bay City,48706,1A4050300038CFE000012759,Watermelon Freeze Vape Cart,Vape Cart
Hashish Boyz,AU-R-000325,Bay City,48706,1A4050300038CFE000017989,Watermelon Freeze Vape Cart,Vape Cart
Hashish Boyz,AU-R-000325,Bay City,48706,1A4050300038CFE000018262,Watermelon Freeze Vape Cart,Vape Cart
Hayat CC,AU-R-000435,Hazel Park,48030,1A4050300038CFE000013137,OG 1g Infused Preroll,Infused Pre-Rolls
Hayat CC,AU-R-000435,Hazel Park,48030,1A4050300038CFE000013149,OG 1g Infused Preroll,Infused Pre-Rolls
Hayat CC,AU-R-000435,Hazel Park,48030,1A4050300038CFE000013135,Peach Mango 1g Infused Preroll,Infused Pre-Rolls
Hayat CC,AU-R-000435,Hazel Park,48030,1A4050300038CFE000013136,Pineapple 1g Infused Preroll,Infused Pre-Rolls
Hayat CC,AU-R-000435,Hazel Park,48030,1A4050300038CFE000013150,Pineapple 1g Infused Preroll,Infused Pre-Rolls
Hayat CC,AU-R-000435,Hazel Park,48030,1A4050300038CFE000013138,Skywalker 1g Infused Preroll,Infused Pre-Rolls
Hayat CC,AU-R-000435,Hazel Park,48030,1A4050300038CFE000013148,Skywalker 1g Infused Preroll,Infused Pre-Rolls
Hayat CC,AU-R-000435,Hazel Park,48030,1A4050300038CFE000013139,Strawberry 1g Infused Preroll,Infused Pre-Rolls
Hayat CC,AU-R-000435,Hazel Park,48030,1A4050300038CFE000013140,Watermelon 1g Infused Preroll,Infused Pre-Rolls
Hayat CC,AU-R-000435,Hazel Park,48030,1A4050300038CFE000013141,Waui 1g Infused Preroll,Infused Pre-Rolls
Hayat CC,AU-R-000435,Hazel Park,48030,1A4050300038CFE000019178,Apple Burst 1g Vape,Vape Cart
Hayat CC,AU-R-000435,Hazel Park,48030,1A4050300038CFE000013096,Banana Split Vape Cart,Vape Cart
Hayat CC,AU-R-000435,Hazel Park,48030,1A4050300038CFE000013073,Blue Dream Vape Cart,Vape Cart
Hayat CC,AU-R-000435,Hazel Park,48030,1A4050300038CFE000016060,Blue Dream Vape Cart,Vape Cart
Hayat CC,AU-R-000435,Hazel Park,48030,1A4050300038CFE000013097,Blue Razz 1g Disposable,Vape Cart
Hayat CC,AU-R-000435,Hazel Park,48030,1A4050300038CFE000013095,Blue Razz Vape Cart,Vape Cart
Hayat CC,AU-R-000435,Hazel Park,48030,1A4050300038CFE000016661,Blue Razz Vape Cart,Vape Cart
Hayat CC,AU-R-000435,Hazel Park,48030,1A4050300038CFE000019168,Blue Razz Vape Cart,Vape Cart
Hayat CC,AU-R-000435,Hazel Park,48030,1A4050300038CFE000013075,Blueberry Pancake 1g vape,Vape Cart
Hayat CC,AU-R-000435,Hazel Park,48030,1A4050300038CFE000015473,Bubble Gum 1g vape,Vape Cart
Hayat CC,AU-R-000435,Hazel Park,48030,1A4050300038CFE000019169,Bubble Gum 1g vape,Vape Cart
Hayat CC,AU-R-000435,Hazel Park,48030,1A4050300038CFE000015904,Cereal Milk 1g Vape,Vape Cart
Hayat CC,AU-R-000435,Hazel Park,48030,1A4050300038CFE000016810,Cherry Pie 1g Disposable,Vape Cart
Hayat CC,AU-R-000435,Hazel Park,48030,1A4050300038CFE000013076,Cherry Pie Vape Cart,Vape Cart
Hayat CC,AU-R-000435,Hazel Park,48030,1A4050300038CFE000015941,Dirty Shirly 1g Vape,Vape Cart
Hayat CC,AU-R-000435,Hazel Park,48030,1A4050300038CFE000013100,Fruity Pebbles 1g Disposable,Vape Cart
Hayat CC,AU-R-000435,Hazel Park,48030,1A4050300038CFE000013078,Fruity Pebbles Vape Cart,Vape Cart
Hayat CC,AU-R-000435,Hazel Park,48030,1A4050300038CFE000016432,Fruity Pebbles Vape Cart,Vape Cart
Hayat CC,AU-R-000435,Hazel Park,48030,1A4050300038CFE000019171,Fruity Pebbles Vape Cart,Vape Cart
Hayat CC,AU-R-000435,Hazel Park,48030,1A4050300038CFE000013079,Grape Soda 1g Vape,Vape Cart
Hayat CC,AU-R-000435,Hazel Park,48030,1A4050300038CFE000016663,Grape Soda 1g Vape,Vape Cart
Hayat CC,AU-R-000435,Hazel Park,48030,1A4050300038CFE000019172,Grape Soda 1g Vape,Vape Cart
Hayat CC,AU-R-000435,Hazel Park,48030,1A4050300038CFE000013080,Jungle Juice Vape Cart,Vape Cart
Hayat CC,AU-R-000435,Hazel Park,48030,1A4050300038CFE000016667,Jungle Juice Vape Cart,Vape Cart
Hayat CC,AU-R-000435,Hazel Park,48030,1A4050300038CFE000019173,Jungle Juice Vape Cart,Vape Cart
Hayat CC,AU-R-000435,Hazel Park,48030,1A4050300038CFE000014956,Lemon Drop Vape Cart,Vape Cart
Hayat CC,AU-R-000435,Hazel Park,48030,1A4050300038CFE000018418,Lemon Drop Vape Cart,Vape Cart
Hayat CC,AU-R-000435,Hazel Park,48030,1A4050300038CFE000018439,Lemon Drop Vape Cart,Vape Cart
Hayat CC,AU-R-000435,Hazel Park,48030,1A4050300038CFE000017261,OG Disposables,Vape Cart
Hayat CC,AU-R-000435,Hazel Park,48030,1A4050300038CFE000014951,OG Vape Cart,Vape Cart
Hayat CC,AU-R-000435,Hazel Park,48030,1A4050300038CFE000019174,OG Vape Cart,Vape Cart
Hayat CC,AU-R-000435,Hazel Park,48030,1A4050300038CFE000013084,Orange Soda Vape Cart,Vape Cart
Hayat CC,AU-R-000435,Hazel Park,48030,1A4050300038CFE000016664,Orange Soda Vape Cart,Vape Cart
Hayat CC,AU-R-000435,Hazel Park,48030,1A4050300038CFE000013085,Peaches and Cream Vape Cart,Vape Cart
Hayat CC,AU-R-000435,Hazel Park,48030,1A4050300038CFE000015380,Peaches and Cream Vape Cart,Vape Cart
Hayat CC,AU-R-000435,Hazel Park,48030,1A4050300038CFE000016666,Pina Colada Vape Cart,Vape Cart
Hayat CC,AU-R-000435,Hazel Park,48030,1A4050300038CFE000016146,Pineapple Express 1g Vape Cart,Vape Cart
Hayat CC,AU-R-000435,Hazel Park,48030,1A4050300038CFE000019176,Pineapple Express 1g Vape Cart,Vape Cart
Hayat CC,AU-R-000435,Hazel Park,48030,1A4050300038CFE000016204,Pink Lemonade 1g Vape Cart,Vape Cart
Hayat CC,AU-R-000435,Hazel Park,48030,1A4050300038CFE000013086,Red Velvet 1g Vape,Vape Cart
Hayat CC,AU-R-000435,Hazel Park,48030,1A4050300038CFE000015722,Red Velvet 1g Vape,Vape Cart
Hayat CC,AU-R-000435,Hazel Park,48030,1A4050300038CFE000013087,Sour Apple Vape Cart,Vape Cart
Hayat CC,AU-R-000435,Hazel Park,48030,1A4050300038CFE000015489,Sour Apple Vape Cart,Vape Cart
Hayat CC,AU-R-000435,Hazel Park,48030,1A4050300038CFE000013088,Strawberry Cough 1g Vape,Vape Cart
Hayat CC,AU-R-000435,Hazel Park,48030,1A4050300038CFE000019180,Strawberry Cough 1g Vape,Vape Cart
Hayat CC,AU-R-000435,Hazel Park,48030,1A4050300038CFE000013101,Strawberry Shortcake 1g Disposable,Vape Cart
Hayat CC,AU-R-000435,Hazel Park,48030,1A4050300038CFE000013089,Strawberry Shortcake Vape Cart,Vape Cart
Hayat CC,AU-R-000435,Hazel Park,48030,1A4050300038CFE000016547,Strawberry Shortcake Vape Cart,Vape Cart
Hayat CC,AU-R-000435,Hazel Park,48030,1A4050300038CFE000019179,Strawberry Shortcake Vape Cart,Vape Cart
Hayat CC,AU-R-000435,Hazel Park,48030,1A4050300038CFE000013090,Watermelon Freeze Vape Cart,Vape Cart
Hayat CC,AU-R-000435,Hazel Park,48030,1A4050300038CFE000018285,Watermelon Freeze Vape Cart,Vape Cart
Hayat CC,AU-R-000435,Hazel Park,48030,1A4050300038CFE000018293,Watermelon Freeze Vape Cart,Vape Cart
Herbology Cannabis Co,AU-R-000126,River Rouge,48218,1A4050300038CFE000016293,Blue Raspberry 1g Infused Preroll,Infused Pre-Rolls
Herbology Cannabis Co,AU-R-000126,River Rouge,48218,1A4050300038CFE000016292,OG 1g Infused Preroll,Infused Pre-Rolls
Herbology Cannabis Co,AU-R-000126,River Rouge,48218,1A4050300038CFE000016294,Peach Mango 1g Infused Preroll,Infused Pre-Rolls
Herbology Cannabis Co,AU-R-000126,River Rouge,48218,1A4050300038CFE000017473,Banana Split Vape Cart,Vape Cart
Herbology Cannabis Co,AU-R-000126,River Rouge,48218,1A4050300038CFE000017484,Banana Split Vape Cart,Vape Cart
Herbology Cannabis Co,AU-R-000126,River Rouge,48218,1A4050300038CFE000016064,Blue Dream Vape Cart,Vape Cart
Herbology Cannabis Co,AU-R-000126,River Rouge,48218,1A4050300038CFE000018324,Blue Razz Vape Cart,Vape Cart
Herbology Cannabis Co,AU-R-000126,River Rouge,48218,1A4050300038CFE000018333,Blue Razz Vape Cart,Vape Cart
Herbology Cannabis Co,AU-R-000126,River Rouge,48218,1A4050300038CFE000016255,Blueberry Pancake 1g Disposable,Vape Cart
Herbology Cannabis Co,AU-R-000126,River Rouge,48218,1A4050300038CFE000015415,Blueberry Pancake 1g vape,Vape Cart
Herbology Cannabis Co,AU-R-000126,River Rouge,48218,1A4050300038CFE000019064,Blueberry Pancake 1g vape,Vape Cart
Herbology Cannabis Co,AU-R-000126,River Rouge,48218,1A4050300038CFE000015768,Cherry Pie Vape Cart,Vape Cart
Herbology Cannabis Co,AU-R-000126,River Rouge,48218,1A4050300038CFE000017950,Dirty Shirly 1g Vape,Vape Cart
Herbology Cannabis Co,AU-R-000126,River Rouge,48218,1A4050300038CFE000014759,Fruity Pebbles 1g Disposable,Vape Cart
Herbology Cannabis Co,AU-R-000126,River Rouge,48218,1A4050300038CFE000015305,Fruity Pebbles Box 5 PK Vape Cart,Vape Cart
Herbology Cannabis Co,AU-R-000126,River Rouge,48218,1A4050300038CFE000014994,Fruity Pebbles Vape Cart,Vape Cart
Herbology Cannabis Co,AU-R-000126,River Rouge,48218,1A4050300038CFE000020414,Fruity Pebbles Vape Cart,Vape Cart
Herbology Cannabis Co,AU-R-000126,River Rouge,48218,1A4050300038CFE000015772,Jungle Juice Box 5 PK Vape Cart,Vape Cart
Herbology Cannabis Co,AU-R-000126,River Rouge,48218,1A4050300038CFE000015192,Jungle Juice Vape Cart,Vape Cart
Herbology Cannabis Co,AU-R-000126,River Rouge,48218,1A4050300038CFE000018045,Jungle Juice Vape Cart,Vape Cart
Herbology Cannabis Co,AU-R-000126,River Rouge,48218,1A4050300038CFE000018046,Jungle Juice Vape Cart,Vape Cart
Herbology Cannabis Co,AU-R-000126,River Rouge,48218,1A4050300038CFE000019065,Lemon Cheese Cake Vape,Vape Cart
Herbology Cannabis Co,AU-R-000126,River Rouge,48218,1A4050300038CFE000014971,Lemon Drop Vape Cart,Vape Cart
Herbology Cannabis Co,AU-R-000126,River Rouge,48218,1A4050300038CFE000015078,OG Disposables,Vape Cart
Herbology Cannabis Co,AU-R-000126,River Rouge,48218,1A4050300038CFE000017262,OG Disposables,Vape Cart
Herbology Cannabis Co,AU-R-000126,River Rouge,48218,1A4050300038CFE000015398,Pina Colada Vape Cart,Vape Cart
Herbology Cannabis Co,AU-R-000126,River Rouge,48218,1A4050300038CFE000015775,Red Velvet 1g Vape,Vape Cart
Herbology Cannabis Co,AU-R-000126,River Rouge,48218,1A4050300038CFE000015769,Strawberry Cough 1g Vape,Vape Cart
Herbology Cannabis Co,AU-R-000126,River Rouge,48218,1A4050300038CFE000019066,Strawberry Cough 1g Vape,Vape Cart
Herbology Cannabis Co,AU-R-000126,River Rouge,48218,1A4050300038CFE000015315,Watermelon Freeze Box 5 PK Vape Cart,Vape Cart
Herbology Cannabis Co,AU-R-000126,River Rouge,48218,1A4050300038CFE000014922,Watermelon Freeze Vape Cart,Vape Cart
Herbology Cannabis Co,AU-R-000126,River Rouge,48218,1A4050300038CFE000018287,Watermelon Freeze Vape Cart,Vape Cart
Herbology Cannabis Co,AU-R-000126,River Rouge,48218,1A4050300038CFE000018299,Watermelon Freeze Vape Cart,Vape Cart
Herbology Cannabis Co. Express,AU-R-000266,River Rouge,48218,1A4050300038CFE000016595,Blue Raspberry 1g Infused Preroll,Infused Pre-Rolls
Herbology Cannabis Co. Express,AU-R-000266,River Rouge,48218,1A4050300038CFE000016593,OG 1g Infused Preroll,Infused Pre-Rolls
Herbology Cannabis Co. Express,AU-R-000266,River Rouge,48218,1A4050300038CFE000016594,Peach Mango 1g Infused Preroll,Infused Pre-Rolls
Herbology Cannabis Co. Express,AU-R-000266,River Rouge,48218,1A4050300038CFE000015253,Banana Split 1g Disposable,Vape Cart
Herbology Cannabis Co. Express,AU-R-000266,River Rouge,48218,1A4050300038CFE000016058,Blue Dream Vape Cart,Vape Cart
Herbology Cannabis Co. Express,AU-R-000266,River Rouge,48218,1A4050300038CFE000016048,Blue Razz Vape Cart,Vape Cart
Herbology Cannabis Co. Express,AU-R-000266,River Rouge,48218,1A4050300038CFE000015776,Blueberry Pancake 1g vape,Vape Cart
Herbology Cannabis Co. Express,AU-R-000266,River Rouge,48218,1A4050300038CFE000015774,Cherry Pie Vape Cart,Vape Cart
Herbology Cannabis Co. Express,AU-R-000266,River Rouge,48218,1A4050300038CFE000014750,Fruity Pebbles 1g Disposable,Vape Cart
Herbology Cannabis Co. Express,AU-R-000266,River Rouge,48218,1A4050300038CFE000015304,Fruity Pebbles Box 5 PK Vape Cart,Vape Cart
Herbology Cannabis Co. Express,AU-R-000266,River Rouge,48218,1A4050300038CFE000015005,Fruity Pebbles Vape Cart,Vape Cart
Herbology Cannabis Co. Express,AU-R-000266,River Rouge,48218,1A4050300038CFE000015779,Jungle Juice Box 5 PK Vape Cart,Vape Cart
Herbology Cannabis Co. Express,AU-R-000266,River Rouge,48218,1A4050300038CFE000014398,Jungle Juice Vape Cart,Vape Cart
Herbology Cannabis Co. Express,AU-R-000266,River Rouge,48218,1A4050300038CFE000015290,Lemon Cheese Cake Vape,Vape Cart
Herbology Cannabis Co. Express,AU-R-000266,River Rouge,48218,1A4050300038CFE000014970,Lemon Drop Vape Cart,Vape Cart
Herbology Cannabis Co. Express,AU-R-000266,River Rouge,48218,1A4050300038CFE000015065,OG Disposables,Vape Cart
Herbology Cannabis Co. Express,AU-R-000266,River Rouge,48218,1A4050300038CFE000015710,OG Vape Cart,Vape Cart
Herbology Cannabis Co. Express,AU-R-000266,River Rouge,48218,1A4050300038CFE000015530,Peaches and Cream Vape Cart,Vape Cart
Herbology Cannabis Co. Express,AU-R-000266,River Rouge,48218,1A4050300038CFE000015399,Pina Colada Vape Cart,Vape Cart
Herbology Cannabis Co. Express,AU-R-000266,River Rouge,48218,1A4050300038CFE000015773,Strawberry Cough 1g Vape,Vape Cart
Herbology Cannabis Co. Express,AU-R-000266,River Rouge,48218,1A4050300038CFE000015314,Watermelon Freeze Box 5 PK Vape Cart,Vape Cart
Herbology Cannabis Co. Express,AU-R-000266,River Rouge,48218,1A4050300038CFE000014923,Watermelon Freeze Vape Cart,Vape Cart
Herbology Cannabis Co. W. Branch,AU-R-001079,West Branch,48661,1A4050300038CFE000016288,OG 1g Infused Preroll,Infused Pre-Rolls
Herbology Cannabis Co. W. Branch,AU-R-001079,West Branch,48661,1A4050300038CFE000016287,Peach Mango 1g Infused Preroll,Infused Pre-Rolls
Herbology Cannabis Co. W. Branch,AU-R-001079,West Branch,48661,1A4050300038CFE000015251,Banana Split 1g Disposable,Vape Cart
Herbology Cannabis Co. W. Branch,AU-R-001079,West Branch,48661,1A4050300038CFE000015782,Blue Dream 1g Disposable,Vape Cart
Herbology Cannabis Co. W. Branch,AU-R-001079,West Branch,48661,1A4050300038CFE000015169,Blue Dream Vape Cart,Vape Cart
Herbology Cannabis Co. W. Branch,AU-R-001079,West Branch,48661,1A4050300038CFE000015781,Blueberry Pancake 1g vape,Vape Cart
Herbology Cannabis Co. W. Branch,AU-R-001079,West Branch,48661,1A4050300038CFE000015780,Cherry Pie Vape Cart,Vape Cart
Herbology Cannabis Co. W. Branch,AU-R-001079,West Branch,48661,1A4050300038CFE000014763,Fruity Pebbles 1g Disposable,Vape Cart
Herbology Cannabis Co. W. Branch,AU-R-001079,West Branch,48661,1A4050300038CFE000015788,Fruity Pebbles Box 5 PK Vape Cart,Vape Cart
Herbology Cannabis Co. W. Branch,AU-R-001079,West Branch,48661,1A4050300038CFE000015025,Fruity Pebbles Vape Cart,Vape Cart
Herbology Cannabis Co. W. Branch,AU-R-001079,West Branch,48661,1A4050300038CFE000016049,Grape Soda 1g Vape,Vape Cart
Herbology Cannabis Co. W. Branch,AU-R-001079,West Branch,48661,1A4050300038CFE000015786,Jungle Juice Box 5 PK Vape Cart,Vape Cart
Herbology Cannabis Co. W. Branch,AU-R-001079,West Branch,48661,1A4050300038CFE000014400,Jungle Juice Vape Cart,Vape Cart
Herbology Cannabis Co. W. Branch,AU-R-001079,West Branch,48661,1A4050300038CFE000014854,Lemon Cheese Cake Vape,Vape Cart
Herbology Cannabis Co. W. Branch,AU-R-001079,West Branch,48661,1A4050300038CFE000014969,Lemon Drop Vape Cart,Vape Cart
Herbology Cannabis Co. W. Branch,AU-R-001079,West Branch,48661,1A4050300038CFE000015077,OG Disposables,Vape Cart
Herbology Cannabis Co. W. Branch,AU-R-001079,West Branch,48661,1A4050300038CFE000015393,Pina Colada Vape Cart,Vape Cart
Herbology Cannabis Co. W. Branch,AU-R-001079,West Branch,48661,1A4050300038CFE000015787,Watermelon Freeze Box 5 PK Vape Cart,Vape Cart
Herbology Cannabis Co. W. Branch,AU-R-001079,West Branch,48661,1A4050300038CFE000014924,Watermelon Freeze Vape Cart,Vape Cart
Herbology Cannabis Co. Ypsilanti,AU-R-000993,Ypsilanti,48197,1A4050300038CFE000016588,OG 1g Infused Preroll,Infused Pre-Rolls
Herbology Cannabis Co. Ypsilanti,AU-R-000993,Ypsilanti,48197,1A4050300038CFE000016589,Peach Mango 1g Infused Preroll,Infused Pre-Rolls
Herbology Cannabis Co. Ypsilanti,AU-R-000993,Ypsilanti,48197,1A4050300038CFE000016063,Blue Dream Vape Cart,Vape Cart
Herbology Cannabis Co. Ypsilanti,AU-R-000993,Ypsilanti,48197,1A4050300038CFE000016112,Blue Razz Vape Cart,Vape Cart
Herbology Cannabis Co. Ypsilanti,AU-R-000993,Ypsilanti,48197,1A4050300038CFE000016237,Blueberry Pancake 1g Disposable,Vape Cart
Herbology Cannabis Co. Ypsilanti,AU-R-000993,Ypsilanti,48197,1A4050300038CFE000015828,Blueberry Pancake 1g vape,Vape Cart
Herbology Cannabis Co. Ypsilanti,AU-R-000993,Ypsilanti,48197,1A4050300038CFE000015476,Bubble Gum Box 5 PK Vape Cart,Vape Cart
Herbology Cannabis Co. Ypsilanti,AU-R-000993,Ypsilanti,48197,1A4050300038CFE000015829,Cherry Pie Vape Cart,Vape Cart
Herbology Cannabis Co. Ypsilanti,AU-R-000993,Ypsilanti,48197,1A4050300038CFE000015838,Fruity Pebbles Box 5 PK Vape Cart,Vape Cart
Herbology Cannabis Co. Ypsilanti,AU-R-000993,Ypsilanti,48197,1A4050300038CFE000015027,Fruity Pebbles Vape Cart,Vape Cart
Herbology Cannabis Co. Ypsilanti,AU-R-000993,Ypsilanti,48197,1A4050300038CFE000015200,Jungle Juice Vape Cart,Vape Cart
Herbology Cannabis Co. Ypsilanti,AU-R-000993,Ypsilanti,48197,1A4050300038CFE000016295,Lemon Cheese Cake Vape,Vape Cart
Herbology Cannabis Co. Ypsilanti,AU-R-000993,Ypsilanti,48197,1A4050300038CFE000014962,Lemon Drop Vape Cart,Vape Cart
Herbology Cannabis Co. Ypsilanti,AU-R-000993,Ypsilanti,48197,1A4050300038CFE000015064,OG Disposables,Vape Cart
Herbology Cannabis Co. Ypsilanti,AU-R-000993,Ypsilanti,48197,1A4050300038CFE000015405,Pina Colada Vape Cart,Vape Cart
Herbology Cannabis Co. Ypsilanti,AU-R-000993,Ypsilanti,48197,1A4050300038CFE000015652,Strawberry Cough 1g Vape,Vape Cart
Herbology Cannabis Co. Ypsilanti,AU-R-000993,Ypsilanti,48197,1A4050300038CFE000016296,Strawberry Shortcake 1g Disposable,Vape Cart
Herbology Cannabis Co. Ypsilanti,AU-R-000993,Ypsilanti,48197,1A4050300038CFE000015837,Watermelon Freeze Box 5 PK Vape Cart,Vape Cart
Herbology Cannabis Co. Ypsilanti,AU-R-000993,Ypsilanti,48197,1A4050300038CFE000016000,Watermelon Freeze Disposables,Vape Cart
High Club Cannabis,AU-R-000897,Detroit,48238,1A4050300038CFE000000155,Blue Razz Vape Cart,Vape Cart
High Club Cannabis,AU-R-000897,Detroit,48238,1A4050300038CFE000000159,Cherry Pie Vape Cart,Vape Cart
High Club Cannabis,AU-R-000897,Detroit,48238,1A4050300038CFE000000157,Fruity Pebbles Vape Cart,Vape Cart
High Club Cannabis,AU-R-000897,Detroit,48238,1A4050300038CFE000000161,Pina Colada Vape Cart,Vape Cart
High Club Cannabis,AU-R-000897,Detroit,48238,1A4050300038CFE000000160,Sour Apple Vape Cart,Vape Cart
Holistic Health Wayne Inc,AU-R-000303,Wayne,48184,1A4050300038CFE000022210,Blue Raspberry 1g Infused Preroll,Infused Pre-Rolls
Holistic Health Wayne Inc,AU-R-000303,Wayne,48184,1A4050300038CFE000001936,Grape 1g Infused Preroll,Infused Pre-Rolls
Holistic Health Wayne Inc,AU-R-000303,Wayne,48184,1A4050300038CFE000006096,OG 1g Infused Preroll,Infused Pre-Rolls
Holistic Health Wayne Inc,AU-R-000303,Wayne,48184,1A4050300038CFE000007179,OG 1g Infused Preroll,Infused Pre-Rolls
Holistic Health Wayne Inc,AU-R-000303,Wayne,48184,1A4050300038CFE000007178,Peach Mango 1g Infused Preroll,Infused Pre-Rolls
Holistic Health Wayne Inc,AU-R-000303,Wayne,48184,1A4050300038CFE000022212,Pineapple 1g Infused Preroll,Infused Pre-Rolls
Holistic Health Wayne Inc,AU-R-000303,Wayne,48184,1A4050300038CFE000001940,Skywalker 1g Infused Preroll,Infused Pre-Rolls
Holistic Health Wayne Inc,AU-R-000303,Wayne,48184,1A4050300038CFE000007180,Skywalker 1g Infused Preroll,Infused Pre-Rolls
Holistic Health Wayne Inc,AU-R-000303,Wayne,48184,1A4050300038CFE000022214,Skywalker 1g Infused Preroll,Infused Pre-Rolls
Holistic Health Wayne Inc,AU-R-000303,Wayne,48184,1A4050300038CFE000014218,Strawberry 1g Infused Preroll,Infused Pre-Rolls
Holistic Health Wayne Inc,AU-R-000303,Wayne,48184,1A4050300038CFE000001938,Watermelon 1g Infused Preroll,Infused Pre-Rolls
Holistic Health Wayne Inc,AU-R-000303,Wayne,48184,1A4050300038CFE000014214,Watermelon 1g Infused Preroll,Infused Pre-Rolls
Holistic Health Wayne Inc,AU-R-000303,Wayne,48184,1A4050300038CFE000001939,Waui 1g Infused Preroll,Infused Pre-Rolls
Holistic Health Wayne Inc,AU-R-000303,Wayne,48184,1A4050300038CFE000007181,Waui 1g Infused Preroll,Infused Pre-Rolls
Holistic Health Wayne Inc,AU-R-000303,Wayne,48184,1A4050300038CFE000009192,Banana Split Vape Cart,Vape Cart
Holistic Health Wayne Inc,AU-R-000303,Wayne,48184,1A4050300038CFE000010092,Banana Split Vape Cart,Vape Cart
Holistic Health Wayne Inc,AU-R-000303,Wayne,48184,1A4050300038CFE000008041,Blue Dream Vape Cart,Vape Cart
Holistic Health Wayne Inc,AU-R-000303,Wayne,48184,1A4050300038CFE000008047,Blue Dream Vape Cart,Vape Cart
Holistic Health Wayne Inc,AU-R-000303,Wayne,48184,1A4050300038CFE000008053,Blue Dream Vape Cart,Vape Cart
Holistic Health Wayne Inc,AU-R-000303,Wayne,48184,1A4050300038CFE000008055,Blue Dream Vape Cart,Vape Cart
Holistic Health Wayne Inc,AU-R-000303,Wayne,48184,1A4050300038CFE000008062,Blue Dream Vape Cart,Vape Cart
Holistic Health Wayne Inc,AU-R-000303,Wayne,48184,1A4050300038CFE000000164,Blue Razz Vape Cart,Vape Cart
Holistic Health Wayne Inc,AU-R-000303,Wayne,48184,1A4050300038CFE000000250,Blue Razz Vape Cart,Vape Cart
Holistic Health Wayne Inc,AU-R-000303,Wayne,48184,1A4050300038CFE000000604,Blue Razz Vape Cart,Vape Cart
Holistic Health Wayne Inc,AU-R-000303,Wayne,48184,1A4050300038CFE000018349,Blue Razz Vape Cart,Vape Cart
Holistic Health Wayne Inc,AU-R-000303,Wayne,48184,1A4050300038CFE000018350,Blue Razz Vape Cart,Vape Cart
Holistic Health Wayne Inc,AU-R-000303,Wayne,48184,1A4050300038CFE000009190,Blueberry Pancake 1g vape,Vape Cart
Holistic Health Wayne Inc,AU-R-000303,Wayne,48184,1A4050300038CFE000013520,Blueberry Pancake 1g vape,Vape Cart
Holistic Health Wayne Inc,AU-R-000303,Wayne,48184,1A4050300038CFE000013526,Blueberry Pancake 1g vape,Vape Cart
Holistic Health Wayne Inc,AU-R-000303,Wayne,48184,1A4050300038CFE000018153,Blueberry Pancake 1g vape,Vape Cart
Holistic Health Wayne Inc,AU-R-000303,Wayne,48184,1A4050300038CFE000018156,Blueberry Pancake 1g vape,Vape Cart
Holistic Health Wayne Inc,AU-R-000303,Wayne,48184,1A4050300038CFE000000166,Cherry Pie Vape Cart,Vape Cart
Holistic Health Wayne Inc,AU-R-000303,Wayne,48184,1A4050300038CFE000000253,Cherry Pie Vape Cart,Vape Cart
Holistic Health Wayne Inc,AU-R-000303,Wayne,48184,1A4050300038CFE000000605,Cherry Pie Vape Cart,Vape Cart
Holistic Health Wayne Inc,AU-R-000303,Wayne,48184,1A4050300038CFE000010089,Cherry Pie Vape Cart,Vape Cart
Holistic Health Wayne Inc,AU-R-000303,Wayne,48184,1A4050300038CFE000000248,Fruity Pebbles Vape Cart,Vape Cart
Holistic Health Wayne Inc,AU-R-000303,Wayne,48184,1A4050300038CFE000000606,Fruity Pebbles Vape Cart,Vape Cart
Holistic Health Wayne Inc,AU-R-000303,Wayne,48184,1A4050300038CFE000013559,Fruity Pebbles Vape Cart,Vape Cart
Holistic Health Wayne Inc,AU-R-000303,Wayne,48184,1A4050300038CFE000013577,Fruity Pebbles Vape Cart,Vape Cart
Holistic Health Wayne Inc,AU-R-000303,Wayne,48184,1A4050300038CFE000019295,Fruity Pebbles Vape Cart,Vape Cart
Holistic Health Wayne Inc,AU-R-000303,Wayne,48184,1A4050300038CFE000019296,Fruity Pebbles Vape Cart,Vape Cart
Holistic Health Wayne Inc,AU-R-000303,Wayne,48184,1A4050300038CFE000014220,Grape Soda 1g Vape,Vape Cart
Holistic Health Wayne Inc,AU-R-000303,Wayne,48184,1A4050300038CFE000000167,Jungle Juice Vape Cart,Vape Cart
Holistic Health Wayne Inc,AU-R-000303,Wayne,48184,1A4050300038CFE000000252,Jungle Juice Vape Cart,Vape Cart
Holistic Health Wayne Inc,AU-R-000303,Wayne,48184,1A4050300038CFE000000607,Lemon Drop Vape Cart,Vape Cart
Holistic Health Wayne Inc,AU-R-000303,Wayne,48184,1A4050300038CFE000010087,Lemon Drop Vape Cart,Vape Cart
Holistic Health Wayne Inc,AU-R-000303,Wayne,48184,1A4050300038CFE000000168,OG Vape Cart,Vape Cart
Holistic Health Wayne Inc,AU-R-000303,Wayne,48184,1A4050300038CFE000000251,OG Vape Cart,Vape Cart
Holistic Health Wayne Inc,AU-R-000303,Wayne,48184,1A4050300038CFE000000609,OG Vape Cart,Vape Cart
Holistic Health Wayne Inc,AU-R-000303,Wayne,48184,1A4050300038CFE000013797,OG Vape Cart,Vape Cart
Holistic Health Wayne Inc,AU-R-000303,Wayne,48184,1A4050300038CFE000013806,OG Vape Cart,Vape Cart
Holistic Health Wayne Inc,AU-R-000303,Wayne,48184,1A4050300038CFE000019412,OG Vape Cart,Vape Cart
Holistic Health Wayne Inc,AU-R-000303,Wayne,48184,1A4050300038CFE000010054,Orange Soda Vape Cart,Vape Cart
Holistic Health Wayne Inc,AU-R-000303,Wayne,48184,1A4050300038CFE000010086,Orange Soda Vape Cart,Vape Cart
Holistic Health Wayne Inc,AU-R-000303,Wayne,48184,1A4050300038CFE000013594,Orange Soda Vape Cart,Vape Cart
Holistic Health Wayne Inc,AU-R-000303,Wayne,48184,1A4050300038CFE000013611,Orange Soda Vape Cart,Vape Cart
Holistic Health Wayne Inc,AU-R-000303,Wayne,48184,1A4050300038CFE000000171,Peaches and Cream Vape Cart,Vape Cart
Holistic Health Wayne Inc,AU-R-000303,Wayne,48184,1A4050300038CFE000000246,Peaches and Cream Vape Cart,Vape Cart
Holistic Health Wayne Inc,AU-R-000303,Wayne,48184,1A4050300038CFE000000247,Peaches and Cream Vape Cart,Vape Cart
Holistic Health Wayne Inc,AU-R-000303,Wayne,48184,1A4050300038CFE000000172,Pina Colada Vape Cart,Vape Cart
Holistic Health Wayne Inc,AU-R-000303,Wayne,48184,1A4050300038CFE000000611,Pina Colada Vape Cart,Vape Cart
Holistic Health Wayne Inc,AU-R-000303,Wayne,48184,1A4050300038CFE000007996,Pina Colada Vape Cart,Vape Cart
Holistic Health Wayne Inc,AU-R-000303,Wayne,48184,1A4050300038CFE000008009,Pina Colada Vape Cart,Vape Cart
Holistic Health Wayne Inc,AU-R-000303,Wayne,48184,1A4050300038CFE000008019,Pina Colada Vape Cart,Vape Cart
Holistic Health Wayne Inc,AU-R-000303,Wayne,48184,1A4050300038CFE000000177,Sour Apple Vape Cart,Vape Cart
Holistic Health Wayne Inc,AU-R-000303,Wayne,48184,1A4050300038CFE000000612,Sour Apple Vape Cart,Vape Cart
Holistic Health Wayne Inc,AU-R-000303,Wayne,48184,1A4050300038CFE000019413,Strawberry Cough 1g Vape,Vape Cart
Holistic Health Wayne Inc,AU-R-000303,Wayne,48184,1A4050300038CFE000014219,Strawberry Shortcake Vape Cart,Vape Cart
Holistic Health Wayne Inc,AU-R-000303,Wayne,48184,1A4050300038CFE000009191,Watermelon Freeze Vape Cart,Vape Cart
Holistic Health Wayne Inc,AU-R-000303,Wayne,48184,1A4050300038CFE000019360,Watermelon Freeze Vape Cart,Vape Cart
Holistic Industries,AU-P-000175,Madison Heights,48071,1A4050300039531000001032,OG 1g Infused Preroll,Infused Pre-Rolls
Holistic Industries,AU-P-000175,Madison Heights,48071,1A4050300039531000001034,Peach Mango 1g Infused Preroll,Infused Pre-Rolls
Holistic Industries,AU-P-000175,Madison Heights,48071,1A4050300039531000001837,Blue Dream 1g Disposable,Vape Cart
Holistic Industries,AU-P-000175,Madison Heights,48071,1A4050300039531000001830,Cherry Pie Box 5 PK Vape Cart,Vape Cart
Holistic Industries,AU-P-000175,Madison Heights,48071,1A4050300038CFE000016785,Lemon Drop Vape Cart,Vape Cart
Holistic Industries,AU-P-000175,Madison Heights,48071,1A4050300039531000001842,Lemon Drop Vape Cart,Vape Cart
Holistic Industries,AU-P-000175,Madison Heights,48071,1A4050300039531000001843,OG Vape Cart,Vape Cart
Holistic Industries,AU-P-000175,Madison Heights,48071,1A4050300038CFE000016897,Orange Soda Vape Cart,Vape Cart
Holistic Industries,AU-P-000175,Madison Heights,48071,1A4050300039531000001834,Orange Soda Vape Cart,Vape Cart
Holistic Industries,AU-P-000175,Madison Heights,48071,1A4050300038CFE000016137,Pineapple Express 1g Vape Cart,Vape Cart
Holistic Industries,AU-P-000175,Madison Heights,48071,1A4050300039531000001833,Pineapple Express 1g Vape Cart,Vape Cart
Holistic Industries,AU-P-000175,Madison Heights,48071,1A4050300039531000001831,Strawberry Cough Box 5 PK Vape Cart,Vape Cart
House of Dank - Lapeer,AU-R-000352,Lapeer,48446,1A4050300038CFE000021660,OG 1g Infused Preroll,Infused Pre-Rolls
House of Dank - Lapeer,AU-R-000352,Lapeer,48446,1A4050300038CFE000009279,Peach Mango 1g Infused Preroll,Infused Pre-Rolls
House of Dank - Lapeer,AU-R-000352,Lapeer,48446,1A4050300038CFE000009285,Watermelon 1g Infused Preroll,Infused Pre-Rolls
House of Dank - Lapeer,AU-R-000352,Lapeer,48446,1A4050300038CFE000021665,Watermelon 1g Infused Preroll,Infused Pre-Rolls
House of Dank - Lapeer,AU-R-000352,Lapeer,48446,1A4050300038CFE000009286,Waui 1g Infused Preroll,Infused Pre-Rolls
House of Dank - Lapeer,AU-R-000352,Lapeer,48446,1A4050300038CFE000021662,Waui 1g Infused Preroll,Infused Pre-Rolls
House of Dank - Lapeer,AU-R-000352,Lapeer,48446,1A4050300038CFE000017717,Banana Split Vape Cart,Vape Cart
House of Dank - Lapeer,AU-R-000352,Lapeer,48446,1A4050300038CFE000016397,Blue Razz 1g Disposable,Vape Cart
House of Dank - Lapeer,AU-R-000352,Lapeer,48446,1A4050300038CFE000016108,Blue Razz Vape Cart,Vape Cart
House of Dank - Lapeer,AU-R-000352,Lapeer,48446,1A4050300038CFE000017826,Blueberry Pancake 1g Disposable,Vape Cart
House of Dank - Lapeer,AU-R-000352,Lapeer,48446,1A4050300038CFE000017721,Blueberry Pancake 1g vape,Vape Cart
House of Dank - Lapeer,AU-R-000352,Lapeer,48446,1A4050300038CFE000015469,Bubble Gum 1g vape,Vape Cart
House of Dank - Lapeer,AU-R-000352,Lapeer,48446,1A4050300038CFE000016821,Cherry Pie 1g Disposable,Vape Cart
House of Dank - Lapeer,AU-R-000352,Lapeer,48446,1A4050300038CFE000017726,Cherry Pie Vape Cart,Vape Cart
House of Dank - Lapeer,AU-R-000352,Lapeer,48446,1A4050300038CFE000017735,Dirty Shirly 1g Vape,Vape Cart
House of Dank - Lapeer,AU-R-000352,Lapeer,48446,1A4050300038CFE000017201,Fruity Pebbles 1g Disposable,Vape Cart
House of Dank - Lapeer,AU-R-000352,Lapeer,48446,1A4050300038CFE000017743,Fruity Pebbles Vape Cart,Vape Cart
House of Dank - Lapeer,AU-R-000352,Lapeer,48446,1A4050300038CFE000020439,Fruity Pebbles Vape Cart,Vape Cart
House of Dank - Lapeer,AU-R-000352,Lapeer,48446,1A4050300038CFE000017744,Grape Soda 1g Vape,Vape Cart
House of Dank - Lapeer,AU-R-000352,Lapeer,48446,1A4050300038CFE000017750,Jungle Juice Vape Cart,Vape Cart
House of Dank - Lapeer,AU-R-000352,Lapeer,48446,1A4050300038CFE000017760,Lemon Cheese Cake Vape,Vape Cart
House of Dank - Lapeer,AU-R-000352,Lapeer,48446,1A4050300038CFE000017764,Lemon Drop Vape Cart,Vape Cart
House of Dank - Lapeer,AU-R-000352,Lapeer,48446,1A4050300038CFE000017263,OG Disposables,Vape Cart
House of Dank - Lapeer,AU-R-000352,Lapeer,48446,1A4050300038CFE000017769,OG Vape Cart,Vape Cart
House of Dank - Lapeer,AU-R-000352,Lapeer,48446,1A4050300038CFE000017779,Orange Soda Vape Cart,Vape Cart
House of Dank - Lapeer,AU-R-000352,Lapeer,48446,1A4050300038CFE000016848,Pina Colada Disposables,Vape Cart
House of Dank - Lapeer,AU-R-000352,Lapeer,48446,1A4050300038CFE000017791,Pina Colada Vape Cart,Vape Cart
House of Dank - Lapeer,AU-R-000352,Lapeer,48446,1A4050300038CFE000017795,Red Velvet 1g Vape,Vape Cart
House of Dank - Lapeer,AU-R-000352,Lapeer,48446,1A4050300038CFE000017800,Sour Apple Vape Cart,Vape Cart
House of Dank - Lapeer,AU-R-000352,Lapeer,48446,1A4050300038CFE000017806,Strawberry Cough 1g Vape,Vape Cart
House of Dank - Lapeer,AU-R-000352,Lapeer,48446,1A4050300038CFE000016374,Strawberry Shortcake 1g Disposable,Vape Cart
House of Dank - Lapeer,AU-R-000352,Lapeer,48446,1A4050300038CFE000017815,Strawberry Shortcake Vape Cart,Vape Cart
House of Dank - Lapeer,AU-R-000352,Lapeer,48446,1A4050300038CFE000020471,Strawberry Shortcake Vape Cart,Vape Cart
House of Dank - Lapeer,AU-R-000352,Lapeer,48446,1A4050300038CFE000021098,Strawberry Shortcake Vape Cart,Vape Cart
House of Dank - Lapeer,AU-R-000352,Lapeer,48446,1A4050300038CFE000017834,Watermelon Freeze Disposables,Vape Cart
House of Dank - Lapeer,AU-R-000352,Lapeer,48446,1A4050300038CFE000017818,Watermelon Freeze Vape Cart,Vape Cart
House of Dank - Saginaw,AU-R-000591,Saginaw,48601,1A4050300038CFE000021552,OG 1g Infused Preroll,Infused Pre-Rolls
House of Dank - Saginaw,AU-R-000591,Saginaw,48601,1A4050300038CFE000021553,Skywalker 1g Infused Preroll,Infused Pre-Rolls
House of Dank - Saginaw,AU-R-000591,Saginaw,48601,1A4050300038CFE000021554,Waui 1g Infused Preroll,Infused Pre-Rolls
House of Dank - Saginaw,AU-R-000591,Saginaw,48601,1A4050300038CFE000020421,Apple Burst 1g Vape,Vape Cart
House of Dank - Saginaw,AU-R-000591,Saginaw,48601,1A4050300038CFE000017714,Banana Split Vape Cart,Vape Cart
House of Dank - Saginaw,AU-R-000591,Saginaw,48601,1A4050300038CFE000016391,Blue Razz 1g Disposable,Vape Cart
House of Dank - Saginaw,AU-R-000591,Saginaw,48601,1A4050300038CFE000016107,Blue Razz Vape Cart,Vape Cart
House of Dank - Saginaw,AU-R-000591,Saginaw,48601,1A4050300038CFE000017823,Blueberry Pancake 1g Disposable,Vape Cart
House of Dank - Saginaw,AU-R-000591,Saginaw,48601,1A4050300038CFE000017720,Blueberry Pancake 1g vape,Vape Cart
House of Dank - Saginaw,AU-R-000591,Saginaw,48601,1A4050300038CFE000015467,Bubble Gum 1g vape,Vape Cart
House of Dank - Saginaw,AU-R-000591,Saginaw,48601,1A4050300038CFE000016816,Cherry Pie 1g Disposable,Vape Cart
House of Dank - Saginaw,AU-R-000591,Saginaw,48601,1A4050300038CFE000017730,Cherry Pie Vape Cart,Vape Cart
House of Dank - Saginaw,AU-R-000591,Saginaw,48601,1A4050300038CFE000017734,Dirty Shirly 1g Vape,Vape Cart
House of Dank - Saginaw,AU-R-000591,Saginaw,48601,1A4050300038CFE000017198,Fruity Pebbles 1g Disposable,Vape Cart
House of Dank - Saginaw,AU-R-000591,Saginaw,48601,1A4050300038CFE000017740,Fruity Pebbles Vape Cart,Vape Cart
House of Dank - Saginaw,AU-R-000591,Saginaw,48601,1A4050300038CFE000020442,Fruity Pebbles Vape Cart,Vape Cart
House of Dank - Saginaw,AU-R-000591,Saginaw,48601,1A4050300038CFE000017746,Grape Soda 1g Vape,Vape Cart
House of Dank - Saginaw,AU-R-000591,Saginaw,48601,1A4050300038CFE000016023,Jungle Juice 1g Disposable,Vape Cart
House of Dank - Saginaw,AU-R-000591,Saginaw,48601,1A4050300038CFE000017755,Jungle Juice Vape Cart,Vape Cart
House of Dank - Saginaw,AU-R-000591,Saginaw,48601,1A4050300038CFE000017758,Lemon Cheese Cake Vape,Vape Cart
House of Dank - Saginaw,AU-R-000591,Saginaw,48601,1A4050300038CFE000017766,Lemon Drop Vape Cart,Vape Cart
House of Dank - Saginaw,AU-R-000591,Saginaw,48601,1A4050300038CFE000017248,OG Disposables,Vape Cart
House of Dank - Saginaw,AU-R-000591,Saginaw,48601,1A4050300038CFE000017771,OG Vape Cart,Vape Cart
House of Dank - Saginaw,AU-R-000591,Saginaw,48601,1A4050300038CFE000017774,Orange Soda Vape Cart,Vape Cart
House of Dank - Saginaw,AU-R-000591,Saginaw,48601,1A4050300038CFE000016847,Pina Colada Disposables,Vape Cart
House of Dank - Saginaw,AU-R-000591,Saginaw,48601,1A4050300038CFE000017787,Pina Colada Vape Cart,Vape Cart
House of Dank - Saginaw,AU-R-000591,Saginaw,48601,1A4050300038CFE000017797,Red Velvet 1g Vape,Vape Cart
House of Dank - Saginaw,AU-R-000591,Saginaw,48601,1A4050300038CFE000017801,Sour Apple Vape Cart,Vape Cart
House of Dank - Saginaw,AU-R-000591,Saginaw,48601,1A4050300038CFE000017807,Strawberry Cough 1g Vape,Vape Cart
House of Dank - Saginaw,AU-R-000591,Saginaw,48601,1A4050300038CFE000016361,Strawberry Shortcake 1g Disposable,Vape Cart
House of Dank - Saginaw,AU-R-000591,Saginaw,48601,1A4050300038CFE000017812,Strawberry Shortcake Vape Cart,Vape Cart
House of Dank - Saginaw,AU-R-000591,Saginaw,48601,1A4050300038CFE000020443,Strawberry Shortcake Vape Cart,Vape Cart
House of Dank - Saginaw,AU-R-000591,Saginaw,48601,1A4050300038CFE000017830,Watermelon Freeze Disposables,Vape Cart
House of Dank - Saginaw,AU-R-000591,Saginaw,48601,1A4050300038CFE000017821,Watermelon Freeze Vape Cart,Vape Cart
House of Dank 2,AU-R-000895,Detroit,48217,1A4050300038CFE000021557,OG 1g Infused Preroll,Infused Pre-Rolls
House of Dank 2,AU-R-000895,Detroit,48217,1A4050300038CFE000009250,Peach Mango 1g Infused Preroll,Infused Pre-Rolls
House of Dank 2,AU-R-000895,Detroit,48217,1A4050300038CFE000021659,Pineapple 1g Infused Preroll,Infused Pre-Rolls
House of Dank 2,AU-R-000895,Detroit,48217,1A4050300038CFE000009260,Skywalker 1g Infused Preroll,Infused Pre-Rolls
House of Dank 2,AU-R-000895,Detroit,48217,1A4050300038CFE000021661,Skywalker 1g Infused Preroll,Infused Pre-Rolls
House of Dank 2,AU-R-000895,Detroit,48217,1A4050300038CFE000009265,Watermelon 1g Infused Preroll,Infused Pre-Rolls
House of Dank 2,AU-R-000895,Detroit,48217,1A4050300038CFE000009269,Watermelon 1g Infused Preroll,Infused Pre-Rolls
House of Dank 2,AU-R-000895,Detroit,48217,1A4050300038CFE000009275,Watermelon 1g Infused Preroll,Infused Pre-Rolls
House of Dank 2,AU-R-000895,Detroit,48217,1A4050300038CFE000009262,Waui 1g Infused Preroll,Infused Pre-Rolls
House of Dank 2,AU-R-000895,Detroit,48217,1A4050300038CFE000009268,Waui 1g Infused Preroll,Infused Pre-Rolls
House of Dank 2,AU-R-000895,Detroit,48217,1A4050300038CFE000021558,Waui 1g Infused Preroll,Infused Pre-Rolls
House of Dank 2,AU-R-000895,Detroit,48217,1A40503000387E9000004336,Apple Burst 1g Vape,Vape Cart
House of Dank 2,AU-R-000895,Detroit,48217,1A4050300038CFE000020420,Apple Burst 1g Vape,Vape Cart
House of Dank 2,AU-R-000895,Detroit,48217,1A4050300038CFE000020422,Apple Burst 1g Vape,Vape Cart
House of Dank 2,AU-R-000895,Detroit,48217,1A4050300038CFE000017715,Banana Split Vape Cart,Vape Cart
House of Dank 2,AU-R-000895,Detroit,48217,1A4050300038CFE000016396,Blue Razz 1g Disposable,Vape Cart
House of Dank 2,AU-R-000895,Detroit,48217,1A4050300038CFE000020459,Blue Razz 1g Disposable,Vape Cart
House of Dank 2,AU-R-000895,Detroit,48217,1A4050300038CFE000016111,Blue Razz Vape Cart,Vape Cart
House of Dank 2,AU-R-000895,Detroit,48217,1A4050300038CFE000017824,Blueberry Pancake 1g Disposable,Vape Cart
House of Dank 2,AU-R-000895,Detroit,48217,1A4050300038CFE000017722,Blueberry Pancake 1g vape,Vape Cart
House of Dank 2,AU-R-000895,Detroit,48217,1A4050300038CFE000015468,Bubble Gum 1g vape,Vape Cart
House of Dank 2,AU-R-000895,Detroit,48217,1A4050300038CFE000016811,Cherry Pie 1g Disposable,Vape Cart
House of Dank 2,AU-R-000895,Detroit,48217,1A4050300038CFE000017729,Cherry Pie Vape Cart,Vape Cart
House of Dank 2,AU-R-000895,Detroit,48217,1A4050300038CFE000017736,Dirty Shirly 1g Vape,Vape Cart
House of Dank 2,AU-R-000895,Detroit,48217,1A4050300038CFE000017196,Fruity Pebbles 1g Disposable,Vape Cart
House of Dank 2,AU-R-000895,Detroit,48217,1A40503000387E9000004340,Fruity Pebbles Vape Cart,Vape Cart
House of Dank 2,AU-R-000895,Detroit,48217,1A4050300038CFE000017738,Fruity Pebbles Vape Cart,Vape Cart
House of Dank 2,AU-R-000895,Detroit,48217,1A4050300038CFE000020418,Fruity Pebbles Vape Cart,Vape Cart
House of Dank 2,AU-R-000895,Detroit,48217,1A4050300038CFE000020440,Fruity Pebbles Vape Cart,Vape Cart
House of Dank 2,AU-R-000895,Detroit,48217,1A4050300038CFE000017749,Grape Soda 1g Vape,Vape Cart
House of Dank 2,AU-R-000895,Detroit,48217,1A4050300038CFE000016009,Jungle Juice 1g Disposable,Vape Cart
House of Dank 2,AU-R-000895,Detroit,48217,1A4050300038CFE000020464,Jungle Juice 1g Disposable,Vape Cart
House of Dank 2,AU-R-000895,Detroit,48217,1A4050300038CFE000017751,Jungle Juice Vape Cart,Vape Cart
House of Dank 2,AU-R-000895,Detroit,48217,1A4050300038CFE000017756,Lemon Cheese Cake Vape,Vape Cart
House of Dank 2,AU-R-000895,Detroit,48217,1A4050300038CFE000017765,Lemon Drop Vape Cart,Vape Cart
House of Dank 2,AU-R-000895,Detroit,48217,1A4050300038CFE000017250,OG Disposables,Vape Cart
House of Dank 2,AU-R-000895,Detroit,48217,1A4050300038CFE000017254,OG Disposables,Vape Cart
House of Dank 2,AU-R-000895,Detroit,48217,1A4050300038CFE000017773,OG Vape Cart,Vape Cart
House of Dank 2,AU-R-000895,Detroit,48217,1A4050300038CFE000017775,Orange Soda Vape Cart,Vape Cart
House of Dank 2,AU-R-000895,Detroit,48217,1A4050300038CFE000016845,Pina Colada Disposables,Vape Cart
House of Dank 2,AU-R-000895,Detroit,48217,1A4050300038CFE000017789,Pina Colada Vape Cart,Vape Cart
House of Dank 2,AU-R-000895,Detroit,48217,1A4050300038CFE000017794,Red Velvet 1g Vape,Vape Cart
House of Dank 2,AU-R-000895,Detroit,48217,1A4050300038CFE000017803,Sour Apple Vape Cart,Vape Cart
House of Dank 2,AU-R-000895,Detroit,48217,1A4050300038CFE000017808,Strawberry Cough 1g Vape,Vape Cart
House of Dank 2,AU-R-000895,Detroit,48217,1A4050300038CFE000016373,Strawberry Shortcake 1g Disposable,Vape Cart
House of Dank 2,AU-R-000895,Detroit,48217,1A4050300038CFE000020465,Strawberry Shortcake 1g Disposable,Vape Cart
House of Dank 2,AU-R-000895,Detroit,48217,1A40503000387E9000004647,Strawberry Shortcake Vape Cart,Vape Cart
House of Dank 2,AU-R-000895,Detroit,48217,1A4050300038CFE000017811,Strawberry Shortcake Vape Cart,Vape Cart
House of Dank 2,AU-R-000895,Detroit,48217,1A4050300038CFE000020444,Strawberry Shortcake Vape Cart,Vape Cart
House of Dank 2,AU-R-000895,Detroit,48217,1A4050300038CFE000021095,Strawberry Shortcake Vape Cart,Vape Cart
House of Dank 2,AU-R-000895,Detroit,48217,1A4050300038CFE000021124,Strawberry Shortcake Vape Cart,Vape Cart
House of Dank 2,AU-R-000895,Detroit,48217,1A4050300038CFE000017833,Watermelon Freeze Disposables,Vape Cart
House of Dank 2,AU-R-000895,Detroit,48217,1A4050300038CFE000020466,Watermelon Freeze Disposables,Vape Cart
House of Dank 2,AU-R-000895,Detroit,48217,1A4050300038CFE000017820,Watermelon Freeze Vape Cart,Vape Cart
House of Dank Center Line,AU-R-000391,Center Line,48015,1A4050300038CFE000013051,OG 1g Infused Preroll,Infused Pre-Rolls
House of Dank Center Line,AU-R-000391,Center Line,48015,1A4050300038CFE000021655,OG 1g Infused Preroll,Infused Pre-Rolls
House of Dank Center Line,AU-R-000391,Center Line,48015,1A4050300038CFE000009200,Peach Mango 1g Infused Preroll,Infused Pre-Rolls
House of Dank Center Line,AU-R-000391,Center Line,48015,1A4050300038CFE000013049,Peach Mango 1g Infused Preroll,Infused Pre-Rolls
House of Dank Center Line,AU-R-000391,Center Line,48015,1A4050300038CFE000013050,Pineapple 1g Infused Preroll,Infused Pre-Rolls
House of Dank Center Line,AU-R-000391,Center Line,48015,1A4050300038CFE000021654,Pineapple 1g Infused Preroll,Infused Pre-Rolls
House of Dank Center Line,AU-R-000391,Center Line,48015,1A4050300038CFE000009201,Skywalker 1g Infused Preroll,Infused Pre-Rolls
House of Dank Center Line,AU-R-000391,Center Line,48015,1A4050300038CFE000009221,Skywalker 1g Infused Preroll,Infused Pre-Rolls
House of Dank Center Line,AU-R-000391,Center Line,48015,1A4050300038CFE000013052,Skywalker 1g Infused Preroll,Infused Pre-Rolls
House of Dank Center Line,AU-R-000391,Center Line,48015,1A4050300038CFE000021656,Skywalker 1g Infused Preroll,Infused Pre-Rolls
House of Dank Center Line,AU-R-000391,Center Line,48015,1A4050300038CFE000013053,Strawberry 1g Infused Preroll,Infused Pre-Rolls
House of Dank Center Line,AU-R-000391,Center Line,48015,1A4050300038CFE000013054,Watermelon 1g Infused Preroll,Infused Pre-Rolls
House of Dank Center Line,AU-R-000391,Center Line,48015,1A4050300038CFE000009208,Waui 1g Infused Preroll,Infused Pre-Rolls
House of Dank Center Line,AU-R-000391,Center Line,48015,1A4050300038CFE000009219,Waui 1g Infused Preroll,Infused Pre-Rolls
House of Dank Center Line,AU-R-000391,Center Line,48015,1A4050300038CFE000013055,Waui 1g Infused Preroll,Infused Pre-Rolls
House of Dank Center Line,AU-R-000391,Center Line,48015,1A4050300038CFE000021657,Waui 1g Infused Preroll,Infused Pre-Rolls
House of Dank Center Line,AU-R-000391,Center Line,48015,1A4050300038CFE000009321,Banana Split Vape Cart,Vape Cart
House of Dank Center Line,AU-R-000391,Center Line,48015,1A40503000181F1000013127,Blue Razz Vape Cart,Vape Cart
House of Dank Center Line,AU-R-000391,Center Line,48015,1A4050300038CFE000014477,Blue Razz Vape Cart,Vape Cart
House of Dank Center Line,AU-R-000391,Center Line,48015,1A4050300038CFE000018328,Blue Razz Vape Cart,Vape Cart
House of Dank Center Line,AU-R-000391,Center Line,48015,1A4050300038CFE000018330,Blue Razz Vape Cart,Vape Cart
House of Dank Center Line,AU-R-000391,Center Line,48015,1A4050300038CFE000018331,Blue Razz Vape Cart,Vape Cart
House of Dank Center Line,AU-R-000391,Center Line,48015,1A4050300038CFE000018332,Blue Razz Vape Cart,Vape Cart
House of Dank Center Line,AU-R-000391,Center Line,48015,1A40503000181F1000010979,Blueberry Pancake 1g vape,Vape Cart
House of Dank Center Line,AU-R-000391,Center Line,48015,1A40503000181F1000013123,Blueberry Pancake 1g vape,Vape Cart
House of Dank Center Line,AU-R-000391,Center Line,48015,1A4050300038CFE000009326,Blueberry Pancake 1g vape,Vape Cart
House of Dank Center Line,AU-R-000391,Center Line,48015,1A4050300038CFE000013504,Blueberry Pancake 1g vape,Vape Cart
House of Dank Center Line,AU-R-000391,Center Line,48015,1A4050300038CFE000013508,Blueberry Pancake 1g vape,Vape Cart
House of Dank Center Line,AU-R-000391,Center Line,48015,1A4050300038CFE000013517,Blueberry Pancake 1g vape,Vape Cart
House of Dank Center Line,AU-R-000391,Center Line,48015,1A4050300038CFE000013529,Blueberry Pancake 1g vape,Vape Cart
House of Dank Center Line,AU-R-000391,Center Line,48015,1A4050300038CFE000014473,Blueberry Pancake 1g vape,Vape Cart
House of Dank Center Line,AU-R-000391,Center Line,48015,1A4050300038CFE000018115,Blueberry Pancake 1g vape,Vape Cart
House of Dank Center Line,AU-R-000391,Center Line,48015,1A4050300038CFE000018116,Blueberry Pancake 1g vape,Vape Cart
House of Dank Center Line,AU-R-000391,Center Line,48015,1A4050300038CFE000018117,Blueberry Pancake 1g vape,Vape Cart
House of Dank Center Line,AU-R-000391,Center Line,48015,1A4050300038CFE000018125,Blueberry Pancake 1g vape,Vape Cart
House of Dank Center Line,AU-R-000391,Center Line,48015,1A4050300038CFE000018662,Bubble Gum 1g vape,Vape Cart
House of Dank Center Line,AU-R-000391,Center Line,48015,1A4050300038CFE000018663,Cherry Pie Vape Cart,Vape Cart
House of Dank Center Line,AU-R-000391,Center Line,48015,1A4050300038CFE000014480,Fruity Pebbles Vape Cart,Vape Cart
House of Dank Center Line,AU-R-000391,Center Line,48015,1A4050300038CFE000020452,Fruity Pebbles Vape Cart,Vape Cart
House of Dank Center Line,AU-R-000391,Center Line,48015,1A4050300038CFE000014475,Grape Soda 1g Vape,Vape Cart
House of Dank Center Line,AU-R-000391,Center Line,48015,1A4050300038CFE000018665,Grape Soda 1g Vape,Vape Cart
House of Dank Center Line,AU-R-000391,Center Line,48015,1A4050300038CFE000009333,Jungle Juice 1g Disposable,Vape Cart
House of Dank Center Line,AU-R-000391,Center Line,48015,1A40503000181F1000010980,Jungle Juice Vape Cart,Vape Cart
House of Dank Center Line,AU-R-000391,Center Line,48015,1A4050300038CFE000014410,Jungle Juice Vape Cart,Vape Cart
House of Dank Center Line,AU-R-000391,Center Line,48015,1A4050300038CFE000014411,Jungle Juice Vape Cart,Vape Cart
House of Dank Center Line,AU-R-000391,Center Line,48015,1A4050300038CFE000014412,Jungle Juice Vape Cart,Vape Cart
House of Dank Center Line,AU-R-000391,Center Line,48015,1A4050300038CFE000014413,Jungle Juice Vape Cart,Vape Cart
House of Dank Center Line,AU-R-000391,Center Line,48015,1A4050300038CFE000014414,Jungle Juice Vape Cart,Vape Cart
House of Dank Center Line,AU-R-000391,Center Line,48015,1A4050300038CFE000014416,Jungle Juice Vape Cart,Vape Cart
House of Dank Center Line,AU-R-000391,Center Line,48015,1A4050300038CFE000014417,Jungle Juice Vape Cart,Vape Cart
House of Dank Center Line,AU-R-000391,Center Line,48015,1A4050300038CFE000014419,Jungle Juice Vape Cart,Vape Cart
House of Dank Center Line,AU-R-000391,Center Line,48015,1A4050300038CFE000014420,Jungle Juice Vape Cart,Vape Cart
House of Dank Center Line,AU-R-000391,Center Line,48015,1A4050300038CFE000014422,Jungle Juice Vape Cart,Vape Cart
House of Dank Center Line,AU-R-000391,Center Line,48015,1A4050300038CFE000014423,Jungle Juice Vape Cart,Vape Cart
House of Dank Center Line,AU-R-000391,Center Line,48015,1A4050300038CFE000014424,Jungle Juice Vape Cart,Vape Cart
House of Dank Center Line,AU-R-000391,Center Line,48015,1A4050300038CFE000014425,Jungle Juice Vape Cart,Vape Cart
House of Dank Center Line,AU-R-000391,Center Line,48015,1A4050300038CFE000014426,Jungle Juice Vape Cart,Vape Cart
House of Dank Center Line,AU-R-000391,Center Line,48015,1A4050300038CFE000014427,Jungle Juice Vape Cart,Vape Cart
House of Dank Center Line,AU-R-000391,Center Line,48015,1A4050300038CFE000009335,Lemon Cheese Cake Disposable,Vape Cart
House of Dank Center Line,AU-R-000391,Center Line,48015,1A4050300038CFE000018666,Lemon Cheese Cake Vape,Vape Cart
House of Dank Center Line,AU-R-000391,Center Line,48015,1A4050300038CFE000014482,Lemon Drop Vape Cart,Vape Cart
House of Dank Center Line,AU-R-000391,Center Line,48015,1A4050300038CFE000014476,Lemon Pie Vape Cart,Vape Cart
House of Dank Center Line,AU-R-000391,Center Line,48015,1A4050300038CFE000018667,OG Vape Cart,Vape Cart
House of Dank Center Line,AU-R-000391,Center Line,48015,1A4050300038CFE000009324,Pina Colada Vape Cart,Vape Cart
House of Dank Center Line,AU-R-000391,Center Line,48015,1A40503000181F1000013122,Pineapple Express 1g Vape Cart,Vape Cart
House of Dank Center Line,AU-R-000391,Center Line,48015,1A4050300038CFE000018097,Pineapple Express 1g Vape Cart,Vape Cart
House of Dank Center Line,AU-R-000391,Center Line,48015,1A4050300038CFE000018099,Pineapple Express 1g Vape Cart,Vape Cart
House of Dank Center Line,AU-R-000391,Center Line,48015,1A4050300038CFE000018102,Pineapple Express 1g Vape Cart,Vape Cart
House of Dank Center Line,AU-R-000391,Center Line,48015,1A4050300038CFE000018104,Pineapple Express 1g Vape Cart,Vape Cart
House of Dank Center Line,AU-R-000391,Center Line,48015,1A4050300038CFE000014479,Red Velvet 1g Vape,Vape Cart
House of Dank Center Line,AU-R-000391,Center Line,48015,1A4050300038CFE000009336,Sour Apple 1g Disposable,Vape Cart
House of Dank Center Line,AU-R-000391,Center Line,48015,1A4050300038CFE000009327,Sour Apple Vape Cart,Vape Cart
House of Dank Center Line,AU-R-000391,Center Line,48015,1A4050300038CFE000014474,Sour Apple Vape Cart,Vape Cart
House of Dank Center Line,AU-R-000391,Center Line,48015,1A4050300038CFE000014481,Strawberry Cough 1g Vape,Vape Cart
House of Dank Center Line,AU-R-000391,Center Line,48015,1A4050300038CFE000018669,Strawberry Cough 1g Vape,Vape Cart
House of Dank Center Line,AU-R-000391,Center Line,48015,1A4050300038CFE000018670,Strawberry Shortcake Vape Cart,Vape Cart
House of Dank Center Line,AU-R-000391,Center Line,48015,1A4050300038CFE000020458,Strawberry Shortcake Vape Cart,Vape Cart
House of Dank Center Line,AU-R-000391,Center Line,48015,1A40503000181F1000011523,Watermelon Freeze Vape Cart,Vape Cart
House of Dank Center Line,AU-R-000391,Center Line,48015,1A40503000181F1000013125,Watermelon Freeze Vape Cart,Vape Cart
House of Dank Center Line,AU-R-000391,Center Line,48015,1A4050300038CFE000009322,Watermelon Freeze Vape Cart,Vape Cart
House of Dank Center Line,AU-R-000391,Center Line,48015,1A4050300038CFE000013419,Watermelon Freeze Vape Cart,Vape Cart
House of Dank Center Line,AU-R-000391,Center Line,48015,1A4050300038CFE000013420,Watermelon Freeze Vape Cart,Vape Cart
House of Dank Center Line,AU-R-000391,Center Line,48015,1A4050300038CFE000018272,Watermelon Freeze Vape Cart,Vape Cart
House of Dank Center Line,AU-R-000391,Center Line,48015,1A4050300038CFE000018273,Watermelon Freeze Vape Cart,Vape Cart
House of Dank Center Line,AU-R-000391,Center Line,48015,1A4050300038CFE000018281,Watermelon Freeze Vape Cart,Vape Cart
House of Dank Center Line,AU-R-000391,Center Line,48015,1A4050300038CFE000018283,Watermelon Freeze Vape Cart,Vape Cart
House of Dank Grand Rapids,AU-R-000831,Grand Rapids,49546,1A4050300038CFE000021647,Blue Raspberry 1g Infused Preroll,Infused Pre-Rolls
House of Dank Grand Rapids,AU-R-000831,Grand Rapids,49546,1A4050300038CFE000021649,OG 1g Infused Preroll,Infused Pre-Rolls
House of Dank Grand Rapids,AU-R-000831,Grand Rapids,49546,1A4050300038CFE000021650,Skywalker 1g Infused Preroll,Infused Pre-Rolls
House of Dank Grand Rapids,AU-R-000831,Grand Rapids,49546,1A4050300038CFE000021651,Watermelon 1g Infused Preroll,Infused Pre-Rolls
House of Dank Grand Rapids,AU-R-000831,Grand Rapids,49546,1A4050300038CFE000021652,Waui 1g Infused Preroll,Infused Pre-Rolls
House of Dank Grand Rapids,AU-R-000831,Grand Rapids,49546,1A4050300038CFE000019218,Apple Burst 1g Vape,Vape Cart
House of Dank Grand Rapids,AU-R-000831,Grand Rapids,49546,1A4050300038CFE000017716,Banana Split Vape Cart,Vape Cart
House of Dank Grand Rapids,AU-R-000831,Grand Rapids,49546,1A4050300038CFE000016394,Blue Razz 1g Disposable,Vape Cart
House of Dank Grand Rapids,AU-R-000831,Grand Rapids,49546,1A4050300038CFE000016114,Blue Razz Vape Cart,Vape Cart
House of Dank Grand Rapids,AU-R-000831,Grand Rapids,49546,1A4050300038CFE000017822,Blueberry Pancake 1g Disposable,Vape Cart
House of Dank Grand Rapids,AU-R-000831,Grand Rapids,49546,1A4050300038CFE000017723,Blueberry Pancake 1g vape,Vape Cart
House of Dank Grand Rapids,AU-R-000831,Grand Rapids,49546,1A4050300038CFE000015464,Bubble Gum 1g vape,Vape Cart
House of Dank Grand Rapids,AU-R-000831,Grand Rapids,49546,1A4050300038CFE000016820,Cherry Pie 1g Disposable,Vape Cart
House of Dank Grand Rapids,AU-R-000831,Grand Rapids,49546,1A4050300038CFE000017727,Cherry Pie Vape Cart,Vape Cart
House of Dank Grand Rapids,AU-R-000831,Grand Rapids,49546,1A4050300038CFE000017732,Dirty Shirly 1g Vape,Vape Cart
House of Dank Grand Rapids,AU-R-000831,Grand Rapids,49546,1A4050300038CFE000017200,Fruity Pebbles 1g Disposable,Vape Cart
House of Dank Grand Rapids,AU-R-000831,Grand Rapids,49546,1A4050300038CFE000017741,Fruity Pebbles Vape Cart,Vape Cart
House of Dank Grand Rapids,AU-R-000831,Grand Rapids,49546,1A4050300038CFE000020515,Fruity Pebbles Vape Cart,Vape Cart
House of Dank Grand Rapids,AU-R-000831,Grand Rapids,49546,1A4050300038CFE000017747,Grape Soda 1g Vape,Vape Cart
House of Dank Grand Rapids,AU-R-000831,Grand Rapids,49546,1A4050300038CFE000017753,Jungle Juice Vape Cart,Vape Cart
House of Dank Grand Rapids,AU-R-000831,Grand Rapids,49546,1A4050300038CFE000017761,Lemon Cheese Cake Vape,Vape Cart
House of Dank Grand Rapids,AU-R-000831,Grand Rapids,49546,1A4050300038CFE000017763,Lemon Drop Vape Cart,Vape Cart
House of Dank Grand Rapids,AU-R-000831,Grand Rapids,49546,1A4050300038CFE000014502,Lemon Pie Vape Cart,Vape Cart
House of Dank Grand Rapids,AU-R-000831,Grand Rapids,49546,1A4050300038CFE000017268,OG Disposables,Vape Cart
House of Dank Grand Rapids,AU-R-000831,Grand Rapids,49546,1A4050300038CFE000017770,OG Vape Cart,Vape Cart
House of Dank Grand Rapids,AU-R-000831,Grand Rapids,49546,1A4050300038CFE000017778,Orange Soda Vape Cart,Vape Cart
House of Dank Grand Rapids,AU-R-000831,Grand Rapids,49546,1A4050300038CFE000016844,Pina Colada Disposables,Vape Cart
House of Dank Grand Rapids,AU-R-000831,Grand Rapids,49546,1A4050300038CFE000017786,Pina Colada Vape Cart,Vape Cart
House of Dank Grand Rapids,AU-R-000831,Grand Rapids,49546,1A4050300038CFE000017796,Red Velvet 1g Vape,Vape Cart
House of Dank Grand Rapids,AU-R-000831,Grand Rapids,49546,1A4050300038CFE000017802,Sour Apple Vape Cart,Vape Cart
House of Dank Grand Rapids,AU-R-000831,Grand Rapids,49546,1A4050300038CFE000017804,Strawberry Cough 1g Vape,Vape Cart
House of Dank Grand Rapids,AU-R-000831,Grand Rapids,49546,1A4050300038CFE000016358,Strawberry Shortcake 1g Disposable,Vape Cart
House of Dank Grand Rapids,AU-R-000831,Grand Rapids,49546,1A4050300038CFE000017814,Strawberry Shortcake Vape Cart,Vape Cart
House of Dank Grand Rapids,AU-R-000831,Grand Rapids,49546,1A4050300038CFE000020531,Strawberry Shortcake Vape Cart,Vape Cart
House of Dank Grand Rapids,AU-R-000831,Grand Rapids,49546,1A4050300038CFE000021086,Strawberry Shortcake Vape Cart,Vape Cart
House of Dank Grand Rapids,AU-R-000831,Grand Rapids,49546,1A4050300038CFE000017832,Watermelon Freeze Disposables,Vape Cart
House of Dank Grand Rapids,AU-R-000831,Grand Rapids,49546,1A4050300038CFE000017816,Watermelon Freeze Vape Cart,Vape Cart
"House of Dank Michigan, LLC",AU-R-000894,Detroit,48234,1A4050300038CFE000021572,OG 1g Infused Preroll,Infused Pre-Rolls
"House of Dank Michigan, LLC",AU-R-000894,Detroit,48234,1A4050300038CFE000009237,Peach Mango 1g Infused Preroll,Infused Pre-Rolls
"House of Dank Michigan, LLC",AU-R-000894,Detroit,48234,1A4050300038CFE000009240,Skywalker 1g Infused Preroll,Infused Pre-Rolls
"House of Dank Michigan, LLC",AU-R-000894,Detroit,48234,1A4050300038CFE000009246,Skywalker 1g Infused Preroll,Infused Pre-Rolls
"House of Dank Michigan, LLC",AU-R-000894,Detroit,48234,1A4050300038CFE000021573,Skywalker 1g Infused Preroll,Infused Pre-Rolls
"House of Dank Michigan, LLC",AU-R-000894,Detroit,48234,1A4050300038CFE000009227,Waui 1g Infused Preroll,Infused Pre-Rolls
"House of Dank Michigan, LLC",AU-R-000894,Detroit,48234,1A4050300038CFE000021574,Waui 1g Infused Preroll,Infused Pre-Rolls
"House of Dank Michigan, LLC",AU-R-000894,Detroit,48234,1A4050300038CFE000020423,Apple Burst 1g Vape,Vape Cart
"House of Dank Michigan, LLC",AU-R-000894,Detroit,48234,1A4050300038CFE000009306,Banana Split Vape Cart,Vape Cart
"House of Dank Michigan, LLC",AU-R-000894,Detroit,48234,1A4050300038CFE000017718,Banana Split Vape Cart,Vape Cart
"House of Dank Michigan, LLC",AU-R-000894,Detroit,48234,1A4050300038CFE000016395,Blue Razz 1g Disposable,Vape Cart
"House of Dank Michigan, LLC",AU-R-000894,Detroit,48234,1A4050300038CFE000016113,Blue Razz Vape Cart,Vape Cart
"House of Dank Michigan, LLC",AU-R-000894,Detroit,48234,1A4050300038CFE000017825,Blueberry Pancake 1g Disposable,Vape Cart
"House of Dank Michigan, LLC",AU-R-000894,Detroit,48234,1A4050300038CFE000009308,Blueberry Pancake 1g vape,Vape Cart
"House of Dank Michigan, LLC",AU-R-000894,Detroit,48234,1A4050300038CFE000017725,Blueberry Pancake 1g vape,Vape Cart
"House of Dank Michigan, LLC",AU-R-000894,Detroit,48234,1A4050300038CFE000015465,Bubble Gum 1g vape,Vape Cart
"House of Dank Michigan, LLC",AU-R-000894,Detroit,48234,1A4050300038CFE000016819,Cherry Pie 1g Disposable,Vape Cart
"House of Dank Michigan, LLC",AU-R-000894,Detroit,48234,1A4050300038CFE000017728,Cherry Pie Vape Cart,Vape Cart
"House of Dank Michigan, LLC",AU-R-000894,Detroit,48234,1A4050300038CFE000017737,Dirty Shirly 1g Vape,Vape Cart
"House of Dank Michigan, LLC",AU-R-000894,Detroit,48234,1A4050300038CFE000017197,Fruity Pebbles 1g Disposable,Vape Cart
"House of Dank Michigan, LLC",AU-R-000894,Detroit,48234,1A4050300038CFE000017742,Fruity Pebbles Vape Cart,Vape Cart
"House of Dank Michigan, LLC",AU-R-000894,Detroit,48234,1A4050300038CFE000020441,Fruity Pebbles Vape Cart,Vape Cart
"House of Dank Michigan, LLC",AU-R-000894,Detroit,48234,1A4050300038CFE000017748,Grape Soda 1g Vape,Vape Cart
"House of Dank Michigan, LLC",AU-R-000894,Detroit,48234,1A4050300038CFE000009312,Jungle Juice 1g Disposable,Vape Cart
"House of Dank Michigan, LLC",AU-R-000894,Detroit,48234,1A4050300038CFE000016014,Jungle Juice 1g Disposable,Vape Cart
"House of Dank Michigan, LLC",AU-R-000894,Detroit,48234,1A4050300038CFE000009299,Jungle Juice Vape Cart,Vape Cart
"House of Dank Michigan, LLC",AU-R-000894,Detroit,48234,1A4050300038CFE000017752,Jungle Juice Vape Cart,Vape Cart
"House of Dank Michigan, LLC",AU-R-000894,Detroit,48234,1A4050300038CFE000009311,Lemon Cheese Cake Disposable,Vape Cart
"House of Dank Michigan, LLC",AU-R-000894,Detroit,48234,1A4050300038CFE000017759,Lemon Cheese Cake Vape,Vape Cart
"House of Dank Michigan, LLC",AU-R-000894,Detroit,48234,1A4050300038CFE000017767,Lemon Drop Vape Cart,Vape Cart
"House of Dank Michigan, LLC",AU-R-000894,Detroit,48234,1A4050300038CFE000017249,OG Disposables,Vape Cart
"House of Dank Michigan, LLC",AU-R-000894,Detroit,48234,1A4050300038CFE000017772,OG Vape Cart,Vape Cart
"House of Dank Michigan, LLC",AU-R-000894,Detroit,48234,1A4050300038CFE000017776,Orange Soda Vape Cart,Vape Cart
"House of Dank Michigan, LLC",AU-R-000894,Detroit,48234,1A4050300038CFE000016843,Pina Colada Disposables,Vape Cart
"House of Dank Michigan, LLC",AU-R-000894,Detroit,48234,1A4050300038CFE000017790,Pina Colada Vape Cart,Vape Cart
"House of Dank Michigan, LLC",AU-R-000894,Detroit,48234,1A4050300038CFE000017792,Red Velvet 1g Vape,Vape Cart
"House of Dank Michigan, LLC",AU-R-000894,Detroit,48234,1A4050300038CFE000009309,Sour Apple 1g Disposable,Vape Cart
"House of Dank Michigan, LLC",AU-R-000894,Detroit,48234,1A4050300038CFE000009307,Sour Apple Vape Cart,Vape Cart
"House of Dank Michigan, LLC",AU-R-000894,Detroit,48234,1A4050300038CFE000017799,Sour Apple Vape Cart,Vape Cart
"House of Dank Michigan, LLC",AU-R-000894,Detroit,48234,1A4050300038CFE000017809,Strawberry Cough 1g Vape,Vape Cart
"House of Dank Michigan, LLC",AU-R-000894,Detroit,48234,1A4050300038CFE000016370,Strawberry Shortcake 1g Disposable,Vape Cart
"House of Dank Michigan, LLC",AU-R-000894,Detroit,48234,1A4050300038CFE000017810,Strawberry Shortcake Vape Cart,Vape Cart
"House of Dank Michigan, LLC",AU-R-000894,Detroit,48234,1A4050300038CFE000020445,Strawberry Shortcake Vape Cart,Vape Cart
"House of Dank Michigan, LLC",AU-R-000894,Detroit,48234,1A4050300038CFE000021094,Strawberry Shortcake Vape Cart,Vape Cart
"House of Dank Michigan, LLC",AU-R-000894,Detroit,48234,1A4050300038CFE000015983,Watermelon Freeze Disposables,Vape Cart
"House of Dank Michigan, LLC",AU-R-000894,Detroit,48234,1A4050300038CFE000009302,Watermelon Freeze Vape Cart,Vape Cart
"House of Dank Michigan, LLC",AU-R-000894,Detroit,48234,1A4050300038CFE000017817,Watermelon Freeze Vape Cart,Vape Cart
House of Dank TC,AU-R-000958,Traverse City,49686,1A4050300038CFE000009173,Peach Mango 1g Infused Preroll,Infused Pre-Rolls
House of Dank TC,AU-R-000958,Traverse City,49686,1A4050300038CFE000009174,Watermelon 1g Infused Preroll,Infused Pre-Rolls
House of Dank TC,AU-R-000958,Traverse City,49686,1A4050300038CFE000009178,Watermelon 1g Infused Preroll,Infused Pre-Rolls
House of Dank TC,AU-R-000958,Traverse City,49686,1A4050300038CFE000020419,Apple Burst 1g Vape,Vape Cart
House of Dank TC,AU-R-000958,Traverse City,49686,1A4050300038CFE000017719,Banana Split Vape Cart,Vape Cart
House of Dank TC,AU-R-000958,Traverse City,49686,1A4050300038CFE000016393,Blue Razz 1g Disposable,Vape Cart
House of Dank TC,AU-R-000958,Traverse City,49686,1A4050300038CFE000016104,Blue Razz Vape Cart,Vape Cart
House of Dank TC,AU-R-000958,Traverse City,49686,1A4050300038CFE000017827,Blueberry Pancake 1g Disposable,Vape Cart
House of Dank TC,AU-R-000958,Traverse City,49686,1A4050300038CFE000017724,Blueberry Pancake 1g vape,Vape Cart
House of Dank TC,AU-R-000958,Traverse City,49686,1A4050300038CFE000015470,Bubble Gum 1g vape,Vape Cart
House of Dank TC,AU-R-000958,Traverse City,49686,1A4050300038CFE000016823,Cherry Pie 1g Disposable,Vape Cart
House of Dank TC,AU-R-000958,Traverse City,49686,1A4050300038CFE000017731,Cherry Pie Vape Cart,Vape Cart
House of Dank TC,AU-R-000958,Traverse City,49686,1A4050300038CFE000017733,Dirty Shirly 1g Vape,Vape Cart
House of Dank TC,AU-R-000958,Traverse City,49686,1A4050300038CFE000017202,Fruity Pebbles 1g Disposable,Vape Cart
House of Dank TC,AU-R-000958,Traverse City,49686,1A4050300038CFE000017739,Fruity Pebbles Vape Cart,Vape Cart
House of Dank TC,AU-R-000958,Traverse City,49686,1A4050300038CFE000017745,Grape Soda 1g Vape,Vape Cart
House of Dank TC,AU-R-000958,Traverse City,49686,1A4050300038CFE000017754,Jungle Juice Vape Cart,Vape Cart
House of Dank TC,AU-R-000958,Traverse City,49686,1A4050300038CFE000017757,Lemon Cheese Cake Vape,Vape Cart
House of Dank TC,AU-R-000958,Traverse City,49686,1A4050300038CFE000017762,Lemon Drop Vape Cart,Vape Cart
House of Dank TC,AU-R-000958,Traverse City,49686,1A4050300038CFE000017264,OG Disposables,Vape Cart
House of Dank TC,AU-R-000958,Traverse City,49686,1A4050300038CFE000017768,OG Vape Cart,Vape Cart
House of Dank TC,AU-R-000958,Traverse City,49686,1A4050300038CFE000016846,Pina Colada Disposables,Vape Cart
House of Dank TC,AU-R-000958,Traverse City,49686,1A4050300038CFE000017788,Pina Colada Vape Cart,Vape Cart
House of Dank TC,AU-R-000958,Traverse City,49686,1A4050300038CFE000017793,Red Velvet 1g Vape,Vape Cart
House of Dank TC,AU-R-000958,Traverse City,49686,1A4050300038CFE000017798,Sour Apple Vape Cart,Vape Cart
House of Dank TC,AU-R-000958,Traverse City,49686,1A4050300038CFE000017805,Strawberry Cough 1g Vape,Vape Cart
House of Dank TC,AU-R-000958,Traverse City,49686,1A4050300038CFE000019120,Strawberry Cough 1g Vape,Vape Cart
House of Dank TC,AU-R-000958,Traverse City,49686,1A4050300038CFE000016371,Strawberry Shortcake 1g Disposable,Vape Cart
House of Dank TC,AU-R-000958,Traverse City,49686,1A4050300038CFE000017813,Strawberry Shortcake Vape Cart,Vape Cart
House of Dank TC,AU-R-000958,Traverse City,49686,1A4050300038CFE000020417,Strawberry Shortcake Vape Cart,Vape Cart
House of Dank TC,AU-R-000958,Traverse City,49686,1A4050300038CFE000020446,Strawberry Shortcake Vape Cart,Vape Cart
House of Dank TC,AU-R-000958,Traverse City,49686,1A4050300038CFE000017831,Watermelon Freeze Disposables,Vape Cart
House of Dank TC,AU-R-000958,Traverse City,49686,1A4050300038CFE000017819,Watermelon Freeze Vape Cart,Vape Cart
House of Dank TC,AU-R-000958,Traverse City,49686,1A4050300038CFE000018286,Watermelon Freeze Vape Cart,Vape Cart
House of Dank Ypsilanti,AU-R-000876,Ypsilanti,48198,1A4050300038CFE000021671,OG 1g Infused Preroll,Infused Pre-Rolls
House of Dank Ypsilanti,AU-R-000876,Ypsilanti,48198,1A4050300038CFE000021672,Skywalker 1g Infused Preroll,Infused Pre-Rolls
House of Dank Ypsilanti,AU-R-000876,Ypsilanti,48198,1A4050300038CFE000021673,Waui 1g Infused Preroll,Infused Pre-Rolls
House of Dank Ypsilanti,AU-R-000876,Ypsilanti,48198,1A4050300038CFE000017679,Banana Split Vape Cart,Vape Cart
House of Dank Ypsilanti,AU-R-000876,Ypsilanti,48198,1A4050300038CFE000016398,Blue Razz 1g Disposable,Vape Cart
House of Dank Ypsilanti,AU-R-000876,Ypsilanti,48198,1A4050300038CFE000020447,Blue Razz 1g Disposable,Vape Cart
House of Dank Ypsilanti,AU-R-000876,Ypsilanti,48198,1A4050300038CFE000016103,Blue Razz Vape Cart,Vape Cart
House of Dank Ypsilanti,AU-R-000876,Ypsilanti,48198,1A4050300038CFE000017713,Blueberry Pancake 1g Disposable,Vape Cart
House of Dank Ypsilanti,AU-R-000876,Ypsilanti,48198,1A4050300038CFE000017697,Blueberry Pancake 1g vape,Vape Cart
House of Dank Ypsilanti,AU-R-000876,Ypsilanti,48198,1A4050300038CFE000018142,Blueberry Pancake 1g vape,Vape Cart
House of Dank Ypsilanti,AU-R-000876,Ypsilanti,48198,1A4050300038CFE000016831,Cherry Pie 1g Disposable,Vape Cart
House of Dank Ypsilanti,AU-R-000876,Ypsilanti,48198,1A4050300038CFE000017698,Cherry Pie Vape Cart,Vape Cart
House of Dank Ypsilanti,AU-R-000876,Ypsilanti,48198,1A4050300038CFE000018864,Cherry Pie Vape Cart,Vape Cart
House of Dank Ypsilanti,AU-R-000876,Ypsilanti,48198,1A4050300038CFE000017699,Dirty Shirly 1g Vape,Vape Cart
House of Dank Ypsilanti,AU-R-000876,Ypsilanti,48198,1A4050300038CFE000017203,Fruity Pebbles 1g Disposable,Vape Cart
House of Dank Ypsilanti,AU-R-000876,Ypsilanti,48198,1A4050300038CFE000017700,Fruity Pebbles Vape Cart,Vape Cart
House of Dank Ypsilanti,AU-R-000876,Ypsilanti,48198,1A4050300038CFE000018866,Fruity Pebbles Vape Cart,Vape Cart
House of Dank Ypsilanti,AU-R-000876,Ypsilanti,48198,1A4050300038CFE000017701,Grape Soda 1g Vape,Vape Cart
House of Dank Ypsilanti,AU-R-000876,Ypsilanti,48198,1A4050300038CFE000016011,Jungle Juice 1g Disposable,Vape Cart
House of Dank Ypsilanti,AU-R-000876,Ypsilanti,48198,1A4050300038CFE000017702,Jungle Juice Vape Cart,Vape Cart
House of Dank Ypsilanti,AU-R-000876,Ypsilanti,48198,1A4050300038CFE000017703,Lemon Cheese Cake Vape,Vape Cart
House of Dank Ypsilanti,AU-R-000876,Ypsilanti,48198,1A4050300038CFE000018865,Lemon Cheese Cake Vape,Vape Cart
House of Dank Ypsilanti,AU-R-000876,Ypsilanti,48198,1A4050300038CFE000017704,Lemon Drop Vape Cart,Vape Cart
House of Dank Ypsilanti,AU-R-000876,Ypsilanti,48198,1A4050300038CFE000018414,Lemon Drop Vape Cart,Vape Cart
House of Dank Ypsilanti,AU-R-000876,Ypsilanti,48198,1A4050300038CFE000017247,OG Disposables,Vape Cart
House of Dank Ypsilanti,AU-R-000876,Ypsilanti,48198,1A4050300038CFE000017705,OG Vape Cart,Vape Cart
House of Dank Ypsilanti,AU-R-000876,Ypsilanti,48198,1A4050300038CFE000019112,OG Vape Cart,Vape Cart
House of Dank Ypsilanti,AU-R-000876,Ypsilanti,48198,1A4050300038CFE000017706,Orange Soda Vape Cart,Vape Cart
House of Dank Ypsilanti,AU-R-000876,Ypsilanti,48198,1A4050300038CFE000016849,Pina Colada Disposables,Vape Cart
House of Dank Ypsilanti,AU-R-000876,Ypsilanti,48198,1A4050300038CFE000017708,Pina Colada Vape Cart,Vape Cart
House of Dank Ypsilanti,AU-R-000876,Ypsilanti,48198,1A4050300038CFE000018863,Pineapple Express 1g Vape Cart,Vape Cart
House of Dank Ypsilanti,AU-R-000876,Ypsilanti,48198,1A4050300038CFE000016176,Pink Lemonade 1g Vape Cart,Vape Cart
House of Dank Ypsilanti,AU-R-000876,Ypsilanti,48198,1A4050300038CFE000017709,Red Velvet 1g Vape,Vape Cart
House of Dank Ypsilanti,AU-R-000876,Ypsilanti,48198,1A4050300038CFE000017710,Sour Apple Vape Cart,Vape Cart
House of Dank Ypsilanti,AU-R-000876,Ypsilanti,48198,1A4050300038CFE000018870,Sour Apple Vape Cart,Vape Cart
House of Dank Ypsilanti,AU-R-000876,Ypsilanti,48198,1A4050300038CFE000018869,Strawberry Cough 1g Vape,Vape Cart
House of Dank Ypsilanti,AU-R-000876,Ypsilanti,48198,1A4050300038CFE000016372,Strawberry Shortcake 1g Disposable,Vape Cart
House of Dank Ypsilanti,AU-R-000876,Ypsilanti,48198,1A4050300038CFE000017711,Strawberry Shortcake Vape Cart,Vape Cart
House of Dank Ypsilanti,AU-R-000876,Ypsilanti,48198,1A4050300038CFE000020460,Strawberry Shortcake Vape Cart,Vape Cart
House of Dank Ypsilanti,AU-R-000876,Ypsilanti,48198,1A4050300038CFE000015978,Watermelon Freeze Disposables,Vape Cart
House of Zen,AU-R-000896,Detroit,48215,1A4050300038CFE000009885,Peach Mango 1g Infused Preroll,Infused Pre-Rolls
House of Zen,AU-R-000896,Detroit,48215,1A4050300038CFE000009884,Strawberry 1g Infused Preroll,Infused Pre-Rolls
House of Zen,AU-R-000896,Detroit,48215,1A4050300038CFE000009881,Waui 1g Infused Preroll,Infused Pre-Rolls
House of Zen,AU-R-000896,Detroit,48215,1A4050300038CFE000009874,Banana Split 1g Disposable,Vape Cart
House of Zen,AU-R-000896,Detroit,48215,1A4050300038CFE000009876,Jungle Juice 1g Disposable,Vape Cart
Jade Collection of Morenci,AU-R-000610,Morenci,49256,1A4050300038CFE000015233,Banana Split 1g Disposable,Vape Cart
Jade Collection of Morenci,AU-R-000610,Morenci,49256,1A4050300038CFE000015252,Banana Split 1g Disposable,Vape Cart
Jade Collection of Morenci,AU-R-000610,Morenci,49256,1A4050300038CFE000015352,Banana Split Box 5 PK Vape Cart,Vape Cart
Jade Collection of Morenci,AU-R-000610,Morenci,49256,1A4050300038CFE000014569,Blue Dream Vape Cart,Vape Cart
Jade Collection of Morenci,AU-R-000610,Morenci,49256,1A4050300038CFE000015719,Blue Dream Vape Cart,Vape Cart
Jade Collection of Morenci,AU-R-000610,Morenci,49256,1A4050300038CFE000015720,Blue Dream Vape Cart,Vape Cart
Jade Collection of Morenci,AU-R-000610,Morenci,49256,1A4050300038CFE000014118,Blue Razz 1g Disposable,Vape Cart
Jade Collection of Morenci,AU-R-000610,Morenci,49256,1A4050300038CFE000014122,Blue Razz 1g Disposable,Vape Cart
Jade Collection of Morenci,AU-R-000610,Morenci,49256,1A4050300038CFE000016403,Blue Razz 1g Disposable,Vape Cart
Jade Collection of Morenci,AU-R-000610,Morenci,49256,1A4050300038CFE000016405,Blue Razz 1g Disposable,Vape Cart
Jade Collection of Morenci,AU-R-000610,Morenci,49256,1A4050300038CFE000014571,Blueberry Pancake 1g vape,Vape Cart
Jade Collection of Morenci,AU-R-000610,Morenci,49256,1A4050300038CFE000015410,Blueberry Pancake 1g vape,Vape Cart
Jade Collection of Morenci,AU-R-000610,Morenci,49256,1A4050300038CFE000015412,Blueberry Pancake 1g vape,Vape Cart
Jade Collection of Morenci,AU-R-000610,Morenci,49256,1A4050300038CFE000017066,Blueberry Pancake 1g vape,Vape Cart
Jade Collection of Morenci,AU-R-000610,Morenci,49256,1A4050300038CFE000017067,Blueberry Pancake 1g vape,Vape Cart
Jade Collection of Morenci,AU-R-000610,Morenci,49256,1A4050300038CFE000015478,Bubble Gum Box 5 PK Vape Cart,Vape Cart
Jade Collection of Morenci,AU-R-000610,Morenci,49256,1A4050300038CFE000014752,Fruity Pebbles 1g Disposable,Vape Cart
Jade Collection of Morenci,AU-R-000610,Morenci,49256,1A4050300038CFE000014753,Fruity Pebbles 1g Disposable,Vape Cart
Jade Collection of Morenci,AU-R-000610,Morenci,49256,1A4050300038CFE000015307,Fruity Pebbles Box 5 PK Vape Cart,Vape Cart
Jade Collection of Morenci,AU-R-000610,Morenci,49256,1A4050300038CFE000014577,Grape Soda 1g Vape,Vape Cart
Jade Collection of Morenci,AU-R-000610,Morenci,49256,1A4050300038CFE000016019,Jungle Juice 1g Disposable,Vape Cart
Jade Collection of Morenci,AU-R-000610,Morenci,49256,1A4050300038CFE000016020,Jungle Juice 1g Disposable,Vape Cart
Jade Collection of Morenci,AU-R-000610,Morenci,49256,1A4050300038CFE000015729,Jungle Juice Box 5 PK Vape Cart,Vape Cart
Jade Collection of Morenci,AU-R-000610,Morenci,49256,1A4050300038CFE000014409,Jungle Juice Vape Cart,Vape Cart
Jade Collection of Morenci,AU-R-000610,Morenci,49256,1A4050300038CFE000014421,Jungle Juice Vape Cart,Vape Cart
Jade Collection of Morenci,AU-R-000610,Morenci,49256,1A4050300038CFE000015201,Jungle Juice Vape Cart,Vape Cart
Jade Collection of Morenci,AU-R-000610,Morenci,49256,1A4050300038CFE000016916,Jungle Juice Vape Cart,Vape Cart
Jade Collection of Morenci,AU-R-000610,Morenci,49256,1A4050300038CFE000016924,Jungle Juice Vape Cart,Vape Cart
Jade Collection of Morenci,AU-R-000610,Morenci,49256,1A4050300038CFE000015069,OG Disposables,Vape Cart
Jade Collection of Morenci,AU-R-000610,Morenci,49256,1A4050300038CFE000014004,Orange Soda 1g Disposable,Vape Cart
Jade Collection of Morenci,AU-R-000610,Morenci,49256,1A4050300038CFE000015727,Orange Soda 1g Disposable,Vape Cart
Jade Collection of Morenci,AU-R-000610,Morenci,49256,1A4050300038CFE000015728,Orange Soda 1g Disposable,Vape Cart
Jade Collection of Morenci,AU-R-000610,Morenci,49256,1A4050300038CFE000017169,Orange Soda Vape Cart,Vape Cart
Jade Collection of Morenci,AU-R-000610,Morenci,49256,1A4050300038CFE000014576,Peaches and Cream Vape Cart,Vape Cart
Jade Collection of Morenci,AU-R-000610,Morenci,49256,1A4050300038CFE000014575,Pina Colada Disposables,Vape Cart
Jade Collection of Morenci,AU-R-000610,Morenci,49256,1A4050300038CFE000016870,Pina Colada Disposables,Vape Cart
Jade Collection of Morenci,AU-R-000610,Morenci,49256,1A4050300038CFE000016876,Pina Colada Disposables,Vape Cart
Jade Collection of Morenci,AU-R-000610,Morenci,49256,1A4050300038CFE000014570,Red Velvet 1g Vape,Vape Cart
Jade Collection of Morenci,AU-R-000610,Morenci,49256,1A4050300038CFE000015514,Red Velvet 1g Vape,Vape Cart
Jade Collection of Morenci,AU-R-000610,Morenci,49256,1A4050300038CFE000015515,Red Velvet 1g Vape,Vape Cart
Jade Collection of Morenci,AU-R-000610,Morenci,49256,1A4050300038CFE000015721,Red Velvet 1g Vape,Vape Cart
Jade Collection of Morenci,AU-R-000610,Morenci,49256,1A4050300038CFE000017103,Red Velvet 1g Vape,Vape Cart
Jade Collection of Morenci,AU-R-000610,Morenci,49256,1A4050300038CFE000014070,Strawberry Shortcake 1g Disposable,Vape Cart
Jade Collection of Morenci,AU-R-000610,Morenci,49256,1A4050300038CFE000015421,Strawberry Shortcake Vape Cart,Vape Cart
Jade Collection of Morenci,AU-R-000610,Morenci,49256,1A4050300038CFE000015422,Strawberry Shortcake Vape Cart,Vape Cart
Jade Collection of Morenci,AU-R-000610,Morenci,49256,1A4050300038CFE000015317,Watermelon Freeze Box 5 PK Vape Cart,Vape Cart
Jade Collection of Morenci,AU-R-000610,Morenci,49256,1A4050300038CFE000014089,Watermelon Freeze Disposables,Vape Cart
Jade Collection of Morenci,AU-R-000610,Morenci,49256,1A4050300038CFE000015991,Watermelon Freeze Disposables,Vape Cart
Jade Collection of Morenci,AU-R-000610,Morenci,49256,1A4050300038CFE000015997,Watermelon Freeze Disposables,Vape Cart
"JAR Capital, LLC",AU-R-000927,Monroe,48161,1A4050300038CFE000016467,Blue Raspberry 1g Infused Preroll,Infused Pre-Rolls
"JAR Capital, LLC",AU-R-000927,Monroe,48161,1A4050300038CFE000007314,OG 1g Infused Preroll,Infused Pre-Rolls
"JAR Capital, LLC",AU-R-000927,Monroe,48161,1A4050300038CFE000016469,OG 1g Infused Preroll,Infused Pre-Rolls
"JAR Capital, LLC",AU-R-000927,Monroe,48161,1A4050300038CFE000007311,Peach Mango 1g Infused Preroll,Infused Pre-Rolls
"JAR Capital, LLC",AU-R-000927,Monroe,48161,1A4050300038CFE000007833,Peach Mango 1g Infused Preroll,Infused Pre-Rolls
"JAR Capital, LLC",AU-R-000927,Monroe,48161,1A4050300038CFE000016468,Peach Mango 1g Infused Preroll,Infused Pre-Rolls
"JAR Capital, LLC",AU-R-000927,Monroe,48161,1A4050300038CFE000007306,Skywalker 1g Infused Preroll,Infused Pre-Rolls
"JAR Capital, LLC",AU-R-000927,Monroe,48161,1A4050300038CFE000004624,Strawberry 1g Infused Preroll,Infused Pre-Rolls
"JAR Capital, LLC",AU-R-000927,Monroe,48161,1A4050300038CFE000007309,Strawberry 1g Infused Preroll,Infused Pre-Rolls
"JAR Capital, LLC",AU-R-000927,Monroe,48161,1A4050300038CFE000016473,Strawberry 1g Infused Preroll,Infused Pre-Rolls
"JAR Capital, LLC",AU-R-000927,Monroe,48161,1A4050300038CFE000007304,Watermelon 1g Infused Preroll,Infused Pre-Rolls
"JAR Capital, LLC",AU-R-000927,Monroe,48161,1A4050300038CFE000016474,Watermelon 1g Infused Preroll,Infused Pre-Rolls
"JAR Capital, LLC",AU-R-000927,Monroe,48161,1A4050300038CFE000007305,Waui 1g Infused Preroll,Infused Pre-Rolls
"JAR Capital, LLC",AU-R-000927,Monroe,48161,1A4050300038CFE000007838,Waui 1g Infused Preroll,Infused Pre-Rolls
"JAR Capital, LLC",AU-R-000927,Monroe,48161,1A4050300038CFE000001024,Banana Split Vape Cart,Vape Cart
"JAR Capital, LLC",AU-R-000927,Monroe,48161,1A4050300038CFE000001262,Banana Split Vape Cart,Vape Cart
"JAR Capital, LLC",AU-R-000927,Monroe,48161,1A4050300038CFE000001028,Blue Razz Vape Cart,Vape Cart
"JAR Capital, LLC",AU-R-000927,Monroe,48161,1A4050300038CFE000001263,Blue Razz Vape Cart,Vape Cart
"JAR Capital, LLC",AU-R-000927,Monroe,48161,1A4050300038CFE000001033,Fruity Pebbles Vape Cart,Vape Cart
"JAR Capital, LLC",AU-R-000927,Monroe,48161,1A4050300038CFE000021112,Strawberry Shortcake Vape Cart,Vape Cart
"JAR Capital, LLC",AU-R-000927,Monroe,48161,1A4050300038CFE000001047,Watermelon Freeze Disposables,Vape Cart
Joyology of Allegan,AU-R-000870,Allegan,49010,1A4050300038CFE000003458,Grape Infused 1g Preroll,Infused Pre-Rolls
Joyology of Allegan,AU-R-000870,Allegan,49010,1A4050300038CFE000007239,OG 1g Infused Preroll,Infused Pre-Rolls
Joyology of Allegan,AU-R-000870,Allegan,49010,1A4050300038CFE000013878,OG 1g Infused Preroll,Infused Pre-Rolls
Joyology of Allegan,AU-R-000870,Allegan,49010,1A4050300038CFE000003460,Peach Mango 1g Infused Preroll,Infused Pre-Rolls
Joyology of Allegan,AU-R-000870,Allegan,49010,1A4050300038CFE000007244,Peach Mango 1g Infused Preroll,Infused Pre-Rolls
Joyology of Allegan,AU-R-000870,Allegan,49010,1A4050300038CFE000013877,Peach Mango 1g Infused Preroll,Infused Pre-Rolls
Joyology of Allegan,AU-R-000870,Allegan,49010,1A4050300038CFE000013876,Pineapple 1g Infused Preroll,Infused Pre-Rolls
Joyology of Allegan,AU-R-000870,Allegan,49010,1A4050300038CFE000007242,Skywalker 1g Infused Preroll,Infused Pre-Rolls
Joyology of Allegan,AU-R-000870,Allegan,49010,1A4050300038CFE000003456,Watermelon 1g Infused Preroll,Infused Pre-Rolls
Joyology of Allegan,AU-R-000870,Allegan,49010,1A4050300038CFE000007243,Watermelon 1g Infused Preroll,Infused Pre-Rolls
Joyology of Allegan,AU-R-000870,Allegan,49010,1A4050300038CFE000010140,Watermelon 1g Infused Preroll,Infused Pre-Rolls
Joyology of Allegan,AU-R-000870,Allegan,49010,1A4050300038CFE000007245,Waui 1g Infused Preroll,Infused Pre-Rolls
Joyology of Allegan,AU-R-000870,Allegan,49010,1A4050300038CFE000000759,Banana Split Vape Cart,Vape Cart
Joyology of Allegan,AU-R-000870,Allegan,49010,1A4050300038CFE000001575,Banana Split Vape Cart,Vape Cart
Joyology of Allegan,AU-R-000870,Allegan,49010,1A4050300038CFE000006831,Banana Split Vape Cart,Vape Cart
Joyology of Allegan,AU-R-000870,Allegan,49010,1A4050300038CFE000001576,Blue Razz Vape Cart,Vape Cart
Joyology of Allegan,AU-R-000870,Allegan,49010,1A4050300038CFE000000767,Fruity Pebbles Vape Cart,Vape Cart
Joyology of Allegan,AU-R-000870,Allegan,49010,1A4050300038CFE000001577,Fruity Pebbles Vape Cart,Vape Cart
Joyology of Allegan,AU-R-000870,Allegan,49010,1A4050300038CFE000001578,Jungle Juice Vape Cart,Vape Cart
Joyology of Allegan,AU-R-000870,Allegan,49010,1A4050300038CFE000000781,Lemon Drop Vape Cart,Vape Cart
Joyology of Allegan,AU-R-000870,Allegan,49010,1A4050300038CFE000006648,OG Vape Cart,Vape Cart
Joyology of Allegan,AU-R-000870,Allegan,49010,1A4050300038CFE000006796,Peaches and Cream Vape Cart,Vape Cart
Joyology of Allegan,AU-R-000870,Allegan,49010,1A4050300038CFE000006839,Sour Apple Vape Cart,Vape Cart
Joyology of Allegan,AU-R-000870,Allegan,49010,1A4050300038CFE000007260,Strawberry Shortcake Vape Cart,Vape Cart
Joyology of Allegan,AU-R-000870,Allegan,49010,1A4050300038CFE000007262,Watermelon Freeze Vape Cart,Vape Cart
Joyology of Burton,AU-R-000622,Burton,48509,1A4050300038CFE000006347,Jungle Juice 5 - .7g Infused Prerolls,Buds
Joyology of Burton,AU-R-000622,Burton,48509,1A4050300038CFE000006345,Lemon Pie 5 - .7g Infused Prerolls,Buds
Joyology of Burton,AU-R-000622,Burton,48509,1A4050300038CFE000022181,Blue Raspberry 1g Infused Preroll,Infused Pre-Rolls
Joyology of Burton,AU-R-000622,Burton,48509,1A4050300038CFE000003064,Grape 1g Infused Preroll,Infused Pre-Rolls
Joyology of Burton,AU-R-000622,Burton,48509,1A4050300038CFE000007255,OG 1g Infused Preroll,Infused Pre-Rolls
Joyology of Burton,AU-R-000622,Burton,48509,1A4050300038CFE000003065,Peach Mango 1g Infused Preroll,Infused Pre-Rolls
Joyology of Burton,AU-R-000622,Burton,48509,1A4050300038CFE000007257,Peach Mango 1g Infused Preroll,Infused Pre-Rolls
Joyology of Burton,AU-R-000622,Burton,48509,1A4050300038CFE000007254,Skywalker 1g Infused Preroll,Infused Pre-Rolls
Joyology of Burton,AU-R-000622,Burton,48509,1A4050300038CFE000022184,Strawberry 1g Infused Preroll,Infused Pre-Rolls
Joyology of Burton,AU-R-000622,Burton,48509,1A4050300038CFE000003067,Watermelon 1g Infused Preroll,Infused Pre-Rolls
Joyology of Burton,AU-R-000622,Burton,48509,1A4050300038CFE000007259,Watermelon 1g Infused Preroll,Infused Pre-Rolls
Joyology of Burton,AU-R-000622,Burton,48509,1A4050300038CFE000007253,Waui 1g Infused Preroll,Infused Pre-Rolls
Joyology of Burton,AU-R-000622,Burton,48509,1A4050300038CFE000006346,OG 5 - .7g Infused Prerolls,Shake/Trim
Joyology of Burton,AU-R-000622,Burton,48509,1A4050300038CFE000000780,Banana Split Vape Cart,Vape Cart
Joyology of Burton,AU-R-000622,Burton,48509,1A4050300038CFE000001655,Banana Split Vape Cart,Vape Cart
Joyology of Burton,AU-R-000622,Burton,48509,1A4050300038CFE000004408,Banana Split Vape Cart,Vape Cart
Joyology of Burton,AU-R-000622,Burton,48509,1A4050300038CFE000000396,Blue Razz Vape Cart,Vape Cart
Joyology of Burton,AU-R-000622,Burton,48509,1A4050300038CFE000000406,Blue Razz Vape Cart,Vape Cart
Joyology of Burton,AU-R-000622,Burton,48509,1A4050300038CFE000001656,Blue Razz Vape Cart,Vape Cart
Joyology of Burton,AU-R-000622,Burton,48509,1A4050300038CFE000004357,Blue Razz Vape Cart,Vape Cart
Joyology of Burton,AU-R-000622,Burton,48509,1A4050300038CFE000019775,Blue Razz Vape Cart,Vape Cart
Joyology of Burton,AU-R-000622,Burton,48509,1A4050300038CFE000000408,Cherry Pie Vape Cart,Vape Cart
Joyology of Burton,AU-R-000622,Burton,48509,1A4050300038CFE000000398,Fruity Pebbles Vape Cart,Vape Cart
Joyology of Burton,AU-R-000622,Burton,48509,1A4050300038CFE000000807,Fruity Pebbles Vape Cart,Vape Cart
Joyology of Burton,AU-R-000622,Burton,48509,1A4050300038CFE000001657,Fruity Pebbles Vape Cart,Vape Cart
Joyology of Burton,AU-R-000622,Burton,48509,1A4050300038CFE000004410,Fruity Pebbles Vape Cart,Vape Cart
Joyology of Burton,AU-R-000622,Burton,48509,1A4050300038CFE000019777,Fruity Pebbles Vape Cart,Vape Cart
Joyology of Burton,AU-R-000622,Burton,48509,1A4050300038CFE000019243,Grape Soda 1g Vape,Vape Cart
Joyology of Burton,AU-R-000622,Burton,48509,1A4050300038CFE000019247,Grape Soda 1g Vape,Vape Cart
Joyology of Burton,AU-R-000622,Burton,48509,1A4050300038CFE000001658,Jungle Juice Vape Cart,Vape Cart
Joyology of Burton,AU-R-000622,Burton,48509,1A4050300038CFE000004405,OG Vape Cart,Vape Cart
Joyology of Burton,AU-R-000622,Burton,48509,1A4050300038CFE000001733,Peaches and Cream Vape Cart,Vape Cart
Joyology of Burton,AU-R-000622,Burton,48509,1A4050300038CFE000004404,Peaches and Cream Vape Cart,Vape Cart
Joyology of Burton,AU-R-000622,Burton,48509,1A4050300038CFE000000412,Pina Colada Vape Cart,Vape Cart
Joyology of Burton,AU-R-000622,Burton,48509,1A4050300038CFE000000814,Sour Apple Vape Cart,Vape Cart
Joyology of Centerline,AU-R-000421,Center Line,48015,1A4050300038CFE000016989,Blue Raspberry 1g Infused Preroll,Infused Pre-Rolls
Joyology of Centerline,AU-R-000421,Center Line,48015,1A4050300038CFE000020864,Blue Raspberry 1g Infused Preroll,Infused Pre-Rolls
Joyology of Centerline,AU-R-000421,Center Line,48015,1A4050300038CFE000001856,Grape 1g Infused Preroll,Infused Pre-Rolls
Joyology of Centerline,AU-R-000421,Center Line,48015,1A4050300038CFE000016990,OG 1g Infused Preroll,Infused Pre-Rolls
Joyology of Centerline,AU-R-000421,Center Line,48015,1A4050300038CFE000020876,OG 1g Infused Preroll,Infused Pre-Rolls
Joyology of Centerline,AU-R-000421,Center Line,48015,1A4050300038CFE000008164,Peach Mango 1g Infused Preroll,Infused Pre-Rolls
Joyology of Centerline,AU-R-000421,Center Line,48015,1A4050300038CFE000020875,Pineapple 1g Infused Preroll,Infused Pre-Rolls
Joyology of Centerline,AU-R-000421,Center Line,48015,1A4050300038CFE000001861,Skywalker 1g Infused Preroll,Infused Pre-Rolls
Joyology of Centerline,AU-R-000421,Center Line,48015,1A4050300038CFE000020877,Skywalker 1g Infused Preroll,Infused Pre-Rolls
Joyology of Centerline,AU-R-000421,Center Line,48015,1A4050300038CFE000016991,Strawberry 1g Infused Preroll,Infused Pre-Rolls
Joyology of Centerline,AU-R-000421,Center Line,48015,1A4050300038CFE000020878,Strawberry 1g Infused Preroll,Infused Pre-Rolls
Joyology of Centerline,AU-R-000421,Center Line,48015,1A4050300038CFE000001863,Watermelon 1g Infused Preroll,Infused Pre-Rolls
Joyology of Centerline,AU-R-000421,Center Line,48015,1A4050300038CFE000001864,Waui 1g Infused Preroll,Infused Pre-Rolls
Joyology of Centerline,AU-R-000421,Center Line,48015,1A4050300038CFE000008167,Waui 1g Infused Preroll,Infused Pre-Rolls
Joyology of Centerline,AU-R-000421,Center Line,48015,1A4050300038CFE000020879,Waui 1g Infused Preroll,Infused Pre-Rolls
Joyology of Centerline,AU-R-000421,Center Line,48015,1A4050300038CFE000001016,Banana Split Vape Cart,Vape Cart
Joyology of Centerline,AU-R-000421,Center Line,48015,1A4050300038CFE000002965,Banana Split Vape Cart,Vape Cart
Joyology of Centerline,AU-R-000421,Center Line,48015,1A4050300038CFE000008040,Blue Dream Vape Cart,Vape Cart
Joyology of Centerline,AU-R-000421,Center Line,48015,1A4050300038CFE000016061,Blue Dream Vape Cart,Vape Cart
Joyology of Centerline,AU-R-000421,Center Line,48015,1A4050300038CFE000016078,Blue Dream Vape Cart,Vape Cart
Joyology of Centerline,AU-R-000421,Center Line,48015,1A4050300038CFE000016083,Blue Dream Vape Cart,Vape Cart
Joyology of Centerline,AU-R-000421,Center Line,48015,1A4050300038CFE000009736,Blue Razz 1g Disposable,Vape Cart
Joyology of Centerline,AU-R-000421,Center Line,48015,1A4050300038CFE000000206,Blue Razz Vape Cart,Vape Cart
Joyology of Centerline,AU-R-000421,Center Line,48015,1A4050300038CFE000000709,Blue Razz Vape Cart,Vape Cart
Joyology of Centerline,AU-R-000421,Center Line,48015,1A4050300038CFE000001014,Blue Razz Vape Cart,Vape Cart
Joyology of Centerline,AU-R-000421,Center Line,48015,1A4050300038CFE000006689,Blue Razz Vape Cart,Vape Cart
Joyology of Centerline,AU-R-000421,Center Line,48015,1A4050300038CFE000017138,Blue Razz Vape Cart,Vape Cart
Joyology of Centerline,AU-R-000421,Center Line,48015,1A4050300038CFE000017139,Blue Razz Vape Cart,Vape Cart
Joyology of Centerline,AU-R-000421,Center Line,48015,1A4050300038CFE000017140,Blue Razz Vape Cart,Vape Cart
Joyology of Centerline,AU-R-000421,Center Line,48015,1A4050300038CFE000016238,Blueberry Pancake 1g Disposable,Vape Cart
Joyology of Centerline,AU-R-000421,Center Line,48015,1A4050300038CFE000009735,Blueberry Pancake 1g vape,Vape Cart
Joyology of Centerline,AU-R-000421,Center Line,48015,1A4050300038CFE000017056,Blueberry Pancake 1g vape,Vape Cart
Joyology of Centerline,AU-R-000421,Center Line,48015,1A4050300038CFE000017059,Blueberry Pancake 1g vape,Vape Cart
Joyology of Centerline,AU-R-000421,Center Line,48015,1A4050300038CFE000017060,Blueberry Pancake 1g vape,Vape Cart
Joyology of Centerline,AU-R-000421,Center Line,48015,1A4050300038CFE000015949,Bubble Gum 1g vape,Vape Cart
Joyology of Centerline,AU-R-000421,Center Line,48015,1A4050300038CFE000015961,Bubble Gum 1g vape,Vape Cart
Joyology of Centerline,AU-R-000421,Center Line,48015,1A4050300038CFE000015962,Bubble Gum 1g vape,Vape Cart
Joyology of Centerline,AU-R-000421,Center Line,48015,1A4050300038CFE000016826,Cherry Pie 1g Disposable,Vape Cart
Joyology of Centerline,AU-R-000421,Center Line,48015,1A4050300038CFE000000208,Cherry Pie Vape Cart,Vape Cart
Joyology of Centerline,AU-R-000421,Center Line,48015,1A4050300038CFE000000581,Cherry Pie Vape Cart,Vape Cart
Joyology of Centerline,AU-R-000421,Center Line,48015,1A4050300038CFE000000710,Cherry Pie Vape Cart,Vape Cart
Joyology of Centerline,AU-R-000421,Center Line,48015,1A4050300038CFE000017143,Fruity Pebbles 1g Disposable,Vape Cart
Joyology of Centerline,AU-R-000421,Center Line,48015,1A4050300038CFE000000584,Fruity Pebbles Vape Cart,Vape Cart
Joyology of Centerline,AU-R-000421,Center Line,48015,1A4050300038CFE000001018,Fruity Pebbles Vape Cart,Vape Cart
Joyology of Centerline,AU-R-000421,Center Line,48015,1A4050300038CFE000002966,Fruity Pebbles Vape Cart,Vape Cart
Joyology of Centerline,AU-R-000421,Center Line,48015,1A4050300038CFE000016799,Grape Soda 1g Vape,Vape Cart
Joyology of Centerline,AU-R-000421,Center Line,48015,1A4050300038CFE000016800,Grape Soda 1g Vape,Vape Cart
Joyology of Centerline,AU-R-000421,Center Line,48015,1A4050300038CFE000016801,Grape Soda 1g Vape,Vape Cart
Joyology of Centerline,AU-R-000421,Center Line,48015,1A4050300038CFE000016022,Jungle Juice 1g Disposable,Vape Cart
Joyology of Centerline,AU-R-000421,Center Line,48015,1A4050300038CFE000000219,Jungle Juice Vape Cart,Vape Cart
Joyology of Centerline,AU-R-000421,Center Line,48015,1A4050300038CFE000000583,Lemon Drop Vape Cart,Vape Cart
Joyology of Centerline,AU-R-000421,Center Line,48015,1A4050300038CFE000016768,Lemon Drop Vape Cart,Vape Cart
Joyology of Centerline,AU-R-000421,Center Line,48015,1A4050300038CFE000016770,Lemon Drop Vape Cart,Vape Cart
Joyology of Centerline,AU-R-000421,Center Line,48015,1A4050300038CFE000016788,Lemon Drop Vape Cart,Vape Cart
Joyology of Centerline,AU-R-000421,Center Line,48015,1A4050300038CFE000000209,OG Vape Cart,Vape Cart
Joyology of Centerline,AU-R-000421,Center Line,48015,1A4050300038CFE000002976,OG Vape Cart,Vape Cart
Joyology of Centerline,AU-R-000421,Center Line,48015,1A4050300038CFE000000212,Peaches and Cream Vape Cart,Vape Cart
Joyology of Centerline,AU-R-000421,Center Line,48015,1A4050300038CFE000002540,Peaches and Cream Vape Cart,Vape Cart
Joyology of Centerline,AU-R-000421,Center Line,48015,1A4050300038CFE000000213,Pina Colada Vape Cart,Vape Cart
Joyology of Centerline,AU-R-000421,Center Line,48015,1A4050300038CFE000016128,Pineapple Express 1g Vape Cart,Vape Cart
Joyology of Centerline,AU-R-000421,Center Line,48015,1A4050300038CFE000016156,Pineapple Express 1g Vape Cart,Vape Cart
Joyology of Centerline,AU-R-000421,Center Line,48015,1A4050300038CFE000016158,Pineapple Express 1g Vape Cart,Vape Cart
Joyology of Centerline,AU-R-000421,Center Line,48015,1A4050300038CFE000016164,Pink Lemonade 1g Vape Cart,Vape Cart
Joyology of Centerline,AU-R-000421,Center Line,48015,1A4050300038CFE000016194,Pink Lemonade 1g Vape Cart,Vape Cart
Joyology of Centerline,AU-R-000421,Center Line,48015,1A4050300038CFE000016195,Pink Lemonade 1g Vape Cart,Vape Cart
Joyology of Centerline,AU-R-000421,Center Line,48015,1A4050300038CFE000000585,Sour Apple Vape Cart,Vape Cart
Joyology of Centerline,AU-R-000421,Center Line,48015,1A4050300038CFE000009742,Sour Apple Vape Cart,Vape Cart
Joyology of Centerline,AU-R-000421,Center Line,48015,1A4050300038CFE000015487,Sour Apple Vape Cart,Vape Cart
Joyology of Centerline,AU-R-000421,Center Line,48015,1A4050300038CFE000015488,Sour Apple Vape Cart,Vape Cart
Joyology of Centerline,AU-R-000421,Center Line,48015,1A4050300038CFE000015562,Sour Apple Vape Cart,Vape Cart
Joyology of Centerline,AU-R-000421,Center Line,48015,1A4050300038CFE000003118,Watermelon Freeze Disposables,Vape Cart
Joyology of Centerline,AU-R-000421,Center Line,48015,1A4050300038CFE000006749,Watermelon Freeze Disposables,Vape Cart
Joyology of Centerline,AU-R-000421,Center Line,48015,1A4050300038CFE000015990,Watermelon Freeze Disposables,Vape Cart
Joyology of Centerline,AU-R-000421,Center Line,48015,1A4050300038CFE000009738,Watermelon Freeze Vape Cart,Vape Cart
Joyology of Lowell,AU-R-000682,Lowell,49331,1A4050300038CFE000003431,Grape Infused 1g Preroll,Infused Pre-Rolls
Joyology of Lowell,AU-R-000682,Lowell,49331,1A4050300038CFE000007275,OG 1g Infused Preroll,Infused Pre-Rolls
Joyology of Lowell,AU-R-000682,Lowell,49331,1A4050300038CFE000010130,OG 1g Infused Preroll,Infused Pre-Rolls
Joyology of Lowell,AU-R-000682,Lowell,49331,1A4050300038CFE000003447,Peach Mango 1g Infused Preroll,Infused Pre-Rolls
Joyology of Lowell,AU-R-000682,Lowell,49331,1A4050300038CFE000007279,Peach Mango 1g Infused Preroll,Infused Pre-Rolls
Joyology of Lowell,AU-R-000682,Lowell,49331,1A4050300038CFE000007278,Skywalker 1g Infused Preroll,Infused Pre-Rolls
Joyology of Lowell,AU-R-000682,Lowell,49331,1A4050300038CFE000010148,Strawberry 1g Infused Preroll,Infused Pre-Rolls
Joyology of Lowell,AU-R-000682,Lowell,49331,1A4050300038CFE000003444,Watermelon 1g Infused Preroll,Infused Pre-Rolls
Joyology of Lowell,AU-R-000682,Lowell,49331,1A4050300038CFE000007285,Watermelon 1g Infused Preroll,Infused Pre-Rolls
Joyology of Lowell,AU-R-000682,Lowell,49331,1A4050300038CFE000007282,Waui 1g Infused Preroll,Infused Pre-Rolls
Joyology of Memphis,AU-R-001055,Memphis,48041,1A4050300038CFE000016479,Blue Raspberry 1g Infused Preroll,Infused Pre-Rolls
Joyology of Memphis,AU-R-001055,Memphis,48041,1A4050300038CFE000016481,OG 1g Infused Preroll,Infused Pre-Rolls
Joyology of Memphis,AU-R-001055,Memphis,48041,1A4050300038CFE000007819,Peach Mango 1g Infused Preroll,Infused Pre-Rolls
Joyology of Memphis,AU-R-001055,Memphis,48041,1A4050300038CFE000016480,Peach Mango 1g Infused Preroll,Infused Pre-Rolls
Joyology of Memphis,AU-R-001055,Memphis,48041,1A4050300038CFE000016483,Strawberry 1g Infused Preroll,Infused Pre-Rolls
Joyology of Memphis,AU-R-001055,Memphis,48041,1A4050300038CFE000016484,Watermelon 1g Infused Preroll,Infused Pre-Rolls
Joyology of Memphis,AU-R-001055,Memphis,48041,1A4050300038CFE000007824,Waui 1g Infused Preroll,Infused Pre-Rolls
Joyology of Quincy,AU-R-000433,Quincy,49082,1A4050300038CFE000006862,Lemon Pie 5 - .7g Infused Prerolls,Buds
Joyology of Quincy,AU-R-000433,Quincy,49082,1A4050300038CFE000022200,Blue Raspberry 1g Infused Preroll,Infused Pre-Rolls
Joyology of Quincy,AU-R-000433,Quincy,49082,1A4050300038CFE000003053,Grape 1g Infused Preroll,Infused Pre-Rolls
Joyology of Quincy,AU-R-000433,Quincy,49082,1A4050300038CFE000007220,OG 1g Infused Preroll,Infused Pre-Rolls
Joyology of Quincy,AU-R-000433,Quincy,49082,1A4050300038CFE000009935,OG 1g Infused Preroll,Infused Pre-Rolls
Joyology of Quincy,AU-R-000433,Quincy,49082,1A4050300038CFE000007221,Peach Mango 1g Infused Preroll,Infused Pre-Rolls
Joyology of Quincy,AU-R-000433,Quincy,49082,1A4050300038CFE000009938,Peach Mango 1g Infused Preroll,Infused Pre-Rolls
Joyology of Quincy,AU-R-000433,Quincy,49082,1A4050300038CFE000022202,Pineapple 1g Infused Preroll,Infused Pre-Rolls
Joyology of Quincy,AU-R-000433,Quincy,49082,1A4050300038CFE000007219,Skywalker 1g Infused Preroll,Infused Pre-Rolls
Joyology of Quincy,AU-R-000433,Quincy,49082,1A4050300038CFE000009957,Skywalker 1g Infused Preroll,Infused Pre-Rolls
Joyology of Quincy,AU-R-000433,Quincy,49082,1A4050300038CFE000004933,Strawberry 1g Infused Preroll,Infused Pre-Rolls
Joyology of Quincy,AU-R-000433,Quincy,49082,1A4050300038CFE000003057,Watermelon 1g Infused Preroll,Infused Pre-Rolls
Joyology of Quincy,AU-R-000433,Quincy,49082,1A4050300038CFE000007216,Watermelon 1g Infused Preroll,Infused Pre-Rolls
Joyology of Quincy,AU-R-000433,Quincy,49082,1A4050300038CFE000009936,Watermelon 1g Infused Preroll,Infused Pre-Rolls
Joyology of Quincy,AU-R-000433,Quincy,49082,1A4050300038CFE000007217,Waui 1g Infused Preroll,Infused Pre-Rolls
Joyology of Quincy,AU-R-000433,Quincy,49082,1A4050300038CFE000009956,Waui 1g Infused Preroll,Infused Pre-Rolls
Joyology of Quincy,AU-R-000433,Quincy,49082,1A4050300038CFE000019208,Apple Burst 1g Vape,Vape Cart
Joyology of Quincy,AU-R-000433,Quincy,49082,1A4050300038CFE000019213,Apple Burst 1g Vape,Vape Cart
Joyology of Quincy,AU-R-000433,Quincy,49082,1A4050300038CFE000000757,Banana Split Vape Cart,Vape Cart
Joyology of Quincy,AU-R-000433,Quincy,49082,1A4050300038CFE000002757,Banana Split Vape Cart,Vape Cart
Joyology of Quincy,AU-R-000433,Quincy,49082,1A4050300038CFE000004425,Banana Split Vape Cart,Vape Cart
Joyology of Quincy,AU-R-000433,Quincy,49082,1A4050300038CFE000006832,Banana Split Vape Cart,Vape Cart
Joyology of Quincy,AU-R-000433,Quincy,49082,1A4050300038CFE000000437,Blue Razz Vape Cart,Vape Cart
Joyology of Quincy,AU-R-000433,Quincy,49082,1A4050300038CFE000001275,Blue Razz Vape Cart,Vape Cart
Joyology of Quincy,AU-R-000433,Quincy,49082,1A4050300038CFE000004413,Blue Razz Vape Cart,Vape Cart
Joyology of Quincy,AU-R-000433,Quincy,49082,1A4050300038CFE000006690,Blue Razz Vape Cart,Vape Cart
Joyology of Quincy,AU-R-000433,Quincy,49082,1A4050300038CFE000019686,Blue Razz Vape Cart,Vape Cart
Joyology of Quincy,AU-R-000433,Quincy,49082,1A4050300038CFE000000438,Cherry Pie Vape Cart,Vape Cart
Joyology of Quincy,AU-R-000433,Quincy,49082,1A4050300038CFE000018841,Cherry Pie Vape Cart,Vape Cart
Joyology of Quincy,AU-R-000433,Quincy,49082,1A4050300038CFE000000444,Fruity Pebbles Vape Cart,Vape Cart
Joyology of Quincy,AU-R-000433,Quincy,49082,1A4050300038CFE000000742,Fruity Pebbles Vape Cart,Vape Cart
Joyology of Quincy,AU-R-000433,Quincy,49082,1A4050300038CFE000001274,Fruity Pebbles Vape Cart,Vape Cart
Joyology of Quincy,AU-R-000433,Quincy,49082,1A4050300038CFE000004423,Fruity Pebbles Vape Cart,Vape Cart
Joyology of Quincy,AU-R-000433,Quincy,49082,1A4050300038CFE000019687,Fruity Pebbles Vape Cart,Vape Cart
Joyology of Quincy,AU-R-000433,Quincy,49082,1A4050300038CFE000007273,Jungle Juice Vape Cart,Vape Cart
Joyology of Quincy,AU-R-000433,Quincy,49082,1A4050300038CFE000018069,Jungle Juice Vape Cart,Vape Cart
Joyology of Quincy,AU-R-000433,Quincy,49082,1A4050300038CFE000018073,Jungle Juice Vape Cart,Vape Cart
Joyology of Quincy,AU-R-000433,Quincy,49082,1A4050300038CFE000000745,Lemon Drop Vape Cart,Vape Cart
Joyology of Quincy,AU-R-000433,Quincy,49082,1A4050300038CFE000000762,Lemon Drop Vape Cart,Vape Cart
Joyology of Quincy,AU-R-000433,Quincy,49082,1A4050300038CFE000000449,OG Vape Cart,Vape Cart
Joyology of Quincy,AU-R-000433,Quincy,49082,1A4050300038CFE000000746,OG Vape Cart,Vape Cart
Joyology of Quincy,AU-R-000433,Quincy,49082,1A4050300038CFE000002754,OG Vape Cart,Vape Cart
Joyology of Quincy,AU-R-000433,Quincy,49082,1A4050300038CFE000004414,OG Vape Cart,Vape Cart
Joyology of Quincy,AU-R-000433,Quincy,49082,1A4050300038CFE000006646,OG Vape Cart,Vape Cart
Joyology of Quincy,AU-R-000433,Quincy,49082,1A4050300038CFE000006652,OG Vape Cart,Vape Cart
Joyology of Quincy,AU-R-000433,Quincy,49082,1A4050300038CFE000004420,Peaches and Cream Vape Cart,Vape Cart
Joyology of Quincy,AU-R-000433,Quincy,49082,1A4050300038CFE000006791,Peaches and Cream Vape Cart,Vape Cart
Joyology of Quincy,AU-R-000433,Quincy,49082,1A4050300038CFE000006795,Peaches and Cream Vape Cart,Vape Cart
Joyology of Quincy,AU-R-000433,Quincy,49082,1A4050300038CFE000000452,Pina Colada Vape Cart,Vape Cart
Joyology of Quincy,AU-R-000433,Quincy,49082,1A4050300038CFE000000751,Pina Colada Vape Cart,Vape Cart
Joyology of Quincy,AU-R-000433,Quincy,49082,1A4050300038CFE000000439,Sour Apple Vape Cart,Vape Cart
Joyology of Quincy,AU-R-000433,Quincy,49082,1A4050300038CFE000000752,Sour Apple Vape Cart,Vape Cart
Joyology of Quincy,AU-R-000433,Quincy,49082,1A4050300038CFE000006834,Sour Apple Vape Cart,Vape Cart
Joyology of Quincy,AU-R-000433,Quincy,49082,1A4050300038CFE000006841,Sour Apple Vape Cart,Vape Cart
Joyology of Quincy,AU-R-000433,Quincy,49082,1A4050300038CFE000019745,Strawberry Cough 1g Vape,Vape Cart
Joyology of Quincy,AU-R-000433,Quincy,49082,1A4050300038CFE000007270,Strawberry Shortcake Vape Cart,Vape Cart
Joyology of Quincy,AU-R-000433,Quincy,49082,1A4050300038CFE000007272,Strawberry Shortcake Vape Cart,Vape Cart
Joyology of Quincy,AU-R-000433,Quincy,49082,1A4050300038CFE000007268,Watermelon Freeze Vape Cart,Vape Cart
Joyology of Quincy,AU-R-000433,Quincy,49082,1A4050300038CFE000007271,Watermelon Freeze Vape Cart,Vape Cart
Joyology of Reading,AU-R-000284,Reading,49274,1A4050300038CFE000022191,Blue Raspberry 1g Infused Preroll,Infused Pre-Rolls
Joyology of Reading,AU-R-000284,Reading,49274,1A4050300038CFE000010072,OG 1g Infused Preroll,Infused Pre-Rolls
Joyology of Reading,AU-R-000284,Reading,49274,1A4050300038CFE000010083,Peach Mango 1g Infused Preroll,Infused Pre-Rolls
Joyology of Reading,AU-R-000284,Reading,49274,1A4050300038CFE000022193,Pineapple 1g Infused Preroll,Infused Pre-Rolls
Joyology of Reading,AU-R-000284,Reading,49274,1A4050300038CFE000010095,Skywalker 1g Infused Preroll,Infused Pre-Rolls
Joyology of Reading,AU-R-000284,Reading,49274,1A4050300038CFE000004917,Strawberry 1g Infused Preroll,Infused Pre-Rolls
Joyology of Reading,AU-R-000284,Reading,49274,1A4050300038CFE000003045,Watermelon 1g Infused Preroll,Infused Pre-Rolls
Joyology of Reading,AU-R-000284,Reading,49274,1A4050300038CFE000010073,Watermelon 1g Infused Preroll,Infused Pre-Rolls
Joyology of Reading,AU-R-000284,Reading,49274,1A4050300038CFE000010081,Waui 1g Infused Preroll,Infused Pre-Rolls
Joyology of Reading,AU-R-000284,Reading,49274,1A4050300038CFE000001729,Banana Split Vape Cart,Vape Cart
Joyology of Reading,AU-R-000284,Reading,49274,1A4050300038CFE000003165,Banana Split Vape Cart,Vape Cart
Joyology of Reading,AU-R-000284,Reading,49274,1A4050300038CFE000005198,Banana Split Vape Cart,Vape Cart
Joyology of Reading,AU-R-000284,Reading,49274,1A4050300038CFE000000457,Blue Razz Vape Cart,Vape Cart
Joyology of Reading,AU-R-000284,Reading,49274,1A4050300038CFE000001739,Blue Razz Vape Cart,Vape Cart
Joyology of Reading,AU-R-000284,Reading,49274,1A4050300038CFE000002513,Blue Razz Vape Cart,Vape Cart
Joyology of Reading,AU-R-000284,Reading,49274,1A4050300038CFE000005196,Blue Razz Vape Cart,Vape Cart
Joyology of Reading,AU-R-000284,Reading,49274,1A4050300038CFE000019748,Blue Razz Vape Cart,Vape Cart
Joyology of Reading,AU-R-000284,Reading,49274,1A4050300038CFE000018150,Blueberry Pancake 1g vape,Vape Cart
Joyology of Reading,AU-R-000284,Reading,49274,1A4050300038CFE000018152,Blueberry Pancake 1g vape,Vape Cart
Joyology of Reading,AU-R-000284,Reading,49274,1A4050300038CFE000000456,Cherry Pie Vape Cart,Vape Cart
Joyology of Reading,AU-R-000284,Reading,49274,1A4050300038CFE000000458,Fruity Pebbles Vape Cart,Vape Cart
Joyology of Reading,AU-R-000284,Reading,49274,1A4050300038CFE000001748,Fruity Pebbles Vape Cart,Vape Cart
Joyology of Reading,AU-R-000284,Reading,49274,1A4050300038CFE000002537,Fruity Pebbles Vape Cart,Vape Cart
Joyology of Reading,AU-R-000284,Reading,49274,1A4050300038CFE000005205,Fruity Pebbles Vape Cart,Vape Cart
Joyology of Reading,AU-R-000284,Reading,49274,1A4050300038CFE000019750,Fruity Pebbles Vape Cart,Vape Cart
Joyology of Reading,AU-R-000284,Reading,49274,1A4050300038CFE000005255,Jungle Juice Vape Cart,Vape Cart
Joyology of Reading,AU-R-000284,Reading,49274,1A4050300038CFE000018063,Jungle Juice Vape Cart,Vape Cart
Joyology of Reading,AU-R-000284,Reading,49274,1A4050300038CFE000018065,Jungle Juice Vape Cart,Vape Cart
Joyology of Reading,AU-R-000284,Reading,49274,1A4050300038CFE000003174,OG Vape Cart,Vape Cart
Joyology of Reading,AU-R-000284,Reading,49274,1A4050300038CFE000005211,OG Vape Cart,Vape Cart
Joyology of Reading,AU-R-000284,Reading,49274,1A4050300038CFE000001753,Peaches and Cream Vape Cart,Vape Cart
Joyology of Reading,AU-R-000284,Reading,49274,1A4050300038CFE000003171,Peaches and Cream Vape Cart,Vape Cart
Joyology of Reading,AU-R-000284,Reading,49274,1A4050300038CFE000005206,Peaches and Cream Vape Cart,Vape Cart
Joyology of Reading,AU-R-000284,Reading,49274,1A4050300038CFE000000460,Pina Colada Vape Cart,Vape Cart
Joyology of Reading,AU-R-000284,Reading,49274,1A4050300038CFE000000461,Sour Apple Vape Cart,Vape Cart
Joyology of Reading,AU-R-000284,Reading,49274,1A4050300038CFE000019746,Sour Apple Vape Cart,Vape Cart
Joyology of Reading,AU-R-000284,Reading,49274,1A4050300038CFE000003170,Watermelon Freeze Disposables,Vape Cart
Joyology of Reading,AU-R-000284,Reading,49274,1A4050300038CFE000005197,Watermelon Freeze Disposables,Vape Cart
Joyology of Three Rivers,AU-R-001049,Three Rivers,49093,1A4050300038CFE000008271,Peach Mango 1g Infused Preroll,Infused Pre-Rolls
Joyology of Three Rivers,AU-R-001049,Three Rivers,49093,1A4050300038CFE000008272,Watermelon 1g Infused Preroll,Infused Pre-Rolls
Joyology of Three Rivers,AU-R-001049,Three Rivers,49093,1A4050300038CFE000008270,Waui 1g Infused Preroll,Infused Pre-Rolls
Joyology of Three Rivers,AU-R-001049,Three Rivers,49093,1A4050300038CFE000008207,Banana Split Vape Cart,Vape Cart
Joyology of Three Rivers,AU-R-001049,Three Rivers,49093,1A4050300038CFE000008052,Blue Dream Vape Cart,Vape Cart
Joyology of Three Rivers,AU-R-001049,Three Rivers,49093,1A4050300038CFE000008205,Blueberry Pancake 1g vape,Vape Cart
KAI - Apple,AU-R-000539,Muskegon,49442,1A4050300038CFE000009898,Banana Split 1g Disposable,Vape Cart
KAI - Apple,AU-R-000539,Muskegon,49442,1A4050300038CFE000015255,Banana Split 1g Disposable,Vape Cart
KAI - Apple,AU-R-000539,Muskegon,49442,1A4050300038CFE000001551,Banana Split Vape Cart,Vape Cart
KAI - Apple,AU-R-000539,Muskegon,49442,1A4050300038CFE000002401,Banana Split Vape Cart,Vape Cart
KAI - Apple,AU-R-000539,Muskegon,49442,1A4050300038CFE000004979,Banana Split Vape Cart,Vape Cart
KAI - Apple,AU-R-000539,Muskegon,49442,1A4050300038CFE000009901,Banana Split Vape Cart,Vape Cart
KAI - Apple,AU-R-000539,Muskegon,49442,1A4050300038CFE000013370,Banana Split Vape Cart,Vape Cart
KAI - Apple,AU-R-000539,Muskegon,49442,1A4050300038CFE000012373,Blue Dream 1g Disposable,Vape Cart
KAI - Apple,AU-R-000539,Muskegon,49442,1A4050300038CFE000013368,Blue Dream 1g Disposable,Vape Cart
KAI - Apple,AU-R-000539,Muskegon,49442,1A4050300038CFE000009910,Blue Razz 1g Disposable,Vape Cart
KAI - Apple,AU-R-000539,Muskegon,49442,1A4050300038CFE000016404,Blue Razz 1g Disposable,Vape Cart
KAI - Apple,AU-R-000539,Muskegon,49442,1A4050300038CFE000016407,Blue Razz 1g Disposable,Vape Cart
KAI - Apple,AU-R-000539,Muskegon,49442,1A4050300023D10000002177,Blue Razz Vape Cart,Vape Cart
KAI - Apple,AU-R-000539,Muskegon,49442,1A4050300038CFE000001555,Blue Razz Vape Cart,Vape Cart
KAI - Apple,AU-R-000539,Muskegon,49442,1A4050300038CFE000002402,Blue Razz Vape Cart,Vape Cart
KAI - Apple,AU-R-000539,Muskegon,49442,1A4050300038CFE000004980,Blue Razz Vape Cart,Vape Cart
KAI - Apple,AU-R-000539,Muskegon,49442,1A4050300038CFE000011348,Blueberry Pancake 1g vape,Vape Cart
KAI - Apple,AU-R-000539,Muskegon,49442,1A4050300038CFE000011349,Blueberry Pancake 1g vape,Vape Cart
KAI - Apple,AU-R-000539,Muskegon,49442,1A4050300038CFE000011354,Blueberry Pancake 1g vape,Vape Cart
KAI - Apple,AU-R-000539,Muskegon,49442,1A4050300038CFE000012374,Blueberry Pancake 1g vape,Vape Cart
KAI - Apple,AU-R-000539,Muskegon,49442,1A4050300038CFE000013500,Blueberry Pancake 1g vape,Vape Cart
KAI - Apple,AU-R-000539,Muskegon,49442,1A4050300038CFE000013501,Blueberry Pancake 1g vape,Vape Cart
KAI - Apple,AU-R-000539,Muskegon,49442,1A4050300038CFE000013502,Blueberry Pancake 1g vape,Vape Cart
KAI - Apple,AU-R-000539,Muskegon,49442,1A4050300038CFE000013503,Blueberry Pancake 1g vape,Vape Cart
KAI - Apple,AU-R-000539,Muskegon,49442,1A4050300038CFE000018839,Cherry Pie Vape Cart,Vape Cart
KAI - Apple,AU-R-000539,Muskegon,49442,1A4050300038CFE000015916,Dirty Shirly 1g Vape,Vape Cart
KAI - Apple,AU-R-000539,Muskegon,49442,1A4050300038CFE000015917,Dirty Shirly 1g Vape,Vape Cart
KAI - Apple,AU-R-000539,Muskegon,49442,1A4050300038CFE000015922,Dirty Shirly 1g Vape,Vape Cart
KAI - Apple,AU-R-000539,Muskegon,49442,1A4050300038CFE000015942,Dirty Shirly 1g Vape,Vape Cart
KAI - Apple,AU-R-000539,Muskegon,49442,1A4050300038CFE000012366,Fruity Pebbles 1g Disposable,Vape Cart
KAI - Apple,AU-R-000539,Muskegon,49442,1A4050300038CFE000013378,Fruity Pebbles 1g Disposable,Vape Cart
KAI - Apple,AU-R-000539,Muskegon,49442,1A4050300038CFE000002404,Fruity Pebbles Vape Cart,Vape Cart
KAI - Apple,AU-R-000539,Muskegon,49442,1A4050300038CFE000004982,Fruity Pebbles Vape Cart,Vape Cart
KAI - Apple,AU-R-000539,Muskegon,49442,1A4050300038CFE000016421,Fruity Pebbles Vape Cart,Vape Cart
KAI - Apple,AU-R-000539,Muskegon,49442,1A4050300038CFE000016422,Fruity Pebbles Vape Cart,Vape Cart
KAI - Apple,AU-R-000539,Muskegon,49442,1A4050300038CFE000016428,Fruity Pebbles Vape Cart,Vape Cart
KAI - Apple,AU-R-000539,Muskegon,49442,1A4050300038CFE000016436,Fruity Pebbles Vape Cart,Vape Cart
KAI - Apple,AU-R-000539,Muskegon,49442,1A4050300038CFE000017960,Fruity Pebbles Vape Cart,Vape Cart
KAI - Apple,AU-R-000539,Muskegon,49442,1A4050300038CFE000017962,Fruity Pebbles Vape Cart,Vape Cart
KAI - Apple,AU-R-000539,Muskegon,49442,1A4050300038CFE000019824,Fruity Pebbles Vape Cart,Vape Cart
KAI - Apple,AU-R-000539,Muskegon,49442,1A4050300038CFE000012364,Grape Soda 1g Vape,Vape Cart
KAI - Apple,AU-R-000539,Muskegon,49442,1A4050300038CFE000013369,Grape Soda 1g Vape,Vape Cart
KAI - Apple,AU-R-000539,Muskegon,49442,1A4050300038CFE000016024,Jungle Juice 1g Disposable,Vape Cart
KAI - Apple,AU-R-000539,Muskegon,49442,1A4050300038CFE000016025,Jungle Juice 1g Disposable,Vape Cart
KAI - Apple,AU-R-000539,Muskegon,49442,1A4050300038CFE000016925,Jungle Juice Vape Cart,Vape Cart
KAI - Apple,AU-R-000539,Muskegon,49442,1A4050300038CFE000016928,Jungle Juice Vape Cart,Vape Cart
KAI - Apple,AU-R-000539,Muskegon,49442,1A4050300038CFE000016929,Jungle Juice Vape Cart,Vape Cart
KAI - Apple,AU-R-000539,Muskegon,49442,1A4050300038CFE000016930,Jungle Juice Vape Cart,Vape Cart
KAI - Apple,AU-R-000539,Muskegon,49442,1A4050300038CFE000012367,Lemon Cheese Cake Disposable,Vape Cart
KAI - Apple,AU-R-000539,Muskegon,49442,1A4050300038CFE000013376,Lemon Cheese Cake Disposable,Vape Cart
KAI - Apple,AU-R-000539,Muskegon,49442,1A4050300038CFE000009907,Lemon Drop Vape Cart,Vape Cart
KAI - Apple,AU-R-000539,Muskegon,49442,1A4050300038CFE000016772,Lemon Drop Vape Cart,Vape Cart
KAI - Apple,AU-R-000539,Muskegon,49442,1A4050300038CFE000016773,Lemon Drop Vape Cart,Vape Cart
KAI - Apple,AU-R-000539,Muskegon,49442,1A4050300038CFE000016774,Lemon Drop Vape Cart,Vape Cart
KAI - Apple,AU-R-000539,Muskegon,49442,1A4050300038CFE000016775,Lemon Drop Vape Cart,Vape Cart
KAI - Apple,AU-R-000539,Muskegon,49442,1A4050300038CFE000018413,Lemon Drop Vape Cart,Vape Cart
KAI - Apple,AU-R-000539,Muskegon,49442,1A4050300038CFE000018416,Lemon Drop Vape Cart,Vape Cart
KAI - Apple,AU-R-000539,Muskegon,49442,1A4050300023D10000003095,Lemon Pie Vape Cart,Vape Cart
KAI - Apple,AU-R-000539,Muskegon,49442,1A4050300038CFE000019827,Lemon Pie Vape Cart,Vape Cart
KAI - Apple,AU-R-000539,Muskegon,49442,1A4050300038CFE000004985,OG Vape Cart,Vape Cart
KAI - Apple,AU-R-000539,Muskegon,49442,1A4050300038CFE000013374,Orange Soda 1g Disposable,Vape Cart
KAI - Apple,AU-R-000539,Muskegon,49442,1A4050300038CFE000012363,Orange Soda Vape Cart,Vape Cart
KAI - Apple,AU-R-000539,Muskegon,49442,1A4050300038CFE000013590,Orange Soda Vape Cart,Vape Cart
KAI - Apple,AU-R-000539,Muskegon,49442,1A4050300038CFE000013591,Orange Soda Vape Cart,Vape Cart
KAI - Apple,AU-R-000539,Muskegon,49442,1A4050300038CFE000013592,Orange Soda Vape Cart,Vape Cart
KAI - Apple,AU-R-000539,Muskegon,49442,1A4050300038CFE000013593,Orange Soda Vape Cart,Vape Cart
KAI - Apple,AU-R-000539,Muskegon,49442,1A4050300038CFE000016900,Orange Soda Vape Cart,Vape Cart
KAI - Apple,AU-R-000539,Muskegon,49442,1A4050300038CFE000016903,Orange Soda Vape Cart,Vape Cart
KAI - Apple,AU-R-000539,Muskegon,49442,1A4050300038CFE000016904,Orange Soda Vape Cart,Vape Cart
KAI - Apple,AU-R-000539,Muskegon,49442,1A4050300038CFE000016906,Orange Soda Vape Cart,Vape Cart
KAI - Apple,AU-R-000539,Muskegon,49442,1A4050300038CFE000002407,Peaches and Cream Vape Cart,Vape Cart
KAI - Apple,AU-R-000539,Muskegon,49442,1A4050300038CFE000004987,Peaches and Cream Vape Cart,Vape Cart
KAI - Apple,AU-R-000539,Muskegon,49442,1A4050300038CFE000009905,Sour Apple 1g Disposable,Vape Cart
KAI - Apple,AU-R-000539,Muskegon,49442,1A4050300038CFE000013372,Strawberry Shortcake Vape Cart,Vape Cart
KAI - Apple,AU-R-000539,Muskegon,49442,1A4050300038CFE000012368,Watermelon Freeze Disposables,Vape Cart
KAI - Apple,AU-R-000539,Muskegon,49442,1A4050300038CFE000013377,Watermelon Freeze Disposables,Vape Cart
KAI - Apple,AU-R-000539,Muskegon,49442,1A4050300038CFE000015987,Watermelon Freeze Disposables,Vape Cart
KAI - Apple,AU-R-000539,Muskegon,49442,1A4050300038CFE000015996,Watermelon Freeze Disposables,Vape Cart
KAI - Apple,AU-R-000539,Muskegon,49442,1A4050300038CFE000012362,Watermelon Freeze Vape Cart,Vape Cart
KAI - Apple,AU-R-000539,Muskegon,49442,1A4050300038CFE000013421,Watermelon Freeze Vape Cart,Vape Cart
KAI - Apple,AU-R-000539,Muskegon,49442,1A4050300038CFE000013424,Watermelon Freeze Vape Cart,Vape Cart
KAI - Apple,AU-R-000539,Muskegon,49442,1A4050300038CFE000013425,Watermelon Freeze Vape Cart,Vape Cart
KAI - Apple,AU-R-000539,Muskegon,49442,1A4050300038CFE000013426,Watermelon Freeze Vape Cart,Vape Cart
King of Budz,AU-R-000826,Monroe,48161,1A4050300038CFE000021602,Blue Raspberry 1g Infused Preroll,Infused Pre-Rolls
King of Budz,AU-R-000826,Monroe,48161,1A4050300038CFE000003481,Grape Infused 1g Preroll,Infused Pre-Rolls
King of Budz,AU-R-000826,Monroe,48161,1A4050300038CFE000009803,OG 1g Infused Preroll,Infused Pre-Rolls
King of Budz,AU-R-000826,Monroe,48161,1A4050300038CFE000010561,OG 1g Infused Preroll,Infused Pre-Rolls
King of Budz,AU-R-000826,Monroe,48161,1A4050300038CFE000011488,OG 1g Infused Preroll,Infused Pre-Rolls
King of Budz,AU-R-000826,Monroe,48161,1A4050300038CFE000012846,OG 1g Infused Preroll,Infused Pre-Rolls
King of Budz,AU-R-000826,Monroe,48161,1A4050300038CFE000015284,OG 1g Infused Preroll,Infused Pre-Rolls
King of Budz,AU-R-000826,Monroe,48161,1A4050300038CFE000021605,OG 1g Infused Preroll,Infused Pre-Rolls
King of Budz,AU-R-000826,Monroe,48161,1A4050300038CFE000006588,Peach Mango 1g Infused Preroll,Infused Pre-Rolls
King of Budz,AU-R-000826,Monroe,48161,1A4050300038CFE000007768,Peach Mango 1g Infused Preroll,Infused Pre-Rolls
King of Budz,AU-R-000826,Monroe,48161,1A4050300038CFE000009807,Peach Mango 1g Infused Preroll,Infused Pre-Rolls
King of Budz,AU-R-000826,Monroe,48161,1A4050300038CFE000010560,Peach Mango 1g Infused Preroll,Infused Pre-Rolls
King of Budz,AU-R-000826,Monroe,48161,1A4050300038CFE000011486,Peach Mango 1g Infused Preroll,Infused Pre-Rolls
King of Budz,AU-R-000826,Monroe,48161,1A4050300038CFE000012844,Peach Mango 1g Infused Preroll,Infused Pre-Rolls
King of Budz,AU-R-000826,Monroe,48161,1A4050300038CFE000015098,Peach Mango 1g Infused Preroll,Infused Pre-Rolls
King of Budz,AU-R-000826,Monroe,48161,1A4050300038CFE000012845,Pineapple 1g Infused Preroll,Infused Pre-Rolls
King of Budz,AU-R-000826,Monroe,48161,1A4050300038CFE000021470,Pineapple 1g Infused Preroll,Infused Pre-Rolls
King of Budz,AU-R-000826,Monroe,48161,1A4050300038CFE000006586,Skywalker 1g Infused Preroll,Infused Pre-Rolls
King of Budz,AU-R-000826,Monroe,48161,1A4050300038CFE000009806,Skywalker 1g Infused Preroll,Infused Pre-Rolls
King of Budz,AU-R-000826,Monroe,48161,1A4050300038CFE000010562,Skywalker 1g Infused Preroll,Infused Pre-Rolls
King of Budz,AU-R-000826,Monroe,48161,1A4050300038CFE000012847,Skywalker 1g Infused Preroll,Infused Pre-Rolls
King of Budz,AU-R-000826,Monroe,48161,1A4050300038CFE000021471,Skywalker 1g Infused Preroll,Infused Pre-Rolls
King of Budz,AU-R-000826,Monroe,48161,1A4050300038CFE000004817,Strawberry 1g Infused Preroll,Infused Pre-Rolls
King of Budz,AU-R-000826,Monroe,48161,1A4050300038CFE000009802,Strawberry 1g Infused Preroll,Infused Pre-Rolls
King of Budz,AU-R-000826,Monroe,48161,1A4050300038CFE000010563,Strawberry 1g Infused Preroll,Infused Pre-Rolls
King of Budz,AU-R-000826,Monroe,48161,1A4050300038CFE000011489,Strawberry 1g Infused Preroll,Infused Pre-Rolls
King of Budz,AU-R-000826,Monroe,48161,1A4050300038CFE000012848,Strawberry 1g Infused Preroll,Infused Pre-Rolls
King of Budz,AU-R-000826,Monroe,48161,1A4050300038CFE000015103,Strawberry 1g Infused Preroll,Infused Pre-Rolls
King of Budz,AU-R-000826,Monroe,48161,1A4050300038CFE000003474,Watermelon 1g Infused Preroll,Infused Pre-Rolls
King of Budz,AU-R-000826,Monroe,48161,1A4050300038CFE000005706,Watermelon 1g Infused Preroll,Infused Pre-Rolls
King of Budz,AU-R-000826,Monroe,48161,1A4050300038CFE000006590,Watermelon 1g Infused Preroll,Infused Pre-Rolls
King of Budz,AU-R-000826,Monroe,48161,1A4050300038CFE000009804,Watermelon 1g Infused Preroll,Infused Pre-Rolls
King of Budz,AU-R-000826,Monroe,48161,1A4050300038CFE000010564,Watermelon 1g Infused Preroll,Infused Pre-Rolls
King of Budz,AU-R-000826,Monroe,48161,1A4050300038CFE000011490,Watermelon 1g Infused Preroll,Infused Pre-Rolls
King of Budz,AU-R-000826,Monroe,48161,1A4050300038CFE000012849,Watermelon 1g Infused Preroll,Infused Pre-Rolls
King of Budz,AU-R-000826,Monroe,48161,1A4050300038CFE000015101,Watermelon 1g Infused Preroll,Infused Pre-Rolls
King of Budz,AU-R-000826,Monroe,48161,1A4050300038CFE000021472,Watermelon 1g Infused Preroll,Infused Pre-Rolls
King of Budz,AU-R-000826,Monroe,48161,1A4050300038CFE000006591,Waui 1g Infused Preroll,Infused Pre-Rolls
King of Budz,AU-R-000826,Monroe,48161,1A4050300038CFE000007772,Waui 1g Infused Preroll,Infused Pre-Rolls
King of Budz,AU-R-000826,Monroe,48161,1A4050300038CFE000009805,Waui 1g Infused Preroll,Infused Pre-Rolls
King of Budz,AU-R-000826,Monroe,48161,1A4050300038CFE000010565,Waui 1g Infused Preroll,Infused Pre-Rolls
King of Budz,AU-R-000826,Monroe,48161,1A4050300038CFE000011491,Waui 1g Infused Preroll,Infused Pre-Rolls
King of Budz,AU-R-000826,Monroe,48161,1A4050300038CFE000012850,Waui 1g Infused Preroll,Infused Pre-Rolls
King of Budz,AU-R-000826,Monroe,48161,1A4050300038CFE000015102,Waui 1g Infused Preroll,Infused Pre-Rolls
King of Budz,AU-R-000826,Monroe,48161,1A4050300038CFE000021611,Waui 1g Infused Preroll,Infused Pre-Rolls
King of Budz,AU-R-000826,Monroe,48161,1A4050300038CFE000010008,Banana Split 1g Disposable,Vape Cart
King of Budz,AU-R-000826,Monroe,48161,1A4050300038CFE000010536,Banana Split 1g Disposable,Vape Cart
King of Budz,AU-R-000826,Monroe,48161,1A4050300038CFE000011827,Banana Split 1g Disposable,Vape Cart
King of Budz,AU-R-000826,Monroe,48161,1A4050300038CFE000015245,Banana Split 1g Disposable,Vape Cart
King of Budz,AU-R-000826,Monroe,48161,1A4050300038CFE000015246,Banana Split 1g Disposable,Vape Cart
King of Budz,AU-R-000826,Monroe,48161,1A4050300038CFE000015247,Banana Split 1g Disposable,Vape Cart
King of Budz,AU-R-000826,Monroe,48161,1A4050300038CFE000015248,Banana Split 1g Disposable,Vape Cart
King of Budz,AU-R-000826,Monroe,48161,1A4050300038CFE000010531,Banana Split Vape Cart,Vape Cart
King of Budz,AU-R-000826,Monroe,48161,1A4050300038CFE000012862,Banana Split Vape Cart,Vape Cart
King of Budz,AU-R-000826,Monroe,48161,1A4050300038CFE000015137,Banana Split Vape Cart,Vape Cart
King of Budz,AU-R-000826,Monroe,48161,1A4050300038CFE000015138,Banana Split Vape Cart,Vape Cart
King of Budz,AU-R-000826,Monroe,48161,1A4050300038CFE000015139,Banana Split Vape Cart,Vape Cart
King of Budz,AU-R-000826,Monroe,48161,1A4050300038CFE000015140,Banana Split Vape Cart,Vape Cart
King of Budz,AU-R-000826,Monroe,48161,1A4050300038CFE000017471,Banana Split Vape Cart,Vape Cart
King of Budz,AU-R-000826,Monroe,48161,1A4050300038CFE000017478,Banana Split Vape Cart,Vape Cart
King of Budz,AU-R-000826,Monroe,48161,1A4050300038CFE000017480,Banana Split Vape Cart,Vape Cart
King of Budz,AU-R-000826,Monroe,48161,1A4050300038CFE000017482,Banana Split Vape Cart,Vape Cart
King of Budz,AU-R-000826,Monroe,48161,1A4050300038CFE000017507,Banana Split Vape Cart,Vape Cart
King of Budz,AU-R-000826,Monroe,48161,1A4050300038CFE000017508,Banana Split Vape Cart,Vape Cart
King of Budz,AU-R-000826,Monroe,48161,1A4050300038CFE000017509,Banana Split Vape Cart,Vape Cart
King of Budz,AU-R-000826,Monroe,48161,1A4050300038CFE000017510,Banana Split Vape Cart,Vape Cart
King of Budz,AU-R-000826,Monroe,48161,1A4050300038CFE000010535,Blue Dream 1g Disposable,Vape Cart
King of Budz,AU-R-000826,Monroe,48161,1A4050300038CFE000011829,Blue Dream 1g Disposable,Vape Cart
King of Budz,AU-R-000826,Monroe,48161,1A4050300038CFE000012868,Blue Dream 1g Disposable,Vape Cart
King of Budz,AU-R-000826,Monroe,48161,1A4050300038CFE000014106,Blue Dream 1g Disposable,Vape Cart
King of Budz,AU-R-000826,Monroe,48161,1A4050300038CFE000015343,Blue Dream Box 5 PK Vape Cart,Vape Cart
King of Budz,AU-R-000826,Monroe,48161,1A4050300038CFE000010528,Blue Dream Vape Cart,Vape Cart
King of Budz,AU-R-000826,Monroe,48161,1A4050300038CFE000011146,Blue Dream Vape Cart,Vape Cart
King of Budz,AU-R-000826,Monroe,48161,1A4050300038CFE000011156,Blue Dream Vape Cart,Vape Cart
King of Budz,AU-R-000826,Monroe,48161,1A4050300038CFE000011160,Blue Dream Vape Cart,Vape Cart
King of Budz,AU-R-000826,Monroe,48161,1A4050300038CFE000011168,Blue Dream Vape Cart,Vape Cart
King of Budz,AU-R-000826,Monroe,48161,1A4050300038CFE000012860,Blue Dream Vape Cart,Vape Cart
King of Budz,AU-R-000826,Monroe,48161,1A4050300038CFE000015172,Blue Dream Vape Cart,Vape Cart
King of Budz,AU-R-000826,Monroe,48161,1A4050300038CFE000015173,Blue Dream Vape Cart,Vape Cart
King of Budz,AU-R-000826,Monroe,48161,1A4050300038CFE000015174,Blue Dream Vape Cart,Vape Cart
King of Budz,AU-R-000826,Monroe,48161,1A4050300038CFE000015175,Blue Dream Vape Cart,Vape Cart
King of Budz,AU-R-000826,Monroe,48161,1A4050300038CFE000010007,Blue Razz 1g Disposable,Vape Cart
King of Budz,AU-R-000826,Monroe,48161,1A4050300038CFE000010538,Blue Razz 1g Disposable,Vape Cart
King of Budz,AU-R-000826,Monroe,48161,1A4050300038CFE000012870,Blue Razz 1g Disposable,Vape Cart
King of Budz,AU-R-000826,Monroe,48161,1A4050300038CFE000019800,Blue Razz 1g Disposable,Vape Cart
King of Budz,AU-R-000826,Monroe,48161,1A4050300038CFE000017634,Blue Razz Box 5 PK Vape Cart,Vape Cart
King of Budz,AU-R-000826,Monroe,48161,1A4050300038CFE000019092,Blue Razz Box 5 PK Vape Cart,Vape Cart
King of Budz,AU-R-000826,Monroe,48161,1A4050300038CFE000012865,Blue Razz Vape Cart,Vape Cart
King of Budz,AU-R-000826,Monroe,48161,1A4050300038CFE000016248,Blueberry Pancake 1g Disposable,Vape Cart
King of Budz,AU-R-000826,Monroe,48161,1A4050300038CFE000016254,Blueberry Pancake 1g Disposable,Vape Cart
King of Budz,AU-R-000826,Monroe,48161,1A4050300038CFE000010522,Blueberry Pancake 1g vape,Vape Cart
King of Budz,AU-R-000826,Monroe,48161,1A4050300038CFE000011359,Blueberry Pancake 1g vape,Vape Cart
King of Budz,AU-R-000826,Monroe,48161,1A4050300038CFE000011363,Blueberry Pancake 1g vape,Vape Cart
King of Budz,AU-R-000826,Monroe,48161,1A4050300038CFE000011368,Blueberry Pancake 1g vape,Vape Cart
King of Budz,AU-R-000826,Monroe,48161,1A4050300038CFE000011378,Blueberry Pancake 1g vape,Vape Cart
King of Budz,AU-R-000826,Monroe,48161,1A4050300038CFE000015276,Blueberry Pancake 1g vape,Vape Cart
King of Budz,AU-R-000826,Monroe,48161,1A4050300038CFE000017070,Blueberry Pancake 1g vape,Vape Cart
King of Budz,AU-R-000826,Monroe,48161,1A4050300038CFE000018123,Blueberry Pancake 1g vape,Vape Cart
King of Budz,AU-R-000826,Monroe,48161,1A4050300038CFE000018131,Blueberry Pancake 1g vape,Vape Cart
King of Budz,AU-R-000826,Monroe,48161,1A4050300038CFE000018132,Blueberry Pancake 1g vape,Vape Cart
King of Budz,AU-R-000826,Monroe,48161,1A4050300038CFE000018137,Blueberry Pancake 1g vape,Vape Cart
King of Budz,AU-R-000826,Monroe,48161,1A4050300038CFE000015951,Bubble Gum 1g vape,Vape Cart
King of Budz,AU-R-000826,Monroe,48161,1A4050300038CFE000015952,Bubble Gum 1g vape,Vape Cart
King of Budz,AU-R-000826,Monroe,48161,1A4050300038CFE000015953,Bubble Gum 1g vape,Vape Cart
King of Budz,AU-R-000826,Monroe,48161,1A4050300038CFE000015954,Bubble Gum 1g vape,Vape Cart
King of Budz,AU-R-000826,Monroe,48161,1A4050300038CFE000019006,Bubble Gum 1g vape,Vape Cart
King of Budz,AU-R-000826,Monroe,48161,1A4050300038CFE000017635,Bubble Gum Box 5 PK Vape Cart,Vape Cart
King of Budz,AU-R-000826,Monroe,48161,1A4050300038CFE000018544,Bubble Gum Box 5 PK Vape Cart,Vape Cart
King of Budz,AU-R-000826,Monroe,48161,1A4050300038CFE000018546,Bubble Gum Box 5 PK Vape Cart,Vape Cart
King of Budz,AU-R-000826,Monroe,48161,1A4050300038CFE000015889,Cereal Milk 1g Vape,Vape Cart
King of Budz,AU-R-000826,Monroe,48161,1A4050300038CFE000015892,Cereal Milk 1g Vape,Vape Cart
King of Budz,AU-R-000826,Monroe,48161,1A4050300038CFE000015893,Cereal Milk 1g Vape,Vape Cart
King of Budz,AU-R-000826,Monroe,48161,1A4050300038CFE000015894,Cereal Milk 1g Vape,Vape Cart
King of Budz,AU-R-000826,Monroe,48161,1A4050300038CFE000016818,Cherry Pie 1g Disposable,Vape Cart
King of Budz,AU-R-000826,Monroe,48161,1A4050300038CFE000016824,Cherry Pie 1g Disposable,Vape Cart
King of Budz,AU-R-000826,Monroe,48161,1A4050300038CFE000016829,Cherry Pie 1g Disposable,Vape Cart
King of Budz,AU-R-000826,Monroe,48161,1A4050300038CFE000016835,Cherry Pie 1g Disposable,Vape Cart
King of Budz,AU-R-000826,Monroe,48161,1A4050300038CFE000012856,Cherry Pie Vape Cart,Vape Cart
King of Budz,AU-R-000826,Monroe,48161,1A4050300038CFE000014879,Cherry Pie Vape Cart,Vape Cart
King of Budz,AU-R-000826,Monroe,48161,1A4050300038CFE000014883,Cherry Pie Vape Cart,Vape Cart
King of Budz,AU-R-000826,Monroe,48161,1A4050300038CFE000014884,Cherry Pie Vape Cart,Vape Cart
King of Budz,AU-R-000826,Monroe,48161,1A4050300038CFE000014885,Cherry Pie Vape Cart,Vape Cart
King of Budz,AU-R-000826,Monroe,48161,1A4050300038CFE000018993,Cherry Pie Vape Cart,Vape Cart
King of Budz,AU-R-000826,Monroe,48161,1A4050300038CFE000015914,Dirty Shirly 1g Vape,Vape Cart
King of Budz,AU-R-000826,Monroe,48161,1A4050300038CFE000015915,Dirty Shirly 1g Vape,Vape Cart
King of Budz,AU-R-000826,Monroe,48161,1A4050300038CFE000015926,Dirty Shirly 1g Vape,Vape Cart
King of Budz,AU-R-000826,Monroe,48161,1A4050300038CFE000015935,Dirty Shirly 1g Vape,Vape Cart
King of Budz,AU-R-000826,Monroe,48161,1A4050300038CFE000010537,Fruity Pebbles 1g Disposable,Vape Cart
King of Budz,AU-R-000826,Monroe,48161,1A4050300038CFE000012867,Fruity Pebbles 1g Disposable,Vape Cart
King of Budz,AU-R-000826,Monroe,48161,1A4050300038CFE000014761,Fruity Pebbles 1g Disposable,Vape Cart
King of Budz,AU-R-000826,Monroe,48161,1A4050300038CFE000017190,Fruity Pebbles 1g Disposable,Vape Cart
King of Budz,AU-R-000826,Monroe,48161,1A4050300038CFE000017192,Fruity Pebbles 1g Disposable,Vape Cart
King of Budz,AU-R-000826,Monroe,48161,1A4050300038CFE000017204,Fruity Pebbles 1g Disposable,Vape Cart
King of Budz,AU-R-000826,Monroe,48161,1A4050300038CFE000017205,Fruity Pebbles 1g Disposable,Vape Cart
King of Budz,AU-R-000826,Monroe,48161,1A4050300038CFE000012861,Fruity Pebbles Vape Cart,Vape Cart
King of Budz,AU-R-000826,Monroe,48161,1A4050300038CFE000014993,Fruity Pebbles Vape Cart,Vape Cart
King of Budz,AU-R-000826,Monroe,48161,1A4050300038CFE000015002,Fruity Pebbles Vape Cart,Vape Cart
King of Budz,AU-R-000826,Monroe,48161,1A4050300038CFE000015007,Fruity Pebbles Vape Cart,Vape Cart
King of Budz,AU-R-000826,Monroe,48161,1A4050300038CFE000017571,Fruity Pebbles Vape Cart,Vape Cart
King of Budz,AU-R-000826,Monroe,48161,1A4050300038CFE000018994,Fruity Pebbles Vape Cart,Vape Cart
King of Budz,AU-R-000826,Monroe,48161,1A4050300038CFE000020389,Fruity Pebbles Vape Cart,Vape Cart
King of Budz,AU-R-000826,Monroe,48161,1A4050300038CFE000010523,Grape Soda 1g Vape,Vape Cart
King of Budz,AU-R-000826,Monroe,48161,1A4050300038CFE000011079,Grape Soda 1g Vape,Vape Cart
King of Budz,AU-R-000826,Monroe,48161,1A4050300038CFE000011082,Grape Soda 1g Vape,Vape Cart
King of Budz,AU-R-000826,Monroe,48161,1A4050300038CFE000011084,Grape Soda 1g Vape,Vape Cart
King of Budz,AU-R-000826,Monroe,48161,1A4050300038CFE000011085,Grape Soda 1g Vape,Vape Cart
King of Budz,AU-R-000826,Monroe,48161,1A4050300038CFE000012859,Grape Soda 1g Vape,Vape Cart
King of Budz,AU-R-000826,Monroe,48161,1A4050300038CFE000015034,Grape Soda 1g Vape,Vape Cart
King of Budz,AU-R-000826,Monroe,48161,1A4050300038CFE000015052,Grape Soda 1g Vape,Vape Cart
King of Budz,AU-R-000826,Monroe,48161,1A4050300038CFE000015057,Grape Soda 1g Vape,Vape Cart
King of Budz,AU-R-000826,Monroe,48161,1A4050300038CFE000015058,Grape Soda 1g Vape,Vape Cart
King of Budz,AU-R-000826,Monroe,48161,1A4050300038CFE000016789,Grape Soda 1g Vape,Vape Cart
King of Budz,AU-R-000826,Monroe,48161,1A4050300038CFE000016790,Grape Soda 1g Vape,Vape Cart
King of Budz,AU-R-000826,Monroe,48161,1A4050300038CFE000016791,Grape Soda 1g Vape,Vape Cart
King of Budz,AU-R-000826,Monroe,48161,1A4050300038CFE000016794,Grape Soda 1g Vape,Vape Cart
King of Budz,AU-R-000826,Monroe,48161,1A4050300038CFE000018995,Grape Soda 1g Vape,Vape Cart
King of Budz,AU-R-000826,Monroe,48161,1A4050300038CFE000015329,Grape Soda Box 5 PK Vape Cart,Vape Cart
King of Budz,AU-R-000826,Monroe,48161,1A4050300038CFE000019000,Grape Soda Box 5 PK Vape Cart,Vape Cart
King of Budz,AU-R-000826,Monroe,48161,1A4050300038CFE000010005,Jungle Juice 1g Disposable,Vape Cart
King of Budz,AU-R-000826,Monroe,48161,1A4050300038CFE000010541,Jungle Juice 1g Disposable,Vape Cart
King of Budz,AU-R-000826,Monroe,48161,1A4050300038CFE000016005,Jungle Juice 1g Disposable,Vape Cart
King of Budz,AU-R-000826,Monroe,48161,1A4050300038CFE000016010,Jungle Juice 1g Disposable,Vape Cart
King of Budz,AU-R-000826,Monroe,48161,1A4050300038CFE000016012,Jungle Juice 1g Disposable,Vape Cart
King of Budz,AU-R-000826,Monroe,48161,1A4050300038CFE000012854,Jungle Juice Vape Cart,Vape Cart
King of Budz,AU-R-000826,Monroe,48161,1A4050300038CFE000014389,Jungle Juice Vape Cart,Vape Cart
King of Budz,AU-R-000826,Monroe,48161,1A4050300038CFE000014403,Jungle Juice Vape Cart,Vape Cart
King of Budz,AU-R-000826,Monroe,48161,1A4050300038CFE000014404,Jungle Juice Vape Cart,Vape Cart
King of Budz,AU-R-000826,Monroe,48161,1A4050300038CFE000014405,Jungle Juice Vape Cart,Vape Cart
King of Budz,AU-R-000826,Monroe,48161,1A4050300038CFE000017641,Jungle Juice Vape Cart,Vape Cart
King of Budz,AU-R-000826,Monroe,48161,1A4050300038CFE000018040,Jungle Juice Vape Cart,Vape Cart
King of Budz,AU-R-000826,Monroe,48161,1A4050300038CFE000018051,Jungle Juice Vape Cart,Vape Cart
King of Budz,AU-R-000826,Monroe,48161,1A4050300038CFE000018056,Jungle Juice Vape Cart,Vape Cart
King of Budz,AU-R-000826,Monroe,48161,1A4050300038CFE000018057,Jungle Juice Vape Cart,Vape Cart
King of Budz,AU-R-000826,Monroe,48161,1A4050300038CFE000011826,Lemon Cheese Cake Disposable,Vape Cart
King of Budz,AU-R-000826,Monroe,48161,1A4050300038CFE000012876,Lemon Cheese Cake Disposable,Vape Cart
King of Budz,AU-R-000826,Monroe,48161,1A4050300038CFE000010521,Lemon Cheese Cake Vape,Vape Cart
King of Budz,AU-R-000826,Monroe,48161,1A4050300038CFE000014846,Lemon Cheese Cake Vape,Vape Cart
King of Budz,AU-R-000826,Monroe,48161,1A4050300038CFE000014847,Lemon Cheese Cake Vape,Vape Cart
King of Budz,AU-R-000826,Monroe,48161,1A4050300038CFE000014848,Lemon Cheese Cake Vape,Vape Cart
King of Budz,AU-R-000826,Monroe,48161,1A4050300038CFE000014849,Lemon Cheese Cake Vape,Vape Cart
King of Budz,AU-R-000826,Monroe,48161,1A4050300038CFE000017572,Lemon Cheese Cake Vape,Vape Cart
King of Budz,AU-R-000826,Monroe,48161,1A4050300038CFE000018997,Lemon Cheese Cake Vape,Vape Cart
King of Budz,AU-R-000826,Monroe,48161,1A4050300038CFE000010000,Lemon Drop Vape Cart,Vape Cart
King of Budz,AU-R-000826,Monroe,48161,1A4050300038CFE000010011,Lemon Drop Vape Cart,Vape Cart
King of Budz,AU-R-000826,Monroe,48161,1A4050300038CFE000015320,OG Box 5 PK Vape Cart,Vape Cart
King of Budz,AU-R-000826,Monroe,48161,1A4050300038CFE000018552,OG Box 5 PK Vape Cart,Vape Cart
King of Budz,AU-R-000826,Monroe,48161,1A4050300038CFE000015073,OG Disposables,Vape Cart
King of Budz,AU-R-000826,Monroe,48161,1A4050300038CFE000015074,OG Disposables,Vape Cart
King of Budz,AU-R-000826,Monroe,48161,1A4050300038CFE000015075,OG Disposables,Vape Cart
King of Budz,AU-R-000826,Monroe,48161,1A4050300038CFE000015076,OG Disposables,Vape Cart
King of Budz,AU-R-000826,Monroe,48161,1A4050300038CFE000017255,OG Disposables,Vape Cart
King of Budz,AU-R-000826,Monroe,48161,1A4050300038CFE000017269,OG Disposables,Vape Cart
King of Budz,AU-R-000826,Monroe,48161,1A4050300038CFE000017271,OG Disposables,Vape Cart
King of Budz,AU-R-000826,Monroe,48161,1A4050300038CFE000017273,OG Disposables,Vape Cart
King of Budz,AU-R-000826,Monroe,48161,1A4050300038CFE000017275,OG Disposables,Vape Cart
King of Budz,AU-R-000826,Monroe,48161,1A4050300038CFE000010530,OG Vape Cart,Vape Cart
King of Budz,AU-R-000826,Monroe,48161,1A4050300038CFE000017429,OG Vape Cart,Vape Cart
King of Budz,AU-R-000826,Monroe,48161,1A4050300038CFE000010009,Orange Soda 1g Disposable,Vape Cart
King of Budz,AU-R-000826,Monroe,48161,1A4050300038CFE000010539,Orange Soda 1g Disposable,Vape Cart
King of Budz,AU-R-000826,Monroe,48161,1A4050300038CFE000012878,Orange Soda 1g Disposable,Vape Cart
King of Budz,AU-R-000826,Monroe,48161,1A4050300038CFE000009995,Orange Soda Vape Cart,Vape Cart
King of Budz,AU-R-000826,Monroe,48161,1A4050300038CFE000010010,Orange Soda Vape Cart,Vape Cart
King of Budz,AU-R-000826,Monroe,48161,1A4050300038CFE000012872,Orange Soda Vape Cart,Vape Cart
King of Budz,AU-R-000826,Monroe,48161,1A4050300038CFE000013607,Orange Soda Vape Cart,Vape Cart
King of Budz,AU-R-000826,Monroe,48161,1A4050300038CFE000016889,Orange Soda Vape Cart,Vape Cart
King of Budz,AU-R-000826,Monroe,48161,1A4050300038CFE000016891,Orange Soda Vape Cart,Vape Cart
King of Budz,AU-R-000826,Monroe,48161,1A4050300038CFE000016893,Orange Soda Vape Cart,Vape Cart
King of Budz,AU-R-000826,Monroe,48161,1A4050300038CFE000016905,Orange Soda Vape Cart,Vape Cart
King of Budz,AU-R-000826,Monroe,48161,1A4050300038CFE000011332,Peaches and Cream Vape Cart,Vape Cart
King of Budz,AU-R-000826,Monroe,48161,1A4050300038CFE000011336,Peaches and Cream Vape Cart,Vape Cart
King of Budz,AU-R-000826,Monroe,48161,1A4050300038CFE000011340,Peaches and Cream Vape Cart,Vape Cart
King of Budz,AU-R-000826,Monroe,48161,1A4050300038CFE000011342,Peaches and Cream Vape Cart,Vape Cart
King of Budz,AU-R-000826,Monroe,48161,1A4050300038CFE000012866,Peaches and Cream Vape Cart,Vape Cart
King of Budz,AU-R-000826,Monroe,48161,1A4050300038CFE000017631,Pina Colada Box 5 PK Vape Cart,Vape Cart
King of Budz,AU-R-000826,Monroe,48161,1A4050300038CFE000011825,Pina Colada Disposables,Vape Cart
King of Budz,AU-R-000826,Monroe,48161,1A4050300038CFE000016874,Pina Colada Disposables,Vape Cart
King of Budz,AU-R-000826,Monroe,48161,1A4050300038CFE000007998,Pina Colada Vape Cart,Vape Cart
King of Budz,AU-R-000826,Monroe,48161,1A4050300038CFE000008011,Pina Colada Vape Cart,Vape Cart
King of Budz,AU-R-000826,Monroe,48161,1A4050300038CFE000008013,Pina Colada Vape Cart,Vape Cart
King of Budz,AU-R-000826,Monroe,48161,1A4050300038CFE000008018,Pina Colada Vape Cart,Vape Cart
King of Budz,AU-R-000826,Monroe,48161,1A4050300038CFE000016143,Pineapple Express 1g Vape Cart,Vape Cart
King of Budz,AU-R-000826,Monroe,48161,1A4050300038CFE000016144,Pineapple Express 1g Vape Cart,Vape Cart
King of Budz,AU-R-000826,Monroe,48161,1A4050300038CFE000016148,Pineapple Express 1g Vape Cart,Vape Cart
King of Budz,AU-R-000826,Monroe,48161,1A4050300038CFE000016151,Pineapple Express 1g Vape Cart,Vape Cart
King of Budz,AU-R-000826,Monroe,48161,1A4050300038CFE000018086,Pineapple Express 1g Vape Cart,Vape Cart
King of Budz,AU-R-000826,Monroe,48161,1A4050300038CFE000018089,Pineapple Express 1g Vape Cart,Vape Cart
King of Budz,AU-R-000826,Monroe,48161,1A4050300038CFE000018095,Pineapple Express 1g Vape Cart,Vape Cart
King of Budz,AU-R-000826,Monroe,48161,1A4050300038CFE000018098,Pineapple Express 1g Vape Cart,Vape Cart
King of Budz,AU-R-000826,Monroe,48161,1A4050300038CFE000016733,Pink Lemonade 1g Vape Cart,Vape Cart
King of Budz,AU-R-000826,Monroe,48161,1A4050300038CFE000012852,Red Velvet 1g Vape,Vape Cart
King of Budz,AU-R-000826,Monroe,48161,1A4050300038CFE000015277,Red Velvet 1g Vape,Vape Cart
King of Budz,AU-R-000826,Monroe,48161,1A4050300038CFE000017101,Red Velvet Box 5 PK Vape Cart,Vape Cart
King of Budz,AU-R-000826,Monroe,48161,1A4050300038CFE000010004,Sour Apple 1g Disposable,Vape Cart
King of Budz,AU-R-000826,Monroe,48161,1A4050300038CFE000010542,Sour Apple 1g Disposable,Vape Cart
King of Budz,AU-R-000826,Monroe,48161,1A4050300038CFE000009999,Sour Apple Vape Cart,Vape Cart
King of Budz,AU-R-000826,Monroe,48161,1A4050300038CFE000010533,Sour Apple Vape Cart,Vape Cart
King of Budz,AU-R-000826,Monroe,48161,1A4050300038CFE000012851,Strawberry Cough 1g Vape,Vape Cart
King of Budz,AU-R-000826,Monroe,48161,1A4050300038CFE000015218,Strawberry Cough 1g Vape,Vape Cart
King of Budz,AU-R-000826,Monroe,48161,1A4050300038CFE000015219,Strawberry Cough 1g Vape,Vape Cart
King of Budz,AU-R-000826,Monroe,48161,1A4050300038CFE000015220,Strawberry Cough 1g Vape,Vape Cart
King of Budz,AU-R-000826,Monroe,48161,1A4050300038CFE000015221,Strawberry Cough 1g Vape,Vape Cart
King of Budz,AU-R-000826,Monroe,48161,1A4050300038CFE000017642,Strawberry Cough 1g Vape,Vape Cart
King of Budz,AU-R-000826,Monroe,48161,1A4050300038CFE000018998,Strawberry Cough 1g Vape,Vape Cart
King of Budz,AU-R-000826,Monroe,48161,1A4050300038CFE000018556,Strawberry Cough Box 5 PK Vape Cart,Vape Cart
King of Budz,AU-R-000826,Monroe,48161,1A4050300038CFE000014063,Strawberry Shortcake 1g Disposable,Vape Cart
King of Budz,AU-R-000826,Monroe,48161,1A4050300038CFE000016356,Strawberry Shortcake 1g Disposable,Vape Cart
King of Budz,AU-R-000826,Monroe,48161,1A4050300038CFE000016357,Strawberry Shortcake 1g Disposable,Vape Cart
King of Budz,AU-R-000826,Monroe,48161,1A4050300038CFE000016360,Strawberry Shortcake 1g Disposable,Vape Cart
King of Budz,AU-R-000826,Monroe,48161,1A4050300038CFE000016375,Strawberry Shortcake 1g Disposable,Vape Cart
King of Budz,AU-R-000826,Monroe,48161,1A4050300038CFE000020392,Strawberry Shortcake 1g Disposable,Vape Cart
King of Budz,AU-R-000826,Monroe,48161,1A4050300038CFE000019002,Strawberry Shortcake Box 5 PK Vape Cart,Vape Cart
King of Budz,AU-R-000826,Monroe,48161,1A4050300038CFE000012863,Strawberry Shortcake Vape Cart,Vape Cart
King of Budz,AU-R-000826,Monroe,48161,1A4050300038CFE000018996,Strawberry Shortcake Vape Cart,Vape Cart
King of Budz,AU-R-000826,Monroe,48161,1A4050300038CFE000021082,Strawberry Shortcake Vape Cart,Vape Cart
King of Budz,AU-R-000826,Monroe,48161,1A4050300038CFE000021088,Strawberry Shortcake Vape Cart,Vape Cart
King of Budz,AU-R-000826,Monroe,48161,1A4050300038CFE000021091,Strawberry Shortcake Vape Cart,Vape Cart
King of Budz,AU-R-000826,Monroe,48161,1A4050300038CFE000021099,Strawberry Shortcake Vape Cart,Vape Cart
King of Budz,AU-R-000826,Monroe,48161,1A4050300038CFE000021110,Strawberry Shortcake Vape Cart,Vape Cart
King of Budz,AU-R-000826,Monroe,48161,1A4050300038CFE000021125,Strawberry Shortcake Vape Cart,Vape Cart
King of Budz,AU-R-000826,Monroe,48161,1A4050300038CFE000017637,Watermelon Freeze Box 5 PK Vape Cart,Vape Cart
King of Budz,AU-R-000826,Monroe,48161,1A4050300038CFE000019003,Watermelon Freeze Box 5 PK Vape Cart,Vape Cart
King of Budz,AU-R-000826,Monroe,48161,1A4050300038CFE000006751,Watermelon Freeze Disposables,Vape Cart
King of Budz,AU-R-000826,Monroe,48161,1A4050300038CFE000010540,Watermelon Freeze Disposables,Vape Cart
King of Budz,AU-R-000826,Monroe,48161,1A4050300038CFE000011689,Watermelon Freeze Disposables,Vape Cart
King of Budz,AU-R-000826,Monroe,48161,1A4050300038CFE000011690,Watermelon Freeze Disposables,Vape Cart
King of Budz,AU-R-000826,Monroe,48161,1A4050300038CFE000012871,Watermelon Freeze Disposables,Vape Cart
King of Budz,AU-R-000826,Monroe,48161,1A4050300038CFE000014076,Watermelon Freeze Disposables,Vape Cart
King of Budz,AU-R-000826,Monroe,48161,1A4050300038CFE000015980,Watermelon Freeze Disposables,Vape Cart
King of Budz,AU-R-000826,Monroe,48161,1A4050300038CFE000015982,Watermelon Freeze Disposables,Vape Cart
King of Budz,AU-R-000826,Monroe,48161,1A4050300038CFE000018613,Watermelon Freeze Disposables,Vape Cart
King of Budz,AU-R-000826,Monroe,48161,1A4050300038CFE000018616,Watermelon Freeze Disposables,Vape Cart
King of Budz,AU-R-000826,Monroe,48161,1A4050300038CFE000018625,Watermelon Freeze Disposables,Vape Cart
King of Budz,AU-R-000826,Monroe,48161,1A4050300038CFE000018637,Watermelon Freeze Disposables,Vape Cart
King of Budz,AU-R-000826,Monroe,48161,1A4050300038CFE000018638,Watermelon Freeze Disposables,Vape Cart
King of Budz,AU-R-000826,Monroe,48161,1A4050300038CFE000010527,Watermelon Freeze Vape Cart,Vape Cart
King of Budz,AU-R-000826,Monroe,48161,1A4050300038CFE000011824,Watermelon Freeze Vape Cart,Vape Cart
King of Budz,AU-R-000826,Monroe,48161,1A4050300038CFE000012858,Watermelon Freeze Vape Cart,Vape Cart
King of Budz,AU-R-000826,Monroe,48161,1A4050300038CFE000014613,Watermelon Freeze Vape Cart,Vape Cart
King of Budz,AU-R-000826,Monroe,48161,1A4050300038CFE000014618,Watermelon Freeze Vape Cart,Vape Cart
King of Budz,AU-R-000826,Monroe,48161,1A4050300038CFE000014623,Watermelon Freeze Vape Cart,Vape Cart
King of Budz,AU-R-000826,Monroe,48161,1A4050300038CFE000014624,Watermelon Freeze Vape Cart,Vape Cart
King of Budz,AU-R-000826,Monroe,48161,1A4050300038CFE000014630,Watermelon Freeze Vape Cart,Vape Cart
King of Budz,AU-R-000826,Monroe,48161,1A4050300038CFE000014909,Watermelon Freeze Vape Cart,Vape Cart
King of Budz,AU-R-000826,Monroe,48161,1A4050300038CFE000014910,Watermelon Freeze Vape Cart,Vape Cart
King of Budz,AU-R-000826,Monroe,48161,1A4050300038CFE000014911,Watermelon Freeze Vape Cart,Vape Cart
King of Budz,AU-R-000826,Monroe,48161,1A4050300038CFE000018279,Watermelon Freeze Vape Cart,Vape Cart
King of Budz,AU-R-000826,Monroe,48161,1A4050300038CFE000018290,Watermelon Freeze Vape Cart,Vape Cart
King of Budz,AU-R-000826,Monroe,48161,1A4050300038CFE000018292,Watermelon Freeze Vape Cart,Vape Cart
King of Budz,AU-R-000826,Monroe,48161,1A4050300038CFE000018296,Watermelon Freeze Vape Cart,Vape Cart
King of Budz Ferndale,AU-R-000990,City of Ferndale,48220,1A4050300038CFE000017977,Blue Raspberry 1g Infused Preroll,Infused Pre-Rolls
King of Budz Ferndale,AU-R-000990,City of Ferndale,48220,1A4050300038CFE000021421,Blue Raspberry 1g Infused Preroll,Infused Pre-Rolls
King of Budz Ferndale,AU-R-000990,City of Ferndale,48220,1A4050300038CFE000013217,OG 1g Infused Preroll,Infused Pre-Rolls
King of Budz Ferndale,AU-R-000990,City of Ferndale,48220,1A4050300038CFE000017980,OG 1g Infused Preroll,Infused Pre-Rolls
King of Budz Ferndale,AU-R-000990,City of Ferndale,48220,1A4050300038CFE000021423,OG 1g Infused Preroll,Infused Pre-Rolls
King of Budz Ferndale,AU-R-000990,City of Ferndale,48220,1A4050300038CFE000004135,Peach Mango 1g Infused Preroll,Infused Pre-Rolls
King of Budz Ferndale,AU-R-000990,City of Ferndale,48220,1A4050300038CFE000007699,Peach Mango 1g Infused Preroll,Infused Pre-Rolls
King of Budz Ferndale,AU-R-000990,City of Ferndale,48220,1A4050300038CFE000008900,Peach Mango 1g Infused Preroll,Infused Pre-Rolls
King of Budz Ferndale,AU-R-000990,City of Ferndale,48220,1A4050300038CFE000013221,Peach Mango 1g Infused Preroll,Infused Pre-Rolls
King of Budz Ferndale,AU-R-000990,City of Ferndale,48220,1A4050300038CFE000013216,Pineapple 1g Infused Preroll,Infused Pre-Rolls
King of Budz Ferndale,AU-R-000990,City of Ferndale,48220,1A4050300038CFE000021425,Pineapple 1g Infused Preroll,Infused Pre-Rolls
King of Budz Ferndale,AU-R-000990,City of Ferndale,48220,1A4050300038CFE000007690,Skywalker 1g Infused Preroll,Infused Pre-Rolls
King of Budz Ferndale,AU-R-000990,City of Ferndale,48220,1A4050300038CFE000013218,Skywalker 1g Infused Preroll,Infused Pre-Rolls
King of Budz Ferndale,AU-R-000990,City of Ferndale,48220,1A4050300038CFE000015083,Skywalker 1g Infused Preroll,Infused Pre-Rolls
King of Budz Ferndale,AU-R-000990,City of Ferndale,48220,1A4050300038CFE000021427,Skywalker 1g Infused Preroll,Infused Pre-Rolls
King of Budz Ferndale,AU-R-000990,City of Ferndale,48220,1A4050300038CFE000005659,Strawberry 1g Infused Preroll,Infused Pre-Rolls
King of Budz Ferndale,AU-R-000990,City of Ferndale,48220,1A4050300038CFE000005665,Watermelon 1g Infused Preroll,Infused Pre-Rolls
King of Budz Ferndale,AU-R-000990,City of Ferndale,48220,1A4050300038CFE000008902,Watermelon 1g Infused Preroll,Infused Pre-Rolls
King of Budz Ferndale,AU-R-000990,City of Ferndale,48220,1A4050300038CFE000013219,Watermelon 1g Infused Preroll,Infused Pre-Rolls
King of Budz Ferndale,AU-R-000990,City of Ferndale,48220,1A4050300038CFE000021424,Watermelon 1g Infused Preroll,Infused Pre-Rolls
King of Budz Ferndale,AU-R-000990,City of Ferndale,48220,1A4050300038CFE000007695,Waui 1g Infused Preroll,Infused Pre-Rolls
King of Budz Ferndale,AU-R-000990,City of Ferndale,48220,1A4050300038CFE000008903,Waui 1g Infused Preroll,Infused Pre-Rolls
King of Budz Ferndale,AU-R-000990,City of Ferndale,48220,1A4050300038CFE000013220,Waui 1g Infused Preroll,Infused Pre-Rolls
King of Budz Ferndale,AU-R-000990,City of Ferndale,48220,1A4050300038CFE000021426,Waui 1g Infused Preroll,Infused Pre-Rolls
King of Budz Ferndale,AU-R-000990,City of Ferndale,48220,1A4050300038CFE000015229,Banana Split 1g Disposable,Vape Cart
King of Budz Ferndale,AU-R-000990,City of Ferndale,48220,1A4050300038CFE000009891,Banana Split Vape Cart,Vape Cart
King of Budz Ferndale,AU-R-000990,City of Ferndale,48220,1A4050300038CFE000015141,Banana Split Vape Cart,Vape Cart
King of Budz Ferndale,AU-R-000990,City of Ferndale,48220,1A4050300038CFE000014101,Blue Dream 1g Disposable,Vape Cart
King of Budz Ferndale,AU-R-000990,City of Ferndale,48220,1A4050300038CFE000015278,Blue Dream Vape Cart,Vape Cart
King of Budz Ferndale,AU-R-000990,City of Ferndale,48220,1A4050300038CFE000009887,Blue Razz 1g Disposable,Vape Cart
King of Budz Ferndale,AU-R-000990,City of Ferndale,48220,1A4050300038CFE000015279,Blue Razz Vape Cart,Vape Cart
King of Budz Ferndale,AU-R-000990,City of Ferndale,48220,1A4050300038CFE000018312,Blue Razz Vape Cart,Vape Cart
King of Budz Ferndale,AU-R-000990,City of Ferndale,48220,1A4050300038CFE000015280,Blueberry Pancake 1g vape,Vape Cart
King of Budz Ferndale,AU-R-000990,City of Ferndale,48220,1A4050300038CFE000018113,Blueberry Pancake 1g vape,Vape Cart
King of Budz Ferndale,AU-R-000990,City of Ferndale,48220,1A4050300038CFE000018688,Bubble Gum 1g vape,Vape Cart
King of Budz Ferndale,AU-R-000990,City of Ferndale,48220,1A4050300038CFE000014887,Cherry Pie Vape Cart,Vape Cart
King of Budz Ferndale,AU-R-000990,City of Ferndale,48220,1A4050300038CFE000018677,Cherry Pie Vape Cart,Vape Cart
King of Budz Ferndale,AU-R-000990,City of Ferndale,48220,1A4050300038CFE000014751,Fruity Pebbles 1g Disposable,Vape Cart
King of Budz Ferndale,AU-R-000990,City of Ferndale,48220,1A4050300038CFE000015006,Fruity Pebbles Vape Cart,Vape Cart
King of Budz Ferndale,AU-R-000990,City of Ferndale,48220,1A4050300038CFE000015049,Grape Soda 1g Vape,Vape Cart
King of Budz Ferndale,AU-R-000990,City of Ferndale,48220,1A4050300038CFE000018678,Grape Soda 1g Vape,Vape Cart
King of Budz Ferndale,AU-R-000990,City of Ferndale,48220,1A4050300038CFE000014415,Jungle Juice Vape Cart,Vape Cart
King of Budz Ferndale,AU-R-000990,City of Ferndale,48220,1A4050300038CFE000018028,Jungle Juice Vape Cart,Vape Cart
King of Budz Ferndale,AU-R-000990,City of Ferndale,48220,1A4050300038CFE000018680,Lemon Cheese Cake Vape,Vape Cart
King of Budz Ferndale,AU-R-000990,City of Ferndale,48220,1A4050300038CFE000009895,Lemon Drop Vape Cart,Vape Cart
King of Budz Ferndale,AU-R-000990,City of Ferndale,48220,1A4050300038CFE000014631,Lemon Pie Vape Cart,Vape Cart
King of Budz Ferndale,AU-R-000990,City of Ferndale,48220,1A4050300038CFE000014943,OG Vape Cart,Vape Cart
King of Budz Ferndale,AU-R-000990,City of Ferndale,48220,1A4050300038CFE000018682,OG Vape Cart,Vape Cart
King of Budz Ferndale,AU-R-000990,City of Ferndale,48220,1A4050300038CFE000009897,Orange Soda Vape Cart,Vape Cart
King of Budz Ferndale,AU-R-000990,City of Ferndale,48220,1A4050300038CFE000015282,Peaches and Cream Vape Cart,Vape Cart
King of Budz Ferndale,AU-R-000990,City of Ferndale,48220,1A4050300038CFE000008007,Pina Colada Vape Cart,Vape Cart
King of Budz Ferndale,AU-R-000990,City of Ferndale,48220,1A4050300038CFE000018093,Pineapple Express 1g Vape Cart,Vape Cart
King of Budz Ferndale,AU-R-000990,City of Ferndale,48220,1A4050300038CFE000015281,Red Velvet 1g Vape,Vape Cart
King of Budz Ferndale,AU-R-000990,City of Ferndale,48220,1A4050300038CFE000009894,Sour Apple Vape Cart,Vape Cart
King of Budz Ferndale,AU-R-000990,City of Ferndale,48220,1A4050300038CFE000015222,Strawberry Cough 1g Vape,Vape Cart
King of Budz Ferndale,AU-R-000990,City of Ferndale,48220,1A4050300038CFE000006755,Watermelon Freeze Disposables,Vape Cart
King of Budz Ferndale,AU-R-000990,City of Ferndale,48220,1A4050300038CFE000014088,Watermelon Freeze Disposables,Vape Cart
King of Budz Ferndale,AU-R-000990,City of Ferndale,48220,1A4050300038CFE000014607,Watermelon Freeze Vape Cart,Vape Cart
King of Budz Provisioning,AU-R-000936,Detroit,48213,1A4050300038CFE000021628,Blue Raspberry 1g Infused Preroll,Infused Pre-Rolls
King of Budz Provisioning,AU-R-000936,Detroit,48213,1A4050300038CFE000003404,Grape Infused 1g Preroll,Infused Pre-Rolls
King of Budz Provisioning,AU-R-000936,Detroit,48213,1A4050300038CFE000005911,OG 1g Infused Preroll,Infused Pre-Rolls
King of Budz Provisioning,AU-R-000936,Detroit,48213,1A4050300038CFE000011905,OG 1g Infused Preroll,Infused Pre-Rolls
King of Budz Provisioning,AU-R-000936,Detroit,48213,1A4050300038CFE000021632,OG 1g Infused Preroll,Infused Pre-Rolls
King of Budz Provisioning,AU-R-000936,Detroit,48213,1A4050300038CFE000003405,Peach Mango 1g Infused Preroll,Infused Pre-Rolls
King of Budz Provisioning,AU-R-000936,Detroit,48213,1A4050300038CFE000007679,Peach Mango 1g Infused Preroll,Infused Pre-Rolls
King of Budz Provisioning,AU-R-000936,Detroit,48213,1A4050300038CFE000011903,Peach Mango 1g Infused Preroll,Infused Pre-Rolls
King of Budz Provisioning,AU-R-000936,Detroit,48213,1A4050300038CFE000021631,Pineapple 1g Infused Preroll,Infused Pre-Rolls
King of Budz Provisioning,AU-R-000936,Detroit,48213,1A4050300038CFE000007684,Skywalker 1g Infused Preroll,Infused Pre-Rolls
King of Budz Provisioning,AU-R-000936,Detroit,48213,1A4050300038CFE000021633,Skywalker 1g Infused Preroll,Infused Pre-Rolls
King of Budz Provisioning,AU-R-000936,Detroit,48213,1A4050300038CFE000011906,Strawberry 1g Infused Preroll,Infused Pre-Rolls
King of Budz Provisioning,AU-R-000936,Detroit,48213,1A4050300038CFE000003401,Watermelon 1g Infused Preroll,Infused Pre-Rolls
King of Budz Provisioning,AU-R-000936,Detroit,48213,1A4050300038CFE000011907,Watermelon 1g Infused Preroll,Infused Pre-Rolls
King of Budz Provisioning,AU-R-000936,Detroit,48213,1A4050300038CFE000021634,Watermelon 1g Infused Preroll,Infused Pre-Rolls
King of Budz Provisioning,AU-R-000936,Detroit,48213,1A4050300038CFE000007685,Waui 1g Infused Preroll,Infused Pre-Rolls
King of Budz Provisioning,AU-R-000936,Detroit,48213,1A4050300038CFE000011908,Waui 1g Infused Preroll,Infused Pre-Rolls
King of Budz Provisioning,AU-R-000936,Detroit,48213,1A4050300038CFE000021635,Waui 1g Infused Preroll,Infused Pre-Rolls
King of Budz Provisioning,AU-R-000936,Detroit,48213,1A4050300038CFE000000685,Fruity Pebbles Vape Cart,Vape Cart
King of Budz Provisioning,AU-R-000936,Detroit,48213,1A4050300038CFE000000689,Lemon Drop Vape Cart,Vape Cart
King of Budz Provisioning,AU-R-000936,Detroit,48213,1A4050300038CFE000000686,Sour Apple Vape Cart,Vape Cart
Kush Kabana,AU-R-001089,Eau Claire,49111,1A4050300038CFE000015653,Blue Dream Vape Cart,Vape Cart
Kush Kabana,AU-R-001089,Eau Claire,49111,1A4050300038CFE000015654,Cherry Pie Vape Cart,Vape Cart
Kush Kabana,AU-R-001089,Eau Claire,49111,1A4050300038CFE000015020,Fruity Pebbles Vape Cart,Vape Cart
Kush Kabana,AU-R-001089,Eau Claire,49111,1A4050300038CFE000015021,Fruity Pebbles Vape Cart,Vape Cart
Kush Kabana,AU-R-001089,Eau Claire,49111,1A4050300038CFE000015714,Lemon Drop Vape Cart,Vape Cart
Kush Kabana,AU-R-001089,Eau Claire,49111,1A4050300038CFE000015715,Lemon Drop Vape Cart,Vape Cart
Kush Kabana,AU-R-001089,Eau Claire,49111,1A4050300038CFE000015709,OG Vape Cart,Vape Cart
Kush Kabana,AU-R-001089,Eau Claire,49111,1A4050300038CFE000015711,OG Vape Cart,Vape Cart
Lab Link Testing LLC,AU-SC-000133,Madison Heights,48071,1A4050300038CFE000014652,Banana Split 1g Disposable,Vape Cart
Lab Link Testing LLC,AU-SC-000133,Madison Heights,48071,1A4050300038CFE000012301,Banana Split Vape Cart,Vape Cart
Lab Link Testing LLC,AU-SC-000133,Madison Heights,48071,1A4050300038CFE000014648,Banana Split Vape Cart,Vape Cart
Lab Link Testing LLC,AU-SC-000133,Madison Heights,48071,1A4050300038CFE000017152,Banana Split Vape Cart,Vape Cart
Lab Link Testing LLC,AU-SC-000133,Madison Heights,48071,1A4050300038CFE000012101,Blue Dream 1g Disposable,Vape Cart
Lab Link Testing LLC,AU-SC-000133,Madison Heights,48071,1A4050300038CFE000012409,Blue Dream Vape Cart,Vape Cart
Lab Link Testing LLC,AU-SC-000133,Madison Heights,48071,1A4050300038CFE000014649,Blue Dream Vape Cart,Vape Cart
Lab Link Testing LLC,AU-SC-000133,Madison Heights,48071,1A4050300038CFE000015807,Blue Dream Vape Cart,Vape Cart
Lab Link Testing LLC,AU-SC-000133,Madison Heights,48071,1A4050300038CFE000012058,Blue Razz 1g Disposable,Vape Cart
Lab Link Testing LLC,AU-SC-000133,Madison Heights,48071,1A4050300038CFE000015841,Blue Razz 1g Disposable,Vape Cart
Lab Link Testing LLC,AU-SC-000133,Madison Heights,48071,1A4050300038CFE000015809,Blue Razz Vape Cart,Vape Cart
Lab Link Testing LLC,AU-SC-000133,Madison Heights,48071,1A4050300038CFE000017692,Blue Razz Vape Cart,Vape Cart
Lab Link Testing LLC,AU-SC-000133,Madison Heights,48071,1A4050300038CFE000015804,Blueberry Pancake 1g Disposable,Vape Cart
Lab Link Testing LLC,AU-SC-000133,Madison Heights,48071,1A4050300038CFE000012607,Blueberry Pancake 1g vape,Vape Cart
Lab Link Testing LLC,AU-SC-000133,Madison Heights,48071,1A4050300038CFE000012707,Blueberry Pancake 1g vape,Vape Cart
Lab Link Testing LLC,AU-SC-000133,Madison Heights,48071,1A4050300038CFE000014748,Blueberry Pancake 1g vape,Vape Cart
Lab Link Testing LLC,AU-SC-000133,Madison Heights,48071,1A4050300038CFE000016718,Blueberry Pancake 1g vape,Vape Cart
Lab Link Testing LLC,AU-SC-000133,Madison Heights,48071,1A4050300038CFE000017688,Blueberry Pancake 1g vape,Vape Cart
Lab Link Testing LLC,AU-SC-000133,Madison Heights,48071,1A4050300038CFE000014745,Bubble Gum 1g vape,Vape Cart
Lab Link Testing LLC,AU-SC-000133,Madison Heights,48071,1A4050300038CFE000015741,Bubble Gum 1g vape,Vape Cart
Lab Link Testing LLC,AU-SC-000133,Madison Heights,48071,1A4050300038CFE000017576,Bubble Gum 1g vape,Vape Cart
Lab Link Testing LLC,AU-SC-000133,Madison Heights,48071,1A4050300038CFE000015738,Cereal Milk 1g Vape,Vape Cart
Lab Link Testing LLC,AU-SC-000133,Madison Heights,48071,1A4050300038CFE000016313,Cherry Pie 1g Disposable,Vape Cart
Lab Link Testing LLC,AU-SC-000133,Madison Heights,48071,1A4050300038CFE000017582,Cherry Pie Vape Cart,Vape Cart
Lab Link Testing LLC,AU-SC-000133,Madison Heights,48071,1A4050300038CFE000015739,Dirty Shirly 1g Vape,Vape Cart
Lab Link Testing LLC,AU-SC-000133,Madison Heights,48071,1A4050300038CFE000012060,Fruity Pebbles 1g Disposable,Vape Cart
Lab Link Testing LLC,AU-SC-000133,Madison Heights,48071,1A4050300038CFE000017090,Fruity Pebbles 1g Disposable,Vape Cart
Lab Link Testing LLC,AU-SC-000133,Madison Heights,48071,1A4050300038CFE000001290,Fruity Pebbles Vape Cart,Vape Cart
Lab Link Testing LLC,AU-SC-000133,Madison Heights,48071,1A4050300038CFE000012405,Fruity Pebbles Vape Cart,Vape Cart
Lab Link Testing LLC,AU-SC-000133,Madison Heights,48071,1A4050300038CFE000014516,Fruity Pebbles Vape Cart,Vape Cart
Lab Link Testing LLC,AU-SC-000133,Madison Heights,48071,1A4050300038CFE000015842,Fruity Pebbles Vape Cart,Vape Cart
Lab Link Testing LLC,AU-SC-000133,Madison Heights,48071,1A4050300038CFE000017246,Fruity Pebbles Vape Cart,Vape Cart
Lab Link Testing LLC,AU-SC-000133,Madison Heights,48071,1A4050300038CFE000018988,Fruity Pebbles Vape Cart,Vape Cart
Lab Link Testing LLC,AU-SC-000133,Madison Heights,48071,1A4050300038CFE000012413,Grape Soda 1g Vape,Vape Cart
Lab Link Testing LLC,AU-SC-000133,Madison Heights,48071,1A4050300038CFE000014518,Grape Soda 1g Vape,Vape Cart
Lab Link Testing LLC,AU-SC-000133,Madison Heights,48071,1A4050300038CFE000016125,Grape Soda 1g Vape,Vape Cart
Lab Link Testing LLC,AU-SC-000133,Madison Heights,48071,1A4050300038CFE000017575,Grape Soda 1g Vape,Vape Cart
Lab Link Testing LLC,AU-SC-000133,Madison Heights,48071,1A4050300038CFE000015749,Jungle Juice 1g Disposable,Vape Cart
Lab Link Testing LLC,AU-SC-000133,Madison Heights,48071,1A4050300038CFE000013233,Jungle Juice Vape Cart,Vape Cart
Lab Link Testing LLC,AU-SC-000133,Madison Heights,48071,1A4050300038CFE000014650,Jungle Juice Vape Cart,Vape Cart
Lab Link Testing LLC,AU-SC-000133,Madison Heights,48071,1A4050300038CFE000016443,Jungle Juice Vape Cart,Vape Cart
Lab Link Testing LLC,AU-SC-000133,Madison Heights,48071,1A4050300038CFE000017686,Jungle Juice Vape Cart,Vape Cart
Lab Link Testing LLC,AU-SC-000133,Madison Heights,48071,1A4050300038CFE000017245,Lemon Cheese Cake Vape,Vape Cart
Lab Link Testing LLC,AU-SC-000133,Madison Heights,48071,1A4050300038CFE000012299,Lemon Drop Vape Cart,Vape Cart
Lab Link Testing LLC,AU-SC-000133,Madison Heights,48071,1A4050300038CFE000014515,Lemon Drop Vape Cart,Vape Cart
Lab Link Testing LLC,AU-SC-000133,Madison Heights,48071,1A4050300038CFE000016124,Lemon Drop Vape Cart,Vape Cart
Lab Link Testing LLC,AU-SC-000133,Madison Heights,48071,1A4050300038CFE000017694,Lemon Drop Vape Cart,Vape Cart
Lab Link Testing LLC,AU-SC-000133,Madison Heights,48071,1A4050300038CFE000012857,Lemon Pie Vape Cart,Vape Cart
Lab Link Testing LLC,AU-SC-000133,Madison Heights,48071,1A4050300038CFE000014520,OG Disposables,Vape Cart
Lab Link Testing LLC,AU-SC-000133,Madison Heights,48071,1A4050300038CFE000017092,OG Disposables,Vape Cart
Lab Link Testing LLC,AU-SC-000133,Madison Heights,48071,1A4050300038CFE000012182,OG Vape Cart,Vape Cart
Lab Link Testing LLC,AU-SC-000133,Madison Heights,48071,1A4050300038CFE000014514,OG Vape Cart,Vape Cart
Lab Link Testing LLC,AU-SC-000133,Madison Heights,48071,1A4050300038CFE000016127,OG Vape Cart,Vape Cart
Lab Link Testing LLC,AU-SC-000133,Madison Heights,48071,1A4050300038CFE000017580,OG Vape Cart,Vape Cart
Lab Link Testing LLC,AU-SC-000133,Madison Heights,48071,1A4050300038CFE000012059,Orange Soda 1g Disposable,Vape Cart
Lab Link Testing LLC,AU-SC-000133,Madison Heights,48071,1A4050300038CFE000012408,Orange Soda Vape Cart,Vape Cart
Lab Link Testing LLC,AU-SC-000133,Madison Heights,48071,1A4050300038CFE000016314,Orange Soda Vape Cart,Vape Cart
Lab Link Testing LLC,AU-SC-000133,Madison Heights,48071,1A4050300038CFE000012102,Peaches and Cream Vape Cart,Vape Cart
Lab Link Testing LLC,AU-SC-000133,Madison Heights,48071,1A4050300038CFE000014746,Peaches and Cream Vape Cart,Vape Cart
Lab Link Testing LLC,AU-SC-000133,Madison Heights,48071,1A4050300038CFE000016312,Pina Colada Disposables,Vape Cart
Lab Link Testing LLC,AU-SC-000133,Madison Heights,48071,1A4050300038CFE000014747,Pina Colada Vape Cart,Vape Cart
Lab Link Testing LLC,AU-SC-000133,Madison Heights,48071,1A4050300038CFE000015806,Pineapple Express 1g Vape Cart,Vape Cart
Lab Link Testing LLC,AU-SC-000133,Madison Heights,48071,1A4050300038CFE000017687,Pineapple Express 1g Vape Cart,Vape Cart
Lab Link Testing LLC,AU-SC-000133,Madison Heights,48071,1A4050300038CFE000015805,Pink Lemonade 1g Vape Cart,Vape Cart
Lab Link Testing LLC,AU-SC-000133,Madison Heights,48071,1A4050300038CFE000016126,Red Velvet 1g Vape,Vape Cart
Lab Link Testing LLC,AU-SC-000133,Madison Heights,48071,1A4050300038CFE000014743,Sour Apple Vape Cart,Vape Cart
Lab Link Testing LLC,AU-SC-000133,Madison Heights,48071,1A4050300038CFE000017578,Sour Apple Vape Cart,Vape Cart
Lab Link Testing LLC,AU-SC-000133,Madison Heights,48071,1A4050300038CFE000014651,Strawberry Cough 1g Vape,Vape Cart
Lab Link Testing LLC,AU-SC-000133,Madison Heights,48071,1A4050300038CFE000017579,Strawberry Cough 1g Vape,Vape Cart
Lab Link Testing LLC,AU-SC-000133,Madison Heights,48071,1A4050300038CFE000012104,Strawberry Shortcake 1g Disposable,Vape Cart
Lab Link Testing LLC,AU-SC-000133,Madison Heights,48071,1A4050300038CFE000015840,Strawberry Shortcake 1g Disposable,Vape Cart
Lab Link Testing LLC,AU-SC-000133,Madison Heights,48071,1A4050300038CFE000014744,Strawberry Shortcake Vape Cart,Vape Cart
Lab Link Testing LLC,AU-SC-000133,Madison Heights,48071,1A4050300038CFE000017577,Strawberry Shortcake Vape Cart,Vape Cart
Lab Link Testing LLC,AU-SC-000133,Madison Heights,48071,1A4050300038CFE000019888,Strawberry Shortcake Vape Cart,Vape Cart
Lab Link Testing LLC,AU-SC-000133,Madison Heights,48071,1A4050300038CFE000012103,Watermelon Freeze Disposables,Vape Cart
Lab Link Testing LLC,AU-SC-000133,Madison Heights,48071,1A4050300038CFE000015747,Watermelon Freeze Disposables,Vape Cart
Lab Link Testing LLC,AU-SC-000133,Madison Heights,48071,1A4050300038CFE000017909,Watermelon Freeze Disposables,Vape Cart
Lab Link Testing LLC,AU-SC-000133,Madison Heights,48071,1A4050300038CFE000012406,Watermelon Freeze Vape Cart,Vape Cart
Lab Link Testing LLC,AU-SC-000133,Madison Heights,48071,1A4050300038CFE000012412,Watermelon Freeze Vape Cart,Vape Cart
Lab Link Testing LLC,AU-SC-000133,Madison Heights,48071,1A4050300038CFE000014513,Watermelon Freeze Vape Cart,Vape Cart
Lab Link Testing LLC,AU-SC-000133,Madison Heights,48071,1A4050300038CFE000017691,Watermelon Freeze Vape Cart,Vape Cart
Leaf and Bud,AU-G-C-001060,Detroit,48238,1A4050300038CFE000010605,Banana Split 1g Disposable,Vape Cart
Leaf and Bud,AU-G-C-001060,Detroit,48238,1A4050300038CFE000010606,Banana Split Vape Cart,Vape Cart
Leaf and Bud,AU-G-C-001060,Detroit,48238,1A4050300038CFE000010616,Blue Dream Vape Cart,Vape Cart
Leaf and Bud,AU-G-C-001060,Detroit,48238,1A4050300038CFE000010614,Blue Razz 1g Disposable,Vape Cart
Leaf and Bud,AU-G-C-001060,Detroit,48238,1A4050300038CFE000000226,Blue Razz Vape Cart,Vape Cart
Leaf and Bud,AU-G-C-001060,Detroit,48238,1A4050300038CFE000010615,Blueberry Pancake 1g vape,Vape Cart
Leaf and Bud,AU-G-C-001060,Detroit,48238,1A4050300038CFE000000228,Cherry Pie Vape Cart,Vape Cart
Leaf and Bud,AU-G-C-001060,Detroit,48238,1A4050300038CFE000010610,Fruity Pebbles 1g Disposable,Vape Cart
Leaf and Bud,AU-G-C-001060,Detroit,48238,1A4050300038CFE000010601,Grape Soda 1g Vape,Vape Cart
Leaf and Bud,AU-G-C-001060,Detroit,48238,1A4050300038CFE000010611,Jungle Juice 1g Disposable,Vape Cart
Leaf and Bud,AU-G-C-001060,Detroit,48238,1A4050300038CFE000000229,Jungle Juice Vape Cart,Vape Cart
Leaf and Bud,AU-G-C-001060,Detroit,48238,1A4050300038CFE000000230,OG Vape Cart,Vape Cart
Leaf and Bud,AU-G-C-001060,Detroit,48238,1A4050300038CFE000010593,OG Vape Cart,Vape Cart
Leaf and Bud,AU-G-C-001060,Detroit,48238,1A4050300038CFE000010613,Orange Soda 1g Disposable,Vape Cart
Leaf and Bud,AU-G-C-001060,Detroit,48238,1A4050300038CFE000010594,Orange Soda Vape Cart,Vape Cart
Leaf and Bud,AU-G-C-001060,Detroit,48238,1A4050300038CFE000000233,Peaches and Cream Vape Cart,Vape Cart
Leaf and Bud,AU-G-C-001060,Detroit,48238,1A4050300038CFE000000234,Pina Colada Vape Cart,Vape Cart
Leaf and Bud,AU-G-C-001060,Detroit,48238,1A4050300038CFE000010612,Watermelon Freeze Disposables,Vape Cart
Leaf and Bud,AU-G-C-001060,Detroit,48238,1A4050300038CFE000010596,Watermelon Freeze Vape Cart,Vape Cart
Leaf and Bud,AU-R-000835,Centerline,48015,1A4050300038CFE000003143,Grape Infused 1g Preroll,Infused Pre-Rolls
Leaf and Bud,AU-R-000835,Centerline,48015,1A4050300038CFE000007141,OG 1g Infused Preroll,Infused Pre-Rolls
Leaf and Bud,AU-R-000835,Centerline,48015,1A4050300038CFE000009593,OG 1g Infused Preroll,Infused Pre-Rolls
Leaf and Bud,AU-R-000835,Centerline,48015,1A4050300038CFE000003145,Peach Mango 1g Infused Preroll,Infused Pre-Rolls
Leaf and Bud,AU-R-000835,Centerline,48015,1A4050300038CFE000007143,Peach Mango 1g Infused Preroll,Infused Pre-Rolls
Leaf and Bud,AU-R-000835,Centerline,48015,1A4050300038CFE000009583,Peach Mango 1g Infused Preroll,Infused Pre-Rolls
Leaf and Bud,AU-R-000835,Centerline,48015,1A4050300038CFE000007139,Skywalker 1g Infused Preroll,Infused Pre-Rolls
Leaf and Bud,AU-R-000835,Centerline,48015,1A4050300038CFE000007744,Skywalker 1g Infused Preroll,Infused Pre-Rolls
Leaf and Bud,AU-R-000835,Centerline,48015,1A4050300038CFE000009579,Skywalker 1g Infused Preroll,Infused Pre-Rolls
Leaf and Bud,AU-R-000835,Centerline,48015,1A4050300038CFE000009719,Skywalker 1g Infused Preroll,Infused Pre-Rolls
Leaf and Bud,AU-R-000835,Centerline,48015,1A4050300038CFE000003144,Watermelon 1g Infused Preroll,Infused Pre-Rolls
Leaf and Bud,AU-R-000835,Centerline,48015,1A4050300038CFE000005740,Watermelon 1g Infused Preroll,Infused Pre-Rolls
Leaf and Bud,AU-R-000835,Centerline,48015,1A4050300038CFE000007144,Waui 1g Infused Preroll,Infused Pre-Rolls
Leaf and Bud,AU-R-000835,Centerline,48015,1A4050300038CFE000009580,Waui 1g Infused Preroll,Infused Pre-Rolls
Leaf and Bud,AU-R-000835,Centerline,48015,1A4050300038CFE000009581,Waui 1g Infused Preroll,Infused Pre-Rolls
Leaf and Bud,AU-R-000835,Centerline,48015,1A4050300038CFE000009724,Waui 1g Infused Preroll,Infused Pre-Rolls
Leaf and Bud,AU-R-000835,Centerline,48015,1A4050300038CFE000011878,Waui 1g Infused Preroll,Infused Pre-Rolls
Leaf and Bud,AU-R-000835,Centerline,48015,1A4050300038CFE000010569,Blue Dream Vape Cart,Vape Cart
Leaf and Bud,AU-R-000835,Centerline,48015,1A4050300038CFE000010519,Blue Razz 1g Disposable,Vape Cart
Leaf and Bud,AU-R-000835,Centerline,48015,1A4050300038CFE000010575,Blueberry Pancake 1g vape,Vape Cart
Leaf and Bud,AU-R-000835,Centerline,48015,1A4050300038CFE000010572,Fruity Pebbles 1g Disposable,Vape Cart
Leaf and Bud,AU-R-000835,Centerline,48015,1A4050300038CFE000010570,Grape Soda 1g Vape,Vape Cart
Leaf and Bud,AU-R-000835,Centerline,48015,1A4050300038CFE000010577,Jungle Juice 1g Disposable,Vape Cart
Leaf and Bud,AU-R-000835,Centerline,48015,1A4050300038CFE000010517,Lemon Cheese Cake Vape,Vape Cart
Leaf and Bud,AU-R-000835,Centerline,48015,1A4050300038CFE000010571,Orange Soda 1g Disposable,Vape Cart
Leaf and Bud,AU-R-000835,Centerline,48015,1A4050300038CFE000010568,Sour Apple Vape Cart,Vape Cart
Leaf and Bud,AU-R-000835,Centerline,48015,1A4050300038CFE000006744,Watermelon Freeze Disposables,Vape Cart
Leaf and Bud,AU-R-000904,Detroit,48238,1A4050300038CFE000009570,OG 1g Infused Preroll,Infused Pre-Rolls
Leaf and Bud,AU-R-000904,Detroit,48238,1A4050300038CFE000010251,OG 1g Infused Preroll,Infused Pre-Rolls
Leaf and Bud,AU-R-000904,Detroit,48238,1A4050300038CFE000009571,Peach Mango 1g Infused Preroll,Infused Pre-Rolls
Leaf and Bud,AU-R-000904,Detroit,48238,1A4050300038CFE000010250,Peach Mango 1g Infused Preroll,Infused Pre-Rolls
Leaf and Bud,AU-R-000904,Detroit,48238,1A4050300038CFE000013385,Pineapple 1g Infused Preroll,Infused Pre-Rolls
Leaf and Bud,AU-R-000904,Detroit,48238,1A4050300038CFE000009568,Skywalker 1g Infused Preroll,Infused Pre-Rolls
Leaf and Bud,AU-R-000904,Detroit,48238,1A4050300038CFE000010252,Skywalker 1g Infused Preroll,Infused Pre-Rolls
Leaf and Bud,AU-R-000904,Detroit,48238,1A4050300038CFE000009573,Strawberry 1g Infused Preroll,Infused Pre-Rolls
Leaf and Bud,AU-R-000904,Detroit,48238,1A4050300038CFE000010253,Strawberry 1g Infused Preroll,Infused Pre-Rolls
Leaf and Bud,AU-R-000904,Detroit,48238,1A4050300038CFE000009575,Watermelon 1g Infused Preroll,Infused Pre-Rolls
Leaf and Bud,AU-R-000904,Detroit,48238,1A4050300038CFE000010254,Watermelon 1g Infused Preroll,Infused Pre-Rolls
Leaf and Bud,AU-R-000904,Detroit,48238,1A4050300038CFE000009574,Waui 1g Infused Preroll,Infused Pre-Rolls
Leaf and Bud,AU-R-000904,Detroit,48238,1A4050300038CFE000010255,Waui 1g Infused Preroll,Infused Pre-Rolls
Leaf and Bud,AU-R-000904,Detroit,48238,1A4050300037BCD000000056,Blue Razz Vape Cart,Vape Cart
Leaf and Bud,AU-R-000904,Detroit,48238,1A4050300037BCD000000058,Cherry Pie Vape Cart,Vape Cart
Leaf and Bud,AU-R-000904,Detroit,48238,1A4050300037BCD000000059,Jungle Juice Vape Cart,Vape Cart
Leaf and Bud,AU-R-000904,Detroit,48238,1A4050300037BCD000000060,OG Vape Cart,Vape Cart
Leaf and Bud,AU-R-000904,Detroit,48238,1A4050300037BCD000000063,Peaches and Cream Vape Cart,Vape Cart
Leaf and Bud,AU-R-000904,Detroit,48238,1A4050300037BCD000000064,Pina Colada Vape Cart,Vape Cart
Leaf and Bud #5,AU-R-001022,Hazel Park,48030,1A4050300038CFE000017875,Blue Raspberry 1g Infused Preroll,Infused Pre-Rolls
Leaf and Bud #5,AU-R-001022,Hazel Park,48030,1A4050300038CFE000013864,OG 1g Infused Preroll,Infused Pre-Rolls
Leaf and Bud #5,AU-R-001022,Hazel Park,48030,1A4050300038CFE000017873,OG 1g Infused Preroll,Infused Pre-Rolls
Leaf and Bud #5,AU-R-001022,Hazel Park,48030,1A4050300038CFE000007119,Peach Mango 1g Infused Preroll,Infused Pre-Rolls
Leaf and Bud #5,AU-R-001022,Hazel Park,48030,1A4050300038CFE000013862,Peach Mango 1g Infused Preroll,Infused Pre-Rolls
Leaf and Bud #5,AU-R-001022,Hazel Park,48030,1A4050300038CFE000017880,Peach Mango 1g Infused Preroll,Infused Pre-Rolls
Leaf and Bud #5,AU-R-001022,Hazel Park,48030,1A4050300038CFE000013863,Pineapple 1g Infused Preroll,Infused Pre-Rolls
Leaf and Bud #5,AU-R-001022,Hazel Park,48030,1A4050300038CFE000007125,Skywalker 1g Infused Preroll,Infused Pre-Rolls
Leaf and Bud #5,AU-R-001022,Hazel Park,48030,1A4050300038CFE000013865,Skywalker 1g Infused Preroll,Infused Pre-Rolls
Leaf and Bud #5,AU-R-001022,Hazel Park,48030,1A4050300038CFE000013866,Strawberry 1g Infused Preroll,Infused Pre-Rolls
Leaf and Bud #5,AU-R-001022,Hazel Park,48030,1A4050300038CFE000017871,Strawberry 1g Infused Preroll,Infused Pre-Rolls
Leaf and Bud #5,AU-R-001022,Hazel Park,48030,1A4050300038CFE000013867,Watermelon 1g Infused Preroll,Infused Pre-Rolls
Leaf and Bud #5,AU-R-001022,Hazel Park,48030,1A4050300038CFE000007124,Waui 1g Infused Preroll,Infused Pre-Rolls
Leaf and Bud #5,AU-R-001022,Hazel Park,48030,1A4050300038CFE000013868,Waui 1g Infused Preroll,Infused Pre-Rolls
Levels,AU-R-000486,Muskegon,49441,1A4050300038CFE000006083,OG 1g Infused Preroll,Infused Pre-Rolls
Levels,AU-R-000486,Muskegon,49441,1A4050300038CFE000009609,OG 1g Infused Preroll,Infused Pre-Rolls
Levels,AU-R-000486,Muskegon,49441,1A4050300038CFE000013006,OG 1g Infused Preroll,Infused Pre-Rolls
Levels,AU-R-000486,Muskegon,49441,1A4050300038CFE000009612,Peach Mango 1g Infused Preroll,Infused Pre-Rolls
Levels,AU-R-000486,Muskegon,49441,1A4050300038CFE000013004,Peach Mango 1g Infused Preroll,Infused Pre-Rolls
Levels,AU-R-000486,Muskegon,49441,1A4050300038CFE000013005,Pineapple 1g Infused Preroll,Infused Pre-Rolls
Levels,AU-R-000486,Muskegon,49441,1A4050300038CFE000013007,Skywalker 1g Infused Preroll,Infused Pre-Rolls
Levels,AU-R-000486,Muskegon,49441,1A4050300038CFE000013008,Strawberry 1g Infused Preroll,Infused Pre-Rolls
Levels,AU-R-000486,Muskegon,49441,1A405030001EE26000021909,Watermelon 1g Infused Preroll,Infused Pre-Rolls
Levels,AU-R-000486,Muskegon,49441,1A405030001EE26000021910,Watermelon 1g Infused Preroll,Infused Pre-Rolls
Levels,AU-R-000486,Muskegon,49441,1A4050300038CFE000002688,Watermelon 1g Infused Preroll,Infused Pre-Rolls
Levels,AU-R-000486,Muskegon,49441,1A4050300038CFE000002876,Watermelon 1g Infused Preroll,Infused Pre-Rolls
Levels,AU-R-000486,Muskegon,49441,1A4050300038CFE000009606,Watermelon 1g Infused Preroll,Infused Pre-Rolls
Levels,AU-R-000486,Muskegon,49441,1A4050300038CFE000013009,Watermelon 1g Infused Preroll,Infused Pre-Rolls
Levels,AU-R-000486,Muskegon,49441,1A4050300038CFE000009604,Waui 1g Infused Preroll,Infused Pre-Rolls
Levels,AU-R-000486,Muskegon,49441,1A4050300038CFE000011738,Waui 1g Infused Preroll,Infused Pre-Rolls
Levels,AU-R-000486,Muskegon,49441,1A4050300038CFE000013010,Waui 1g Infused Preroll,Infused Pre-Rolls
Levels,AU-R-000486,Muskegon,49441,1A4050300038CFE000014725,Banana Split Vape Cart,Vape Cart
Levels,AU-R-000486,Muskegon,49441,1A4050300038CFE000011777,Blue Dream 1g Disposable,Vape Cart
Levels,AU-R-000486,Muskegon,49441,1A4050300038CFE000011169,Grape Soda 1g Vape,Vape Cart
Levels,AU-R-000486,Muskegon,49441,1A4050300038CFE000014732,Grape Soda 1g Vape,Vape Cart
Levels,AU-R-000486,Muskegon,49441,1A4050300038CFE000011780,Lemon Cheese Cake Vape,Vape Cart
Levels,AU-R-000486,Muskegon,49441,1A4050300038CFE000014734,Lemon Drop Vape Cart,Vape Cart
Levels,AU-R-000486,Muskegon,49441,1A4050300038CFE000014735,OG Vape Cart,Vape Cart
Levels,AU-R-000486,Muskegon,49441,1A4050300038CFE000011636,Pina Colada Disposables,Vape Cart
Levels,AU-R-000486,Muskegon,49441,1A4050300038CFE000011778,Strawberry Shortcake Vape Cart,Vape Cart
Levels,AU-R-000497,Center Line,48015,1A4050300038CFE000006131,OG 1g Infused Preroll,Infused Pre-Rolls
Levels,AU-R-000497,Center Line,48015,1A4050300038CFE000011718,OG 1g Infused Preroll,Infused Pre-Rolls
Levels,AU-R-000497,Center Line,48015,1A4050300038CFE000012967,OG 1g Infused Preroll,Infused Pre-Rolls
Levels,AU-R-000497,Center Line,48015,1A4050300038CFE000007426,Peach Mango 1g Infused Preroll,Infused Pre-Rolls
Levels,AU-R-000497,Center Line,48015,1A4050300038CFE000011716,Peach Mango 1g Infused Preroll,Infused Pre-Rolls
Levels,AU-R-000497,Center Line,48015,1A4050300038CFE000012965,Peach Mango 1g Infused Preroll,Infused Pre-Rolls
Levels,AU-R-000497,Center Line,48015,1A4050300038CFE000012966,Pineapple 1g Infused Preroll,Infused Pre-Rolls
Levels,AU-R-000497,Center Line,48015,1A4050300038CFE000007425,Skywalker 1g Infused Preroll,Infused Pre-Rolls
Levels,AU-R-000497,Center Line,48015,1A4050300038CFE000012968,Skywalker 1g Infused Preroll,Infused Pre-Rolls
Levels,AU-R-000497,Center Line,48015,1A4050300038CFE000011719,Strawberry 1g Infused Preroll,Infused Pre-Rolls
Levels,AU-R-000497,Center Line,48015,1A4050300038CFE000012969,Strawberry 1g Infused Preroll,Infused Pre-Rolls
Levels,AU-R-000497,Center Line,48015,1A405030001EE26000021911,Watermelon 1g Infused Preroll,Infused Pre-Rolls
Levels,AU-R-000497,Center Line,48015,1A405030001EE26000021912,Watermelon 1g Infused Preroll,Infused Pre-Rolls
Levels,AU-R-000497,Center Line,48015,1A4050300038CFE000002651,Watermelon 1g Infused Preroll,Infused Pre-Rolls
Levels,AU-R-000497,Center Line,48015,1A4050300038CFE000011720,Watermelon 1g Infused Preroll,Infused Pre-Rolls
Levels,AU-R-000497,Center Line,48015,1A4050300038CFE000012970,Watermelon 1g Infused Preroll,Infused Pre-Rolls
Levels,AU-R-000497,Center Line,48015,1A4050300038CFE000011721,Waui 1g Infused Preroll,Infused Pre-Rolls
Levels,AU-R-000497,Center Line,48015,1A4050300038CFE000012971,Waui 1g Infused Preroll,Infused Pre-Rolls
Levels,AU-R-000497,Center Line,48015,1A4050300038CFE000014026,Strawberry Short Cake 5 - .7g Infused Prerolls,Shake/Trim
Levels,AU-R-000497,Center Line,48015,1A4050300038CFE000014027,Strawberry Short Cake 5 - .7g Infused Prerolls,Shake/Trim
Levels,AU-R-000497,Center Line,48015,1A4050300038CFE000011147,Blue Dream Vape Cart,Vape Cart
Levels,AU-R-000497,Center Line,48015,1A4050300038CFE000011747,Orange Soda 1g Disposable,Vape Cart
Levels,AU-R-000497,Center Line,48015,1A4050300038CFE000011740,Pina Colada Disposables,Vape Cart
Levels,AU-R-000497,Center Line,48015,1A4050300038CFE000011744,Sour Apple 1g Disposable,Vape Cart
Levels,AU-R-000497,Center Line,48015,1A4050300038CFE000011742,Strawberry Shortcake Vape Cart,Vape Cart
Levels,AU-R-000497,Center Line,48015,1A4050300038CFE000011698,Watermelon Freeze Disposables,Vape Cart
Levels of Big Rapids,AU-R-000655,Big Rapids,49307,1A4050300038CFE000016677,Blue Raspberry 1g Infused Preroll,Infused Pre-Rolls
Levels of Big Rapids,AU-R-000655,Big Rapids,49307,1A4050300038CFE000011117,OG 1g Infused Preroll,Infused Pre-Rolls
Levels of Big Rapids,AU-R-000655,Big Rapids,49307,1A4050300038CFE000016679,OG 1g Infused Preroll,Infused Pre-Rolls
Levels of Big Rapids,AU-R-000655,Big Rapids,49307,1A4050300038CFE000006349,Peach Mango 1g Infused Preroll,Infused Pre-Rolls
Levels of Big Rapids,AU-R-000655,Big Rapids,49307,1A4050300038CFE000008264,Peach Mango 1g Infused Preroll,Infused Pre-Rolls
Levels of Big Rapids,AU-R-000655,Big Rapids,49307,1A4050300038CFE000007297,Skywalker 1g Infused Preroll,Infused Pre-Rolls
Levels of Big Rapids,AU-R-000655,Big Rapids,49307,1A4050300038CFE000004944,Strawberry 1g Infused Preroll,Infused Pre-Rolls
Levels of Big Rapids,AU-R-000655,Big Rapids,49307,1A4050300038CFE000016643,Strawberry 1g Infused Preroll,Infused Pre-Rolls
Levels of Big Rapids,AU-R-000655,Big Rapids,49307,1A4050300038CFE000007296,Waui 1g Infused Preroll,Infused Pre-Rolls
Levels of Big Rapids,AU-R-000655,Big Rapids,49307,1A405030002E2AE000000569,Amnesia - 510 Cart - Lemon Drop,Vape Cart
Levels of Big Rapids,AU-R-000655,Big Rapids,49307,1A405030002E2AE000000570,Amnesia - 510 Cart - Pineapple Express,Vape Cart
Levels of Big Rapids,AU-R-000655,Big Rapids,49307,1A405030002E2AE000000571,Amnesia - 510 Cart - Pink Lemonade,Vape Cart
Levels of Big Rapids,AU-R-000655,Big Rapids,49307,1A405030002E2AE000000724,Amnesia - Disposable - Blueberry Pancakes,Vape Cart
Levels of Big Rapids,AU-R-000655,Big Rapids,49307,1A405030002E2AE000000726,Amnesia - Disposable - Cherry Pie,Vape Cart
Levels of Big Rapids,AU-R-000655,Big Rapids,49307,1A405030002E2AE000000725,Amnesia - Disposable - Fruity Pebbles,Vape Cart
Levels of Big Rapids,AU-R-000655,Big Rapids,49307,1A405030002E2AE000000722,Amnesia - Disposable - Jungle Juice,Vape Cart
Levels of Big Rapids,AU-R-000655,Big Rapids,49307,1A405030002E2AE000000721,Amnesia - Disposable - Watermelon Freeze,Vape Cart
Levels of Big Rapids,AU-R-000655,Big Rapids,49307,1A4050300038CFE000016239,Blueberry Pancake 1g Disposable,Vape Cart
Levels of Big Rapids,AU-R-000655,Big Rapids,49307,1A4050300038CFE000017057,Blueberry Pancake 1g vape,Vape Cart
Levels of Big Rapids,AU-R-000655,Big Rapids,49307,1A4050300038CFE000016836,Cherry Pie 1g Disposable,Vape Cart
Levels of Big Rapids,AU-R-000655,Big Rapids,49307,1A4050300038CFE000015940,Dirty Shirly 1g Vape,Vape Cart
Levels of Big Rapids,AU-R-000655,Big Rapids,49307,1A4050300038CFE000016745,Fruity Pebbles 1g Disposable,Vape Cart
Levels of Big Rapids,AU-R-000655,Big Rapids,49307,1A4050300038CFE000016027,Jungle Juice 1g Disposable,Vape Cart
Levels of Big Rapids,AU-R-000655,Big Rapids,49307,1A4050300038CFE000016776,Lemon Drop Vape Cart,Vape Cart
Levels of Big Rapids,AU-R-000655,Big Rapids,49307,1A4050300038CFE000016129,Pineapple Express 1g Vape Cart,Vape Cart
Levels of Big Rapids,AU-R-000655,Big Rapids,49307,1A4050300038CFE000016185,Pink Lemonade 1g Vape Cart,Vape Cart
Levels of Big Rapids,AU-R-000655,Big Rapids,49307,1A4050300038CFE000015992,Watermelon Freeze Disposables,Vape Cart
Levels of Kalamazoo,AU-R-000270,Kalamazoo,49006,1A4050300038CFE000013889,OG 1g Infused Preroll,Infused Pre-Rolls
Levels of Kalamazoo,AU-R-000270,Kalamazoo,49006,1A4050300038CFE000014695,OG 1g Infused Preroll,Infused Pre-Rolls
Levels of Kalamazoo,AU-R-000270,Kalamazoo,49006,1A4050300038CFE000007804,Peach Mango 1g Infused Preroll,Infused Pre-Rolls
Levels of Kalamazoo,AU-R-000270,Kalamazoo,49006,1A4050300038CFE000014696,Skywalker 1g Infused Preroll,Infused Pre-Rolls
Levels of Kalamazoo,AU-R-000270,Kalamazoo,49006,1A4050300038CFE000007797,Waui 1g Infused Preroll,Infused Pre-Rolls
Levels of Kalamazoo,AU-R-000270,Kalamazoo,49006,1A4050300038CFE000014691,Waui 1g Infused Preroll,Infused Pre-Rolls
Levels of Kalamazoo,AU-R-000270,Kalamazoo,49006,1A4050300038CFE000010173,Blue Razz 1g Disposable,Vape Cart
Levels of Kalamazoo,AU-R-000270,Kalamazoo,49006,1A4050300038CFE000018876,Bubble Gum 1g vape,Vape Cart
Levels of Kalamazoo,AU-R-000270,Kalamazoo,49006,1A4050300038CFE000010212,Fruity Pebbles 1g Disposable,Vape Cart
Levels of Kalamazoo,AU-R-000270,Kalamazoo,49006,1A4050300038CFE000018526,Grape Soda 1g Vape,Vape Cart
Levels of Kalamazoo,AU-R-000270,Kalamazoo,49006,1A4050300038CFE000010214,Lemon Drop Vape Cart,Vape Cart
Levels of Kalamazoo,AU-R-000270,Kalamazoo,49006,1A4050300038CFE000010215,OG Vape Cart,Vape Cart
Levels of Kalamazoo,AU-R-000270,Kalamazoo,49006,1A4050300038CFE000010176,Orange Soda 1g Disposable,Vape Cart
Levels of Kalamazoo,AU-R-000270,Kalamazoo,49006,1A4050300038CFE000018092,Pineapple Express 1g Vape Cart,Vape Cart
Levels of Kalamazoo,AU-R-000270,Kalamazoo,49006,1A4050300038CFE000010178,Sour Apple 1g Disposable,Vape Cart
Levels of Kalamazoo,AU-R-000270,Kalamazoo,49006,1A4050300038CFE000006756,Watermelon Freeze Disposables,Vape Cart
Levels of Lansing,AU-R-000658,Lansing,48911,1A4050300038CFE000011981,OG 1g Infused Preroll,Infused Pre-Rolls
Levels of Lansing,AU-R-000658,Lansing,48911,1A4050300038CFE000011979,Peach Mango 1g Infused Preroll,Infused Pre-Rolls
Levels of Lansing,AU-R-000658,Lansing,48911,1A4050300038CFE000011982,Strawberry 1g Infused Preroll,Infused Pre-Rolls
Levels of Lansing,AU-R-000658,Lansing,48911,1A4050300038CFE000011983,Watermelon 1g Infused Preroll,Infused Pre-Rolls
Levels of Lansing,AU-R-000658,Lansing,48911,1A4050300038CFE000011992,Banana Split Vape Cart,Vape Cart
Levels of Lansing,AU-R-000658,Lansing,48911,1A4050300038CFE000017494,Banana Split Vape Cart,Vape Cart
Levels of Lansing,AU-R-000658,Lansing,48911,1A4050300038CFE000011988,Blue Dream 1g Disposable,Vape Cart
Levels of Lansing,AU-R-000658,Lansing,48911,1A4050300038CFE000011093,Grape Soda 1g Vape,Vape Cart
Levels of Lansing,AU-R-000658,Lansing,48911,1A4050300038CFE000011989,Lemon Cheese Cake Disposable,Vape Cart
Levels of Lansing,AU-R-000658,Lansing,48911,1A4050300038CFE000018430,Lemon Drop Vape Cart,Vape Cart
Levels of Lansing,AU-R-000658,Lansing,48911,1A4050300038CFE000011325,Peaches and Cream Vape Cart,Vape Cart
Levels of Lansing,AU-R-000658,Lansing,48911,1A4050300038CFE000011642,Pina Colada Disposables,Vape Cart
Levels of Lansing,AU-R-000658,Lansing,48911,1A4050300038CFE000011991,Strawberry Shortcake Vape Cart,Vape Cart
Levels of Lansing,AU-R-000658,Lansing,48911,1A4050300038CFE000018851,Strawberry Shortcake Vape Cart,Vape Cart
Levels of Lansing,AU-R-000658,Lansing,48911,1A4050300038CFE000011693,Watermelon Freeze Disposables,Vape Cart
Levels Provisioning of Niles,AU-R-000834,Niles,49120,1A4050300038CFE000016660,Blue Raspberry 1g Infused Preroll,Infused Pre-Rolls
Levels Provisioning of Niles,AU-R-000834,Niles,49120,1A4050300038CFE000003075,Grape 1g Infused Preroll,Infused Pre-Rolls
Levels Provisioning of Niles,AU-R-000834,Niles,49120,1A4050300038CFE000006356,OG 1g Infused Preroll,Infused Pre-Rolls
Levels Provisioning of Niles,AU-R-000834,Niles,49120,1A4050300038CFE000012207,OG 1g Infused Preroll,Infused Pre-Rolls
Levels Provisioning of Niles,AU-R-000834,Niles,49120,1A4050300038CFE000012986,OG 1g Infused Preroll,Infused Pre-Rolls
Levels Provisioning of Niles,AU-R-000834,Niles,49120,1A4050300038CFE000020842,OG 1g Infused Preroll,Infused Pre-Rolls
Levels Provisioning of Niles,AU-R-000834,Niles,49120,1A4050300038CFE000003076,Peach Mango 1g Infused Preroll,Infused Pre-Rolls
Levels Provisioning of Niles,AU-R-000834,Niles,49120,1A4050300038CFE000006351,Peach Mango 1g Infused Preroll,Infused Pre-Rolls
Levels Provisioning of Niles,AU-R-000834,Niles,49120,1A4050300038CFE000006913,Peach Mango 1g Infused Preroll,Infused Pre-Rolls
Levels Provisioning of Niles,AU-R-000834,Niles,49120,1A4050300038CFE000012205,Peach Mango 1g Infused Preroll,Infused Pre-Rolls
Levels Provisioning of Niles,AU-R-000834,Niles,49120,1A4050300038CFE000012985,Peach Mango 1g Infused Preroll,Infused Pre-Rolls
Levels Provisioning of Niles,AU-R-000834,Niles,49120,1A405030002E2AE000000440,Presidential - Pre Roll - Blue Raspberry,Infused Pre-Rolls
Levels Provisioning of Niles,AU-R-000834,Niles,49120,1A405030002E2AE000000442,Presidential - Pre Roll - OG,Infused Pre-Rolls
Levels Provisioning of Niles,AU-R-000834,Niles,49120,1A405030002E2AE000000433,Presidential - Pre Roll - Strawberry,Infused Pre-Rolls
Levels Provisioning of Niles,AU-R-000834,Niles,49120,1A4050300038CFE000006352,Skywalker 1g Infused Preroll,Infused Pre-Rolls
Levels Provisioning of Niles,AU-R-000834,Niles,49120,1A4050300038CFE000006907,Skywalker 1g Infused Preroll,Infused Pre-Rolls
Levels Provisioning of Niles,AU-R-000834,Niles,49120,1A4050300038CFE000012987,Skywalker 1g Infused Preroll,Infused Pre-Rolls
Levels Provisioning of Niles,AU-R-000834,Niles,49120,1A4050300038CFE000005004,Strawberry 1g Infused Preroll,Infused Pre-Rolls
Levels Provisioning of Niles,AU-R-000834,Niles,49120,1A4050300038CFE000012988,Strawberry 1g Infused Preroll,Infused Pre-Rolls
Levels Provisioning of Niles,AU-R-000834,Niles,49120,1A4050300038CFE000020843,Strawberry 1g Infused Preroll,Infused Pre-Rolls
Levels Provisioning of Niles,AU-R-000834,Niles,49120,1A4050300038CFE000002629,Watermelon 1g Infused Preroll,Infused Pre-Rolls
Levels Provisioning of Niles,AU-R-000834,Niles,49120,1A4050300038CFE000003077,Watermelon 1g Infused Preroll,Infused Pre-Rolls
Levels Provisioning of Niles,AU-R-000834,Niles,49120,1A4050300038CFE000005005,Watermelon 1g Infused Preroll,Infused Pre-Rolls
Levels Provisioning of Niles,AU-R-000834,Niles,49120,1A4050300038CFE000005684,Watermelon 1g Infused Preroll,Infused Pre-Rolls
Levels Provisioning of Niles,AU-R-000834,Niles,49120,1A4050300038CFE000009181,Watermelon 1g Infused Preroll,Infused Pre-Rolls
Levels Provisioning of Niles,AU-R-000834,Niles,49120,1A4050300038CFE000012208,Watermelon 1g Infused Preroll,Infused Pre-Rolls
Levels Provisioning of Niles,AU-R-000834,Niles,49120,1A4050300038CFE000012989,Watermelon 1g Infused Preroll,Infused Pre-Rolls
Levels Provisioning of Niles,AU-R-000834,Niles,49120,1A4050300038CFE000002630,Waui 1g Infused Preroll,Infused Pre-Rolls
Levels Provisioning of Niles,AU-R-000834,Niles,49120,1A4050300038CFE000006912,Waui 1g Infused Preroll,Infused Pre-Rolls
Levels Provisioning of Niles,AU-R-000834,Niles,49120,1A4050300038CFE000012209,Waui 1g Infused Preroll,Infused Pre-Rolls
Levels Provisioning of Niles,AU-R-000834,Niles,49120,1A4050300038CFE000012990,Waui 1g Infused Preroll,Infused Pre-Rolls
Levels Provisioning of Niles,AU-R-000834,Niles,49120,1A4050300038CFE000019062,Strawberry Short Cake Infused Prerolls,Shake/Trim
Levels Provisioning of Niles,AU-R-000834,Niles,49120,1A4050300038CFE000015231,Banana Split 1g Disposable,Vape Cart
Levels Provisioning of Niles,AU-R-000834,Niles,49120,1A4050300038CFE000012187,Blue Dream 1g Disposable,Vape Cart
Levels Provisioning of Niles,AU-R-000834,Niles,49120,1A4050300038CFE000010220,Blue Razz 1g Disposable,Vape Cart
Levels Provisioning of Niles,AU-R-000834,Niles,49120,1A4050300038CFE000012463,Blue Razz 1g Disposable,Vape Cart
Levels Provisioning of Niles,AU-R-000834,Niles,49120,1A4050300038CFE000019060,Bubble Gum 1g vape,Vape Cart
Levels Provisioning of Niles,AU-R-000834,Niles,49120,1A4050300038CFE000012464,Cherry Pie Vape Cart,Vape Cart
Levels Provisioning of Niles,AU-R-000834,Niles,49120,1A4050300038CFE000010222,Fruity Pebbles 1g Disposable,Vape Cart
Levels Provisioning of Niles,AU-R-000834,Niles,49120,1A4050300038CFE000012465,Fruity Pebbles 1g Disposable,Vape Cart
Levels Provisioning of Niles,AU-R-000834,Niles,49120,1A4050300038CFE000012466,Jungle Juice Vape Cart,Vape Cart
Levels Provisioning of Niles,AU-R-000834,Niles,49120,1A4050300038CFE000012186,Lemon Cheese Cake Disposable,Vape Cart
Levels Provisioning of Niles,AU-R-000834,Niles,49120,1A4050300038CFE000010228,Lemon Drop Vape Cart,Vape Cart
Levels Provisioning of Niles,AU-R-000834,Niles,49120,1A4050300038CFE000016781,Lemon Drop Vape Cart,Vape Cart
Levels Provisioning of Niles,AU-R-000834,Niles,49120,1A4050300038CFE000016782,Lemon Drop Vape Cart,Vape Cart
Levels Provisioning of Niles,AU-R-000834,Niles,49120,1A4050300038CFE000010219,OG Vape Cart,Vape Cart
Levels Provisioning of Niles,AU-R-000834,Niles,49120,1A4050300038CFE000016936,OG Vape Cart,Vape Cart
Levels Provisioning of Niles,AU-R-000834,Niles,49120,1A4050300038CFE000016941,OG Vape Cart,Vape Cart
Levels Provisioning of Niles,AU-R-000834,Niles,49120,1A4050300038CFE000016943,OG Vape Cart,Vape Cart
Levels Provisioning of Niles,AU-R-000834,Niles,49120,1A4050300038CFE000010216,Orange Soda 1g Disposable,Vape Cart
Levels Provisioning of Niles,AU-R-000834,Niles,49120,1A4050300038CFE000012469,Orange Soda 1g Disposable,Vape Cart
Levels Provisioning of Niles,AU-R-000834,Niles,49120,1A4050300038CFE000011330,Peaches and Cream Vape Cart,Vape Cart
Levels Provisioning of Niles,AU-R-000834,Niles,49120,1A4050300038CFE000011338,Peaches and Cream Vape Cart,Vape Cart
Levels Provisioning of Niles,AU-R-000834,Niles,49120,1A4050300038CFE000011339,Peaches and Cream Vape Cart,Vape Cart
Levels Provisioning of Niles,AU-R-000834,Niles,49120,1A4050300038CFE000011344,Peaches and Cream Vape Cart,Vape Cart
Levels Provisioning of Niles,AU-R-000834,Niles,49120,1A4050300038CFE000012499,Peaches and Cream Vape Cart,Vape Cart
Levels Provisioning of Niles,AU-R-000834,Niles,49120,1A4050300038CFE000011641,Pina Colada Disposables,Vape Cart
Levels Provisioning of Niles,AU-R-000834,Niles,49120,1A4050300038CFE000011646,Pina Colada Disposables,Vape Cart
Levels Provisioning of Niles,AU-R-000834,Niles,49120,1A4050300038CFE000011652,Pina Colada Disposables,Vape Cart
Levels Provisioning of Niles,AU-R-000834,Niles,49120,1A4050300038CFE000011653,Pina Colada Disposables,Vape Cart
Levels Provisioning of Niles,AU-R-000834,Niles,49120,1A4050300038CFE000016131,Pineapple Express 1g Vape Cart,Vape Cart
Levels Provisioning of Niles,AU-R-000834,Niles,49120,1A4050300038CFE000016152,Pineapple Express 1g Vape Cart,Vape Cart
Levels Provisioning of Niles,AU-R-000834,Niles,49120,1A4050300038CFE000016153,Pineapple Express 1g Vape Cart,Vape Cart
Levels Provisioning of Niles,AU-R-000834,Niles,49120,1A4050300038CFE000018078,Pineapple Express 1g Vape Cart,Vape Cart
Levels Provisioning of Niles,AU-R-000834,Niles,49120,1A4050300038CFE000018080,Pineapple Express 1g Vape Cart,Vape Cart
Levels Provisioning of Niles,AU-R-000834,Niles,49120,1A4050300038CFE000018081,Pineapple Express 1g Vape Cart,Vape Cart
Levels Provisioning of Niles,AU-R-000834,Niles,49120,1A4050300038CFE000018082,Pineapple Express 1g Vape Cart,Vape Cart
Levels Provisioning of Niles,AU-R-000834,Niles,49120,1A4050300038CFE000018083,Pineapple Express 1g Vape Cart,Vape Cart
Levels Provisioning of Niles,AU-R-000834,Niles,49120,1A4050300038CFE000018084,Pineapple Express 1g Vape Cart,Vape Cart
Levels Provisioning of Niles,AU-R-000834,Niles,49120,1A4050300038CFE000018085,Pineapple Express 1g Vape Cart,Vape Cart
Levels Provisioning of Niles,AU-R-000834,Niles,49120,1A4050300038CFE000018087,Pineapple Express 1g Vape Cart,Vape Cart
Levels Provisioning of Niles,AU-R-000834,Niles,49120,1A4050300038CFE000018088,Pineapple Express 1g Vape Cart,Vape Cart
Levels Provisioning of Niles,AU-R-000834,Niles,49120,1A4050300038CFE000016196,Pink Lemonade 1g Vape Cart,Vape Cart
Levels Provisioning of Niles,AU-R-000834,Niles,49120,1A4050300038CFE000016198,Pink Lemonade 1g Vape Cart,Vape Cart
Levels Provisioning of Niles,AU-R-000834,Niles,49120,1A4050300038CFE000016200,Pink Lemonade 1g Vape Cart,Vape Cart
Levels Provisioning of Niles,AU-R-000834,Niles,49120,1A4050300038CFE000012475,Red Velvet 1g Vape,Vape Cart
Levels Provisioning of Niles,AU-R-000834,Niles,49120,1A4050300038CFE000017108,Red Velvet 1g Vape,Vape Cart
Levels Provisioning of Niles,AU-R-000834,Niles,49120,1A4050300038CFE000017109,Red Velvet 1g Vape,Vape Cart
Levels Provisioning of Niles,AU-R-000834,Niles,49120,1A4050300038CFE000010221,Sour Apple 1g Disposable,Vape Cart
Levels Provisioning of Niles,AU-R-000834,Niles,49120,1A4050300038CFE000012472,Sour Apple Vape Cart,Vape Cart
Levels Provisioning of Niles,AU-R-000834,Niles,49120,1A4050300038CFE000012474,Strawberry Cough 1g Vape,Vape Cart
Levels Provisioning of Niles,AU-R-000834,Niles,49120,1A4050300038CFE000016378,Strawberry Shortcake 1g Disposable,Vape Cart
Levels Provisioning of Niles,AU-R-000834,Niles,49120,1A4050300038CFE000016379,Strawberry Shortcake 1g Disposable,Vape Cart
Levels Provisioning of Niles,AU-R-000834,Niles,49120,1A4050300038CFE000012478,Strawberry Shortcake Vape Cart,Vape Cart
Levels Provisioning of Niles,AU-R-000834,Niles,49120,1A4050300038CFE000006753,Watermelon Freeze Disposables,Vape Cart
Levels Provisioning of Niles,AU-R-000834,Niles,49120,1A4050300038CFE000011686,Watermelon Freeze Disposables,Vape Cart
Levels Provisioning of Niles,AU-R-000834,Niles,49120,1A4050300038CFE000011695,Watermelon Freeze Disposables,Vape Cart
Levels Provisioning of Niles,AU-R-000834,Niles,49120,1A4050300038CFE000018261,Watermelon Freeze Vape Cart,Vape Cart
Levels Provisioning of Niles,AU-R-000834,Niles,49120,1A4050300038CFE000018265,Watermelon Freeze Vape Cart,Vape Cart
Levels Provisioning of Niles,AU-R-000834,Niles,49120,1A4050300038CFE000018284,Watermelon Freeze Vape Cart,Vape Cart
Levels Provisioning of Niles,AU-R-000834,Niles,49120,1A4050300038CFE000018289,Watermelon Freeze Vape Cart,Vape Cart
Levels Provisioning of Niles,AU-R-000834,Niles,49120,1A4050300038CFE000018297,Watermelon Freeze Vape Cart,Vape Cart
Levels Provisioning of Niles,AU-R-000834,Niles,49120,1A4050300038CFE000018298,Watermelon Freeze Vape Cart,Vape Cart
Levels Provisioning of Niles,AU-R-000834,Niles,49120,1A4050300038CFE000018300,Watermelon Freeze Vape Cart,Vape Cart
Levels Provisioning of Niles,AU-R-000834,Niles,49120,1A4050300038CFE000018305,Watermelon Freeze Vape Cart,Vape Cart
Levels Provisioning of Niles,AU-R-000834,Niles,49120,1A4050300038CFE000018307,Watermelon Freeze Vape Cart,Vape Cart
Levels Provisioning of Sturgis,AU-R-000782,Sturgis,49091,1A4050300038CFE000009816,Lemon Pie 5 - .7g Infused Prerolls,Buds
Levels Provisioning of Sturgis,AU-R-000782,Sturgis,49091,1A4050300038CFE000020817,Blue Raspberry 1g Infused Preroll,Infused Pre-Rolls
Levels Provisioning of Sturgis,AU-R-000782,Sturgis,49091,1A4050300038CFE000003088,Grape 1g Infused Preroll,Infused Pre-Rolls
Levels Provisioning of Sturgis,AU-R-000782,Sturgis,49091,1A4050300038CFE000006034,OG 1g Infused Preroll,Infused Pre-Rolls
Levels Provisioning of Sturgis,AU-R-000782,Sturgis,49091,1A4050300038CFE000011105,OG 1g Infused Preroll,Infused Pre-Rolls
Levels Provisioning of Sturgis,AU-R-000782,Sturgis,49091,1A4050300038CFE000011955,OG 1g Infused Preroll,Infused Pre-Rolls
Levels Provisioning of Sturgis,AU-R-000782,Sturgis,49091,1A4050300038CFE000016648,OG 1g Infused Preroll,Infused Pre-Rolls
Levels Provisioning of Sturgis,AU-R-000782,Sturgis,49091,1A4050300038CFE000003086,Peach Mango 1g Infused Preroll,Infused Pre-Rolls
Levels Provisioning of Sturgis,AU-R-000782,Sturgis,49091,1A4050300038CFE000006366,Peach Mango 1g Infused Preroll,Infused Pre-Rolls
Levels Provisioning of Sturgis,AU-R-000782,Sturgis,49091,1A4050300038CFE000006379,Peach Mango 1g Infused Preroll,Infused Pre-Rolls
Levels Provisioning of Sturgis,AU-R-000782,Sturgis,49091,1A4050300038CFE000008611,Peach Mango 1g Infused Preroll,Infused Pre-Rolls
Levels Provisioning of Sturgis,AU-R-000782,Sturgis,49091,1A4050300038CFE000020827,Pineapple 1g Infused Preroll,Infused Pre-Rolls
Levels Provisioning of Sturgis,AU-R-000782,Sturgis,49091,1A4050300038CFE000006878,Skywalker 1g Infused Preroll,Infused Pre-Rolls
Levels Provisioning of Sturgis,AU-R-000782,Sturgis,49091,1A4050300038CFE000005011,Strawberry 1g Infused Preroll,Infused Pre-Rolls
Levels Provisioning of Sturgis,AU-R-000782,Sturgis,49091,1A4050300038CFE000011956,Strawberry 1g Infused Preroll,Infused Pre-Rolls
Levels Provisioning of Sturgis,AU-R-000782,Sturgis,49091,1A4050300038CFE000016642,Strawberry 1g Infused Preroll,Infused Pre-Rolls
Levels Provisioning of Sturgis,AU-R-000782,Sturgis,49091,1A4050300038CFE000002671,Watermelon 1g Infused Preroll,Infused Pre-Rolls
Levels Provisioning of Sturgis,AU-R-000782,Sturgis,49091,1A4050300038CFE000003091,Watermelon 1g Infused Preroll,Infused Pre-Rolls
Levels Provisioning of Sturgis,AU-R-000782,Sturgis,49091,1A4050300038CFE000005012,Watermelon 1g Infused Preroll,Infused Pre-Rolls
Levels Provisioning of Sturgis,AU-R-000782,Sturgis,49091,1A4050300038CFE000011957,Watermelon 1g Infused Preroll,Infused Pre-Rolls
Levels Provisioning of Sturgis,AU-R-000782,Sturgis,49091,1A4050300038CFE000002663,Waui 1g Infused Preroll,Infused Pre-Rolls
Levels Provisioning of Sturgis,AU-R-000782,Sturgis,49091,1A4050300038CFE000011106,Waui 1g Infused Preroll,Infused Pre-Rolls
Levels Provisioning of Sturgis,AU-R-000782,Sturgis,49091,1A4050300038CFE000011958,Waui 1g Infused Preroll,Infused Pre-Rolls
Levels Provisioning of Sturgis,AU-R-000782,Sturgis,49091,1A4050300038CFE000014583,Banana Split Vape Cart,Vape Cart
Levels Provisioning of Sturgis,AU-R-000782,Sturgis,49091,1A4050300038CFE000014714,Banana Split Vape Cart,Vape Cart
Levels Provisioning of Sturgis,AU-R-000782,Sturgis,49091,1A4050300038CFE000011963,Blue Dream 1g Disposable,Vape Cart
Levels Provisioning of Sturgis,AU-R-000782,Sturgis,49091,1A4050300038CFE000009809,Blue Razz 1g Disposable,Vape Cart
Levels Provisioning of Sturgis,AU-R-000782,Sturgis,49091,1A4050300038CFE000012434,Blue Razz Vape Cart,Vape Cart
Levels Provisioning of Sturgis,AU-R-000782,Sturgis,49091,1A4050300038CFE000014584,Blue Razz Vape Cart,Vape Cart
Levels Provisioning of Sturgis,AU-R-000782,Sturgis,49091,1A4050300038CFE000014719,Blue Razz Vape Cart,Vape Cart
Levels Provisioning of Sturgis,AU-R-000782,Sturgis,49091,1A4050300038CFE000011964,Fruity Pebbles 1g Disposable,Vape Cart
Levels Provisioning of Sturgis,AU-R-000782,Sturgis,49091,1A4050300038CFE000014453,Grape Soda 1g Vape,Vape Cart
Levels Provisioning of Sturgis,AU-R-000782,Sturgis,49091,1A4050300038CFE000014582,Grape Soda 1g Vape,Vape Cart
Levels Provisioning of Sturgis,AU-R-000782,Sturgis,49091,1A4050300038CFE000014715,Grape Soda 1g Vape,Vape Cart
Levels Provisioning of Sturgis,AU-R-000782,Sturgis,49091,1A4050300038CFE000011962,Lemon Cheese Cake Disposable,Vape Cart
Levels Provisioning of Sturgis,AU-R-000782,Sturgis,49091,1A4050300038CFE000014510,Lemon Pie Vape Cart,Vape Cart
Levels Provisioning of Sturgis,AU-R-000782,Sturgis,49091,1A4050300038CFE000009810,Orange Soda 1g Disposable,Vape Cart
Levels Provisioning of Sturgis,AU-R-000782,Sturgis,49091,1A4050300038CFE000017325,Red Velvet 1g Vape,Vape Cart
Levels Provisioning of Sturgis,AU-R-000782,Sturgis,49091,1A4050300038CFE000009817,Sour Apple 1g Disposable,Vape Cart
Levels Provisioning of Sturgis,AU-R-000782,Sturgis,49091,1A4050300038CFE000014572,Strawberry Cough 1g Vape,Vape Cart
Levels Provisioning of Sturgis,AU-R-000782,Sturgis,49091,1A4050300038CFE000014585,Strawberry Cough 1g Vape,Vape Cart
Levels Provisioning of Sturgis,AU-R-000782,Sturgis,49091,1A4050300038CFE000006730,Watermelon Freeze Disposables,Vape Cart
Levels Provisioning of Sturgis,AU-R-000782,Sturgis,49091,1A4050300038CFE000011697,Watermelon Freeze Disposables,Vape Cart
Levels Provisioning of Sturgis,AU-R-000782,Sturgis,49091,1A4050300038CFE000011959,Watermelon Freeze Vape Cart,Vape Cart
Liberty Cannabis,AU-R-000917,Detroit,48216,1A4050300038CFE000012819,OG 1g Infused Preroll,Infused Pre-Rolls
Liberty Cannabis,AU-R-000917,Detroit,48216,1A4050300038CFE000012818,Peach Mango 1g Infused Preroll,Infused Pre-Rolls
Liberty Cannabis,AU-R-000917,Detroit,48216,1A4050300038CFE000012831,Peach Mango 1g Infused Preroll,Infused Pre-Rolls
Liberty Cannabis,AU-R-000917,Detroit,48216,1A4050300038CFE000012829,Waui 1g Infused Preroll,Infused Pre-Rolls
Liberty Cannabis,AU-R-000917,Detroit,48216,1A4050300038CFE000015350,Banana Split Box 5 PK Vape Cart,Vape Cart
Liberty Cannabis,AU-R-000917,Detroit,48216,1A4050300039531000001832,Banana Split Box 5 PK Vape Cart,Vape Cart
Liberty Cannabis,AU-R-000917,Detroit,48216,1A4050300038CFE000010473,Banana Split Vape Cart,Vape Cart
Liberty Cannabis,AU-R-000917,Detroit,48216,1A4050300038CFE000012800,Banana Split Vape Cart,Vape Cart
Liberty Cannabis,AU-R-000917,Detroit,48216,1A4050300038CFE000015144,Banana Split Vape Cart,Vape Cart
Liberty Cannabis,AU-R-000917,Detroit,48216,1A4050300038CFE000015145,Banana Split Vape Cart,Vape Cart
Liberty Cannabis,AU-R-000917,Detroit,48216,1A4050300039531000001804,Banana Split Vape Cart,Vape Cart
Liberty Cannabis,AU-R-000917,Detroit,48216,1A4050300038CFE000012805,Blue Dream 1g Disposable,Vape Cart
Liberty Cannabis,AU-R-000917,Detroit,48216,1A4050300038CFE000012807,Blue Razz 1g Disposable,Vape Cart
Liberty Cannabis,AU-R-000917,Detroit,48216,1A4050300038CFE000012837,Blue Razz 1g Disposable,Vape Cart
Liberty Cannabis,AU-R-000917,Detroit,48216,1A4050300038CFE000015312,Cherry Pie Box 5 PK Vape Cart,Vape Cart
Liberty Cannabis,AU-R-000917,Detroit,48216,1A4050300038CFE000012804,Cherry Pie Vape Cart,Vape Cart
Liberty Cannabis,AU-R-000917,Detroit,48216,1A4050300038CFE000012806,Fruity Pebbles 1g Disposable,Vape Cart
Liberty Cannabis,AU-R-000917,Detroit,48216,1A4050300038CFE000012801,Fruity Pebbles Vape Cart,Vape Cart
Liberty Cannabis,AU-R-000917,Detroit,48216,1A4050300038CFE000010475,Grape Soda 1g Vape,Vape Cart
Liberty Cannabis,AU-R-000917,Detroit,48216,1A4050300038CFE000016784,Lemon Drop Vape Cart,Vape Cart
Liberty Cannabis,AU-R-000917,Detroit,48216,1A4050300038CFE000016931,OG Vape Cart,Vape Cart
Liberty Cannabis,AU-R-000917,Detroit,48216,1A4050300038CFE000016942,OG Vape Cart,Vape Cart
Liberty Cannabis,AU-R-000917,Detroit,48216,1A4050300038CFE000016898,Orange Soda Vape Cart,Vape Cart
Liberty Cannabis,AU-R-000917,Detroit,48216,1A4050300038CFE000016141,Pineapple Express 1g Vape Cart,Vape Cart
Liberty Cannabis,AU-R-000917,Detroit,48216,1A4050300038CFE000016155,Pineapple Express 1g Vape Cart,Vape Cart
Liberty Cannabis,AU-R-000917,Detroit,48216,1A4050300038CFE000012802,Strawberry Cough 1g Vape,Vape Cart
Liberty Cannabis,AU-R-000917,Detroit,48216,1A4050300038CFE000015339,Strawberry Cough Box 5 PK Vape Cart,Vape Cart
Liberty Cannabis,AU-R-000917,Detroit,48216,1A4050300038CFE000012803,Strawberry Shortcake Vape Cart,Vape Cart
Liberty Cannabis,AU-R-000917,Detroit,48216,1A4050300038CFE000012808,Watermelon Freeze Disposables,Vape Cart
Light Em Up Cannabis Company,AU-R-001119,Detroit,48210,1A4050300038CFE000017135,Waui 1g Infused Preroll,Infused Pre-Rolls
Light Em Up Cannabis Company,AU-R-001119,Detroit,48210,1A4050300038CFE000017449,Banana Split Vape Cart,Vape Cart
Light Em Up Cannabis Company,AU-R-001119,Detroit,48210,1A4050300038CFE000017454,Banana Split Vape Cart,Vape Cart
Light Em Up Cannabis Company,AU-R-001119,Detroit,48210,1A4050300038CFE000017071,Blueberry Pancake 1g vape,Vape Cart
Light Em Up Cannabis Company,AU-R-001119,Detroit,48210,1A4050300038CFE000017446,Cereal Milk 1g Vape,Vape Cart
Light Em Up Cannabis Company,AU-R-001119,Detroit,48210,1A4050300038CFE000017456,Cereal Milk 1g Vape,Vape Cart
Light Em Up Cannabis Company,AU-R-001119,Detroit,48210,1A4050300038CFE000017458,Fruity Pebbles 1g Disposable,Vape Cart
Light Em Up Cannabis Company,AU-R-001119,Detroit,48210,1A4050300038CFE000016006,Jungle Juice 1g Disposable,Vape Cart
Light Em Up Cannabis Company,AU-R-001119,Detroit,48210,1A4050300038CFE000017457,Lemon Cheese Cake Disposable,Vape Cart
Light Em Up Cannabis Company,AU-R-001119,Detroit,48210,1A4050300038CFE000017447,Lemon Cheese Cake Vape,Vape Cart
Light Em Up Cannabis Company,AU-R-001119,Detroit,48210,1A4050300038CFE000017272,OG Disposables,Vape Cart
Light Em Up Cannabis Company,AU-R-001119,Detroit,48210,1A4050300038CFE000017448,Peaches and Cream Vape Cart,Vape Cart
Light Em Up Cannabis Company,AU-R-001119,Detroit,48210,1A4050300038CFE000016181,Pink Lemonade 1g Vape Cart,Vape Cart
Light Em Up Cannabis Company,AU-R-001119,Detroit,48210,1A4050300038CFE000016381,Strawberry Shortcake 1g Disposable,Vape Cart
Light Em Up Cannabis Company,AU-R-001119,Detroit,48210,1A4050300038CFE000016549,Strawberry Shortcake Vape Cart,Vape Cart
Luckys Cannabis Company,AU-R-000812,Muskegon,49445,1A4050300038CFE000005658,Fruity Pebbles Vape Cart,Vape Cart
Luckys Cannabis Company,AU-R-000812,Muskegon,49445,1A4050300038CFE000005657,OG Vape Cart,Vape Cart
"Michigan Pure Green, LLC",AU-P-000420,Clare,48617,1A4050300038CFE000011218,Banana Split 1g Disposable,Vape Cart
"Michigan Pure Green, LLC",AU-P-000420,Clare,48617,1A4050300038CFE000011212,Blue Dream 1g Disposable,Vape Cart
"Michigan Pure Green, LLC",AU-P-000420,Clare,48617,1A4050300038CFE000011213,Blue Razz 1g Disposable,Vape Cart
"Michigan Pure Green, LLC",AU-P-000420,Clare,48617,1A4050300038CFE000011214,Fruity Pebbles 1g Disposable,Vape Cart
"Michigan Pure Green, LLC",AU-P-000420,Clare,48617,1A4050300038CFE000011211,Jungle Juice 1g Disposable,Vape Cart
"Michigan Pure Green, LLC",AU-P-000420,Clare,48617,1A4050300038CFE000011217,Orange Soda 1g Disposable,Vape Cart
"Michigan Pure Green, LLC",AU-P-000420,Clare,48617,1A4050300038CFE000011216,Pina Colada Disposables,Vape Cart
"Michigan Pure Green, LLC",AU-P-000420,Clare,48617,1A4050300038CFE000011215,Watermelon Freeze Disposables,Vape Cart
"Michigan's Finest MMD, Inc",AU-R-000288,Wayne,48184,1A4050300038CFE000014038,Jungle Juice 5 - .7g Infused Prerolls,Buds
"Michigan's Finest MMD, Inc",AU-R-000288,Wayne,48184,1A4050300038CFE000001825,Skywalker 1g Infused Preroll,Infused Pre-Rolls
"Michigan's Finest MMD, Inc",AU-R-000288,Wayne,48184,1A4050300038CFE000001823,Watermelon 1g Infused Preroll,Infused Pre-Rolls
"Michigan's Finest MMD, Inc",AU-R-000288,Wayne,48184,1A4050300038CFE000001822,Waui 1g Infused Preroll,Infused Pre-Rolls
"Michigan's Finest MMD, Inc",AU-R-000288,Wayne,48184,1A4050300038CFE000000665,Banana Split Vape Cart,Vape Cart
"Michigan's Finest MMD, Inc",AU-R-000288,Wayne,48184,1A4050300038CFE000014097,Blue Dream 1g Disposable,Vape Cart
"Michigan's Finest MMD, Inc",AU-R-000288,Wayne,48184,1A4050300038CFE000013929,Blue Dream Vape Cart,Vape Cart
"Michigan's Finest MMD, Inc",AU-R-000288,Wayne,48184,1A4050300038CFE000013939,Blue Dream Vape Cart,Vape Cart
"Michigan's Finest MMD, Inc",AU-R-000288,Wayne,48184,1A4050300038CFE000000193,Blue Razz Vape Cart,Vape Cart
"Michigan's Finest MMD, Inc",AU-R-000288,Wayne,48184,1A4050300038CFE000013518,Blueberry Pancake 1g vape,Vape Cart
"Michigan's Finest MMD, Inc",AU-R-000288,Wayne,48184,1A4050300038CFE000013528,Blueberry Pancake 1g vape,Vape Cart
"Michigan's Finest MMD, Inc",AU-R-000288,Wayne,48184,1A4050300038CFE000000195,Cherry Pie Vape Cart,Vape Cart
"Michigan's Finest MMD, Inc",AU-R-000288,Wayne,48184,1A4050300038CFE000007729,Cherry Pie Vape Cart,Vape Cart
"Michigan's Finest MMD, Inc",AU-R-000288,Wayne,48184,1A4050300038CFE000007738,Cherry Pie Vape Cart,Vape Cart
"Michigan's Finest MMD, Inc",AU-R-000288,Wayne,48184,1A4050300038CFE000014017,Cherry Pie Vape Cart,Vape Cart
"Michigan's Finest MMD, Inc",AU-R-000288,Wayne,48184,1A4050300038CFE000014019,Cherry Pie Vape Cart,Vape Cart
"Michigan's Finest MMD, Inc",AU-R-000288,Wayne,48184,1A4050300038CFE000013961,Fruity Pebbles 1g Disposable,Vape Cart
"Michigan's Finest MMD, Inc",AU-R-000288,Wayne,48184,1A4050300038CFE000000670,Fruity Pebbles Vape Cart,Vape Cart
"Michigan's Finest MMD, Inc",AU-R-000288,Wayne,48184,1A4050300038CFE000013561,Fruity Pebbles Vape Cart,Vape Cart
"Michigan's Finest MMD, Inc",AU-R-000288,Wayne,48184,1A4050300038CFE000013580,Fruity Pebbles Vape Cart,Vape Cart
"Michigan's Finest MMD, Inc",AU-R-000288,Wayne,48184,1A4050300038CFE000013968,Grape Soda 1g Vape,Vape Cart
"Michigan's Finest MMD, Inc",AU-R-000288,Wayne,48184,1A4050300038CFE000013971,Grape Soda 1g Vape,Vape Cart
"Michigan's Finest MMD, Inc",AU-R-000288,Wayne,48184,1A4050300038CFE000000196,Jungle Juice Vape Cart,Vape Cart
"Michigan's Finest MMD, Inc",AU-R-000288,Wayne,48184,1A4050300038CFE000007730,Jungle Juice Vape Cart,Vape Cart
"Michigan's Finest MMD, Inc",AU-R-000288,Wayne,48184,1A4050300038CFE000013998,Lemon Cheese Cake Disposable,Vape Cart
"Michigan's Finest MMD, Inc",AU-R-000288,Wayne,48184,1A4050300038CFE000000667,Lemon Drop Vape Cart,Vape Cart
"Michigan's Finest MMD, Inc",AU-R-000288,Wayne,48184,1A4050300038CFE000014052,Lemon Pie Vape Cart,Vape Cart
"Michigan's Finest MMD, Inc",AU-R-000288,Wayne,48184,1A4050300038CFE000000197,OG Vape Cart,Vape Cart
"Michigan's Finest MMD, Inc",AU-R-000288,Wayne,48184,1A4050300038CFE000000666,OG Vape Cart,Vape Cart
"Michigan's Finest MMD, Inc",AU-R-000288,Wayne,48184,1A4050300038CFE000014095,Orange Soda 1g Disposable,Vape Cart
"Michigan's Finest MMD, Inc",AU-R-000288,Wayne,48184,1A4050300038CFE000000200,Pina Colada Vape Cart,Vape Cart
"Michigan's Finest MMD, Inc",AU-R-000288,Wayne,48184,1A4050300038CFE000007726,Strawberry Cough 1g Vape,Vape Cart
"Michigan's Finest MMD, Inc",AU-R-000288,Wayne,48184,1A4050300038CFE000014000,Strawberry Shortcake 1g Disposable,Vape Cart
"Michigan's Finest MMD, Inc",AU-R-000288,Wayne,48184,1A4050300038CFE000021526,Strawberry Shortcake 1g Disposable,Vape Cart
"Michigan's Finest MMD, Inc",AU-R-000288,Wayne,48184,1A4050300038CFE000006732,Watermelon Freeze Disposables,Vape Cart
"Michigan's Finest MMD, Inc",AU-R-000288,Wayne,48184,1A4050300038CFE000006743,Watermelon Freeze Disposables,Vape Cart
"Michigan's Finest MMD, Inc",AU-R-000288,Wayne,48184,1A4050300038CFE000013988,Watermelon Freeze Disposables,Vape Cart
"Michigan's Finest MMD, Inc",AU-R-000288,Wayne,48184,1A4050300038CFE000007727,Watermelon Freeze Vape Cart,Vape Cart
"Michigan's Finest MMD, Inc",AU-R-000288,Wayne,48184,1A4050300038CFE000013428,Watermelon Freeze Vape Cart,Vape Cart
"Michigan's Finest MMD, Inc",AU-R-000288,Wayne,48184,1A4050300038CFE000013429,Watermelon Freeze Vape Cart,Vape Cart
Mood Provisioning Center,AU-R-000756,Center Line,48015,1A4050300038CFE000020835,Pineapple Express 1g Preroll,Buds
Mood Provisioning Center,AU-R-000756,Center Line,48015,1A4050300038CFE000020838,Blue Raspberry 1g Infused Preroll,Infused Pre-Rolls
Mood Provisioning Center,AU-R-000756,Center Line,48015,1A4050300038CFE000020836,OG 1g Infused Preroll,Infused Pre-Rolls
Mood Provisioning Center,AU-R-000756,Center Line,48015,1A4050300038CFE000006599,Peach Mango 1g Infused Preroll,Infused Pre-Rolls
Mood Provisioning Center,AU-R-000756,Center Line,48015,1A4050300038CFE000006602,Skywalker 1g Infused Preroll,Infused Pre-Rolls
Mood Provisioning Center,AU-R-000756,Center Line,48015,1A4050300038CFE000020837,Skywalker 1g Infused Preroll,Infused Pre-Rolls
Mood Provisioning Center,AU-R-000756,Center Line,48015,1A4050300038CFE000020845,Strawberry 1g Infused Preroll,Infused Pre-Rolls
Mood Provisioning Center,AU-R-000756,Center Line,48015,1A4050300038CFE000006600,Watermelon 1g Infused Preroll,Infused Pre-Rolls
Mood Provisioning Center,AU-R-000756,Center Line,48015,1A4050300038CFE000020848,Watermelon 1g Infused Preroll,Infused Pre-Rolls
Mood Provisioning Center,AU-R-000756,Center Line,48015,1A4050300038CFE000006598,Waui 1g Infused Preroll,Infused Pre-Rolls
Mood Provisioning Center,AU-R-000756,Center Line,48015,1A4050300038CFE000007950,Blue Dream Vape Cart,Vape Cart
Mood Provisioning Center,AU-R-000756,Center Line,48015,1A4050300038CFE000007956,Blue Dream Vape Cart,Vape Cart
Mood Provisioning Center,AU-R-000756,Center Line,48015,1A4050300038CFE000010629,Blue Dream Vape Cart,Vape Cart
Mood Provisioning Center,AU-R-000756,Center Line,48015,1A4050300038CFE000011139,Blue Dream Vape Cart,Vape Cart
Mood Provisioning Center,AU-R-000756,Center Line,48015,1A4050300038CFE000011140,Blue Dream Vape Cart,Vape Cart
Mood Provisioning Center,AU-R-000756,Center Line,48015,1A4050300038CFE000012344,Blue Razz Vape Cart,Vape Cart
Mood Provisioning Center,AU-R-000756,Center Line,48015,1A4050300038CFE000007960,Blueberry Pancake 1g vape,Vape Cart
Mood Provisioning Center,AU-R-000756,Center Line,48015,1A4050300038CFE000011376,Blueberry Pancake 1g vape,Vape Cart
Mood Provisioning Center,AU-R-000756,Center Line,48015,1A4050300038CFE000007948,Cherry Pie Vape Cart,Vape Cart
Mood Provisioning Center,AU-R-000756,Center Line,48015,1A4050300038CFE000012337,Grape Soda 1g Vape,Vape Cart
Mood Provisioning Center,AU-R-000756,Center Line,48015,1A4050300038CFE000012350,Jungle Juice Vape Cart,Vape Cart
Mood Provisioning Center,AU-R-000756,Center Line,48015,1A4050300038CFE000007959,Lemon Cheese Cake Disposable,Vape Cart
Mood Provisioning Center,AU-R-000756,Center Line,48015,1A4050300038CFE000012354,Orange Soda Vape Cart,Vape Cart
Mood Provisioning Center,AU-R-000756,Center Line,48015,1A4050300038CFE000010627,Peaches and Cream Vape Cart,Vape Cart
Mood Provisioning Center,AU-R-000756,Center Line,48015,1A4050300038CFE000011321,Peaches and Cream Vape Cart,Vape Cart
Mood Provisioning Center,AU-R-000756,Center Line,48015,1A4050300038CFE000012355,Sour Apple Vape Cart,Vape Cart
Mood Provisioning Center,AU-R-000756,Center Line,48015,1A4050300038CFE000007961,Strawberry Cough 1g Vape,Vape Cart
Mood Provisioning Center,AU-R-000756,Center Line,48015,1A4050300038CFE000012338,Strawberry Cough 1g Vape,Vape Cart
Mood Provisioning Center,AU-R-000756,Center Line,48015,1A4050300038CFE000006750,Watermelon Freeze Disposables,Vape Cart
Mood Provisioning Center,AU-R-000756,Center Line,48015,1A4050300038CFE000007958,Watermelon Freeze Disposables,Vape Cart
Mood Provisioning Center,AU-R-000756,Center Line,48015,1A4050300038CFE000007947,Watermelon Freeze Vape Cart,Vape Cart
Mood Provisioning Center,AU-R-000756,Center Line,48015,1A4050300038CFE000010626,Watermelon Freeze Vape Cart,Vape Cart
Motor City Oasis LLC,AU-R-000641,Vassar,48768,1A4050300038CFE000000099,Blue Razz Vape Cart,Vape Cart
Motor City Oasis LLC,AU-R-000641,Vassar,48768,1A4050300038CFE000000102,Cherry Pie Vape Cart,Vape Cart
Motor City Oasis LLC,AU-R-000641,Vassar,48768,1A4050300038CFE000000101,Fruity Pebbles Vape Cart,Vape Cart
Motor City Oasis LLC,AU-R-000641,Vassar,48768,1A4050300038CFE000000100,Pina Colada Vape Cart,Vape Cart
Motor City Oasis LLC,AU-R-000641,Vassar,48768,1A4050300038CFE000000103,Sour Apple Vape Cart,Vape Cart
Motown Meds,PC-000873,Detroit,48228,1A405010002786D000029810,Strawberry 1g Infused Preroll,Infused Pre-Rolls
Nobo,AU-R-000369,Edwardsburg,49112,1A4050300038CFE000015725,Banana Split 1g Disposable,Vape Cart
Nobo,AU-R-000369,Edwardsburg,49112,1A4050300038CFE000015726,Banana Split 1g Disposable,Vape Cart
Nobo,AU-R-000369,Edwardsburg,49112,1A4050300038CFE000015348,Banana Split Box 5 PK Vape Cart,Vape Cart
Nobo,AU-R-000369,Edwardsburg,49112,1A4050300038CFE000015475,Bubble Gum Box 5 PK Vape Cart,Vape Cart
Nobo,AU-R-000369,Edwardsburg,49112,1A4050300038CFE000014758,Fruity Pebbles 1g Disposable,Vape Cart
Nobo,AU-R-000369,Edwardsburg,49112,1A4050300038CFE000014771,Fruity Pebbles 1g Disposable,Vape Cart
Nobo,AU-R-000369,Edwardsburg,49112,1A4050300038CFE000014399,Jungle Juice Vape Cart,Vape Cart
Nobo,AU-R-000369,Edwardsburg,49112,1A4050300038CFE000014407,Jungle Juice Vape Cart,Vape Cart
Nobo,AU-R-000369,Edwardsburg,49112,1A4050300038CFE000014828,Lemon Cheese Cake Vape,Vape Cart
Nobo,AU-R-000369,Edwardsburg,49112,1A4050300038CFE000014841,Lemon Cheese Cake Vape,Vape Cart
Nobo,AU-R-000369,Edwardsburg,49112,1A4050300038CFE000015079,OG Disposables,Vape Cart
Nobo,AU-R-000369,Edwardsburg,49112,1A4050300038CFE000015081,OG Disposables,Vape Cart
Nobo,AU-R-000369,Edwardsburg,49112,1A4050300038CFE000015373,Peaches and Cream Vape Cart,Vape Cart
Nobo,AU-R-000369,Edwardsburg,49112,1A4050300038CFE000015524,Peaches and Cream Vape Cart,Vape Cart
Nobo,AU-R-000369,Edwardsburg,49112,1A4050300038CFE000015400,Pina Colada Vape Cart,Vape Cart
Nobo,AU-R-000369,Edwardsburg,49112,1A4050300038CFE000015401,Pina Colada Vape Cart,Vape Cart
Nobo,AU-R-000369,Edwardsburg,49112,1A4050300038CFE000015500,Sour Apple Vape Cart,Vape Cart
Nobo,AU-R-000400,Muskegon,49442,1A4050300038CFE000008063,Blue Dream Vape Cart,Vape Cart
Nobo,AU-R-000400,Muskegon,49442,1A4050300038CFE000009864,Blue Razz 1g Disposable,Vape Cart
Nobo,AU-R-000400,Muskegon,49442,1A4050300038CFE000009870,Blueberry Pancake 1g vape,Vape Cart
Nobo,AU-R-000400,Muskegon,49442,1A4050300038CFE000009873,Jungle Juice 1g Disposable,Vape Cart
Nobo,AU-R-000400,Muskegon,49442,1A4050300038CFE000006752,Watermelon Freeze Disposables,Vape Cart
Nobo,AU-R-000400,Muskegon,49442,1A4050300038CFE000009866,Watermelon Freeze Vape Cart,Vape Cart
OI Processing LLC,AU-P-000392,Marquette,49855,1A4050300038CFE000022283,Pineapple 1g Infused Preroll,Infused Pre-Rolls
OI Processing LLC,AU-P-000392,Marquette,49855,1A4050300038CFE000014469,Watermelon Freeze Disposables,Vape Cart
OI Processing LLC,AU-P-000392,Marquette,49855,1A4050300038CFE000022257,Watermelon Freeze Disposables,Vape Cart
Olswell Cannabis Co.,AU-R-000561,Adrian,49221,1A4050300038CFE000021540,Blue Raspberry 1g Infused Preroll,Infused Pre-Rolls
Olswell Cannabis Co.,AU-R-000561,Adrian,49221,1A4050300038CFE000021545,OG 1g Infused Preroll,Infused Pre-Rolls
Olswell Cannabis Co.,AU-R-000561,Adrian,49221,1A4050300038CFE000021544,Pineapple 1g Infused Preroll,Infused Pre-Rolls
Olswell Cannabis Co.,AU-R-000561,Adrian,49221,1A4050300038CFE000021546,Skywalker 1g Infused Preroll,Infused Pre-Rolls
Olswell Cannabis Co.,AU-R-000561,Adrian,49221,1A4050300038CFE000021591,Watermelon 1g Infused Preroll,Infused Pre-Rolls
Olswell Cannabis Co.,AU-R-000561,Adrian,49221,1A4050300038CFE000021592,Waui 1g Infused Preroll,Infused Pre-Rolls
Olswell Cannabis Co.,AU-R-000561,Adrian,49221,1A4050300038CFE000019222,Apple Burst 1g Vape,Vape Cart
Olswell Cannabis Co.,AU-R-000561,Adrian,49221,1A4050300038CFE000018698,Banana Split Box 5 PK Vape Cart,Vape Cart
Olswell Cannabis Co.,AU-R-000561,Adrian,49221,1A4050300038CFE000015717,Banana Split Vape Cart,Vape Cart
Olswell Cannabis Co.,AU-R-000561,Adrian,49221,1A4050300038CFE000014100,Blue Dream 1g Disposable,Vape Cart
Olswell Cannabis Co.,AU-R-000561,Adrian,49221,1A4050300038CFE000015346,Blue Dream Box 5 PK Vape Cart,Vape Cart
Olswell Cannabis Co.,AU-R-000561,Adrian,49221,1A4050300038CFE000017332,Blue Dream Vape Cart,Vape Cart
Olswell Cannabis Co.,AU-R-000561,Adrian,49221,1A4050300038CFE000014096,Blue Razz 1g Disposable,Vape Cart
Olswell Cannabis Co.,AU-R-000561,Adrian,49221,1A4050300038CFE000017333,Blue Razz Vape Cart,Vape Cart
Olswell Cannabis Co.,AU-R-000561,Adrian,49221,1A4050300038CFE000019825,Blue Razz Vape Cart,Vape Cart
Olswell Cannabis Co.,AU-R-000561,Adrian,49221,1A4050300038CFE000013515,Blueberry Pancake 1g vape,Vape Cart
Olswell Cannabis Co.,AU-R-000561,Adrian,49221,1A4050300038CFE000017085,Blueberry Pancake 1g vape,Vape Cart
Olswell Cannabis Co.,AU-R-000561,Adrian,49221,1A4050300038CFE000018124,Blueberry Pancake 1g vape,Vape Cart
Olswell Cannabis Co.,AU-R-000561,Adrian,49221,1A4050300038CFE000018128,Blueberry Pancake 1g vape,Vape Cart
Olswell Cannabis Co.,AU-R-000561,Adrian,49221,1A4050300038CFE000015966,Bubble Gum 1g vape,Vape Cart
Olswell Cannabis Co.,AU-R-000561,Adrian,49221,1A4050300038CFE000018691,Bubble Gum 1g vape,Vape Cart
Olswell Cannabis Co.,AU-R-000561,Adrian,49221,1A4050300038CFE000017337,Bubble Gum Box 5 PK Vape Cart,Vape Cart
Olswell Cannabis Co.,AU-R-000561,Adrian,49221,1A4050300038CFE000018547,Bubble Gum Box 5 PK Vape Cart,Vape Cart
Olswell Cannabis Co.,AU-R-000561,Adrian,49221,1A4050300038CFE000015885,Cereal Milk 1g Vape,Vape Cart
Olswell Cannabis Co.,AU-R-000561,Adrian,49221,1A4050300038CFE000015313,Cherry Pie Box 5 PK Vape Cart,Vape Cart
Olswell Cannabis Co.,AU-R-000561,Adrian,49221,1A4050300038CFE000018692,Cherry Pie Vape Cart,Vape Cart
Olswell Cannabis Co.,AU-R-000561,Adrian,49221,1A4050300038CFE000015911,Dirty Shirly 1g Vape,Vape Cart
Olswell Cannabis Co.,AU-R-000561,Adrian,49221,1A4050300038CFE000017340,Fruity Pebbles Box 5 PK Vape Cart,Vape Cart
Olswell Cannabis Co.,AU-R-000561,Adrian,49221,1A4050300038CFE000013572,Fruity Pebbles Vape Cart,Vape Cart
Olswell Cannabis Co.,AU-R-000561,Adrian,49221,1A4050300038CFE000016418,Fruity Pebbles Vape Cart,Vape Cart
Olswell Cannabis Co.,AU-R-000561,Adrian,49221,1A4050300038CFE000019841,Fruity Pebbles Vape Cart,Vape Cart
Olswell Cannabis Co.,AU-R-000561,Adrian,49221,1A4050300038CFE000014329,Grape Soda 1g Vape,Vape Cart
Olswell Cannabis Co.,AU-R-000561,Adrian,49221,1A4050300038CFE000016793,Grape Soda 1g Vape,Vape Cart
Olswell Cannabis Co.,AU-R-000561,Adrian,49221,1A4050300038CFE000018693,Grape Soda 1g Vape,Vape Cart
Olswell Cannabis Co.,AU-R-000561,Adrian,49221,1A4050300038CFE000019032,Grape Soda 1g Vape,Vape Cart
Olswell Cannabis Co.,AU-R-000561,Adrian,49221,1A4050300038CFE000015330,Grape Soda Box 5 PK Vape Cart,Vape Cart
Olswell Cannabis Co.,AU-R-000561,Adrian,49221,1A4050300038CFE000018699,Jungle Juice Box 5 PK Vape Cart,Vape Cart
Olswell Cannabis Co.,AU-R-000561,Adrian,49221,1A4050300038CFE000016919,Jungle Juice Vape Cart,Vape Cart
Olswell Cannabis Co.,AU-R-000561,Adrian,49221,1A4050300038CFE000018071,Jungle Juice Vape Cart,Vape Cart
Olswell Cannabis Co.,AU-R-000561,Adrian,49221,1A4050300038CFE000018690,Jungle Juice Vape Cart,Vape Cart
Olswell Cannabis Co.,AU-R-000561,Adrian,49221,1A4050300038CFE000017334,Lemon Cheese Cake Vape,Vape Cart
Olswell Cannabis Co.,AU-R-000561,Adrian,49221,1A4050300038CFE000018694,Lemon Cheese Cake Vape,Vape Cart
Olswell Cannabis Co.,AU-R-000561,Adrian,49221,1A4050300038CFE000014332,Lemon Drop Vape Cart,Vape Cart
Olswell Cannabis Co.,AU-R-000561,Adrian,49221,1A4050300038CFE000014967,Lemon Drop Vape Cart,Vape Cart
Olswell Cannabis Co.,AU-R-000561,Adrian,49221,1A4050300038CFE000018434,Lemon Drop Vape Cart,Vape Cart
Olswell Cannabis Co.,AU-R-000561,Adrian,49221,1A4050300038CFE000014331,Lemon Pie Vape Cart,Vape Cart
Olswell Cannabis Co.,AU-R-000561,Adrian,49221,1A4050300038CFE000014501,Lemon Pie Vape Cart,Vape Cart
Olswell Cannabis Co.,AU-R-000561,Adrian,49221,1A4050300038CFE000015321,OG Box 5 PK Vape Cart,Vape Cart
Olswell Cannabis Co.,AU-R-000561,Adrian,49221,1A4050300038CFE000013807,OG Vape Cart,Vape Cart
Olswell Cannabis Co.,AU-R-000561,Adrian,49221,1A4050300038CFE000016948,OG Vape Cart,Vape Cart
Olswell Cannabis Co.,AU-R-000561,Adrian,49221,1A4050300038CFE000018695,OG Vape Cart,Vape Cart
Olswell Cannabis Co.,AU-R-000561,Adrian,49221,1A4050300038CFE000013586,Orange Soda Vape Cart,Vape Cart
Olswell Cannabis Co.,AU-R-000561,Adrian,49221,1A4050300038CFE000016890,Orange Soda Vape Cart,Vape Cart
Olswell Cannabis Co.,AU-R-000561,Adrian,49221,1A4050300038CFE000016665,Peaches and Cream Vape Cart,Vape Cart
Olswell Cannabis Co.,AU-R-000561,Adrian,49221,1A4050300038CFE000017338,Pina Colada Box 5 PK Vape Cart,Vape Cart
Olswell Cannabis Co.,AU-R-000561,Adrian,49221,1A4050300038CFE000017343,Pina Colada Vape Cart,Vape Cart
Olswell Cannabis Co.,AU-R-000561,Adrian,49221,1A4050300038CFE000016142,Pineapple Express 1g Vape Cart,Vape Cart
Olswell Cannabis Co.,AU-R-000561,Adrian,49221,1A4050300038CFE000016184,Pink Lemonade 1g Vape Cart,Vape Cart
Olswell Cannabis Co.,AU-R-000561,Adrian,49221,1A4050300038CFE000017331,Red Velvet 1g Vape,Vape Cart
Olswell Cannabis Co.,AU-R-000561,Adrian,49221,1A4050300038CFE000017098,Red Velvet Box 5 PK Vape Cart,Vape Cart
Olswell Cannabis Co.,AU-R-000561,Adrian,49221,1A4050300038CFE000014330,Sour Apple Vape Cart,Vape Cart
Olswell Cannabis Co.,AU-R-000561,Adrian,49221,1A4050300038CFE000018696,Strawberry Cough 1g Vape,Vape Cart
Olswell Cannabis Co.,AU-R-000561,Adrian,49221,1A4050300038CFE000015340,Strawberry Cough Box 5 PK Vape Cart,Vape Cart
Olswell Cannabis Co.,AU-R-000561,Adrian,49221,1A4050300038CFE000014060,Strawberry Shortcake 1g Disposable,Vape Cart
Olswell Cannabis Co.,AU-R-000561,Adrian,49221,1A4050300038CFE000019228,Strawberry Shortcake Vape Cart,Vape Cart
Olswell Cannabis Co.,AU-R-000561,Adrian,49221,1A4050300038CFE000021492,Strawberry Shortcake Vape Cart,Vape Cart
Olswell Cannabis Co.,AU-R-000561,Adrian,49221,1A4050300038CFE000018700,Watermelon Freeze Box 5 PK Vape Cart,Vape Cart
Olswell Cannabis Co.,AU-R-000561,Adrian,49221,1A4050300038CFE000014081,Watermelon Freeze Disposables,Vape Cart
Olswell Cannabis Co.,AU-R-000561,Adrian,49221,1A4050300038CFE000018258,Watermelon Freeze Vape Cart,Vape Cart
Olswell Cannabis Co.,AU-R-000561,Adrian,49221,1A4050300038CFE000018280,Watermelon Freeze Vape Cart,Vape Cart
Olswell-Grand Rapids,AU-R-000535,Grand Rapids,49508,1A4050300038CFE000021462,Blue Raspberry 1g Infused Preroll,Infused Pre-Rolls
Olswell-Grand Rapids,AU-R-000535,Grand Rapids,49508,1A4050300038CFE000021466,OG 1g Infused Preroll,Infused Pre-Rolls
Olswell-Grand Rapids,AU-R-000535,Grand Rapids,49508,1A4050300038CFE000021465,Pineapple 1g Infused Preroll,Infused Pre-Rolls
Olswell-Grand Rapids,AU-R-000535,Grand Rapids,49508,1A4050300038CFE000021467,Skywalker 1g Infused Preroll,Infused Pre-Rolls
Olswell-Grand Rapids,AU-R-000535,Grand Rapids,49508,1A4050300038CFE000021468,Watermelon 1g Infused Preroll,Infused Pre-Rolls
Olswell-Grand Rapids,AU-R-000535,Grand Rapids,49508,1A4050300038CFE000021469,Waui 1g Infused Preroll,Infused Pre-Rolls
Olswell-Grand Rapids,AU-R-000535,Grand Rapids,49508,1A4050300038CFE000014099,Blue Dream 1g Disposable,Vape Cart
Olswell-Grand Rapids,AU-R-000535,Grand Rapids,49508,1A4050300038CFE000015345,Blue Dream Box 5 PK Vape Cart,Vape Cart
Olswell-Grand Rapids,AU-R-000535,Grand Rapids,49508,1A4050300038CFE000017394,Blue Dream Vape Cart,Vape Cart
Olswell-Grand Rapids,AU-R-000535,Grand Rapids,49508,1A4050300038CFE000014117,Blue Razz 1g Disposable,Vape Cart
Olswell-Grand Rapids,AU-R-000535,Grand Rapids,49508,1A4050300038CFE000017395,Blue Razz Vape Cart,Vape Cart
Olswell-Grand Rapids,AU-R-000535,Grand Rapids,49508,1A4050300038CFE000013505,Blueberry Pancake 1g vape,Vape Cart
Olswell-Grand Rapids,AU-R-000535,Grand Rapids,49508,1A4050300038CFE000017086,Blueberry Pancake 1g vape,Vape Cart
Olswell-Grand Rapids,AU-R-000535,Grand Rapids,49508,1A4050300038CFE000018129,Blueberry Pancake 1g vape,Vape Cart
Olswell-Grand Rapids,AU-R-000535,Grand Rapids,49508,1A4050300038CFE000015955,Bubble Gum 1g vape,Vape Cart
Olswell-Grand Rapids,AU-R-000535,Grand Rapids,49508,1A4050300038CFE000018675,Bubble Gum 1g vape,Vape Cart
Olswell-Grand Rapids,AU-R-000535,Grand Rapids,49508,1A4050300038CFE000017336,Bubble Gum Box 5 PK Vape Cart,Vape Cart
Olswell-Grand Rapids,AU-R-000535,Grand Rapids,49508,1A4050300038CFE000015891,Cereal Milk 1g Vape,Vape Cart
Olswell-Grand Rapids,AU-R-000535,Grand Rapids,49508,1A4050300038CFE000015311,Cherry Pie Box 5 PK Vape Cart,Vape Cart
Olswell-Grand Rapids,AU-R-000535,Grand Rapids,49508,1A4050300038CFE000018676,Cherry Pie Vape Cart,Vape Cart
Olswell-Grand Rapids,AU-R-000535,Grand Rapids,49508,1A4050300038CFE000015929,Dirty Shirly 1g Vape,Vape Cart
Olswell-Grand Rapids,AU-R-000535,Grand Rapids,49508,1A4050300038CFE000017341,Fruity Pebbles Box 5 PK Vape Cart,Vape Cart
Olswell-Grand Rapids,AU-R-000535,Grand Rapids,49508,1A4050300038CFE000013567,Fruity Pebbles Vape Cart,Vape Cart
Olswell-Grand Rapids,AU-R-000535,Grand Rapids,49508,1A4050300038CFE000014310,Grape Soda 1g Vape,Vape Cart
Olswell-Grand Rapids,AU-R-000535,Grand Rapids,49508,1A4050300038CFE000018527,Grape Soda 1g Vape,Vape Cart
Olswell-Grand Rapids,AU-R-000535,Grand Rapids,49508,1A4050300038CFE000015332,Grape Soda Box 5 PK Vape Cart,Vape Cart
Olswell-Grand Rapids,AU-R-000535,Grand Rapids,49508,1A4050300038CFE000016921,Jungle Juice Vape Cart,Vape Cart
Olswell-Grand Rapids,AU-R-000535,Grand Rapids,49508,1A4050300038CFE000018044,Jungle Juice Vape Cart,Vape Cart
Olswell-Grand Rapids,AU-R-000535,Grand Rapids,49508,1A4050300038CFE000018679,Lemon Cheese Cake Vape,Vape Cart
Olswell-Grand Rapids,AU-R-000535,Grand Rapids,49508,1A4050300038CFE000014309,Lemon Drop Vape Cart,Vape Cart
Olswell-Grand Rapids,AU-R-000535,Grand Rapids,49508,1A4050300038CFE000016780,Lemon Drop Vape Cart,Vape Cart
Olswell-Grand Rapids,AU-R-000535,Grand Rapids,49508,1A4050300038CFE000018437,Lemon Drop Vape Cart,Vape Cart
Olswell-Grand Rapids,AU-R-000535,Grand Rapids,49508,1A4050300038CFE000014308,Lemon Pie Vape Cart,Vape Cart
Olswell-Grand Rapids,AU-R-000535,Grand Rapids,49508,1A4050300038CFE000015323,OG Box 5 PK Vape Cart,Vape Cart
Olswell-Grand Rapids,AU-R-000535,Grand Rapids,49508,1A4050300038CFE000016944,OG Vape Cart,Vape Cart
Olswell-Grand Rapids,AU-R-000535,Grand Rapids,49508,1A4050300038CFE000018681,OG Vape Cart,Vape Cart
Olswell-Grand Rapids,AU-R-000535,Grand Rapids,49508,1A4050300038CFE000013587,Orange Soda Vape Cart,Vape Cart
Olswell-Grand Rapids,AU-R-000535,Grand Rapids,49508,1A4050300038CFE000016894,Orange Soda Vape Cart,Vape Cart
Olswell-Grand Rapids,AU-R-000535,Grand Rapids,49508,1A4050300038CFE000017397,Peaches and Cream Vape Cart,Vape Cart
Olswell-Grand Rapids,AU-R-000535,Grand Rapids,49508,1A4050300038CFE000017339,Pina Colada Box 5 PK Vape Cart,Vape Cart
Olswell-Grand Rapids,AU-R-000535,Grand Rapids,49508,1A4050300038CFE000016138,Pineapple Express 1g Vape Cart,Vape Cart
Olswell-Grand Rapids,AU-R-000535,Grand Rapids,49508,1A4050300038CFE000018094,Pineapple Express 1g Vape Cart,Vape Cart
Olswell-Grand Rapids,AU-R-000535,Grand Rapids,49508,1A4050300038CFE000016186,Pink Lemonade 1g Vape Cart,Vape Cart
Olswell-Grand Rapids,AU-R-000535,Grand Rapids,49508,1A4050300038CFE000017318,Red Velvet 1g Vape,Vape Cart
Olswell-Grand Rapids,AU-R-000535,Grand Rapids,49508,1A4050300038CFE000014311,Sour Apple Vape Cart,Vape Cart
Olswell-Grand Rapids,AU-R-000535,Grand Rapids,49508,1A4050300038CFE000018683,Sour Apple Vape Cart,Vape Cart
Olswell-Grand Rapids,AU-R-000535,Grand Rapids,49508,1A4050300038CFE000018684,Strawberry Cough 1g Vape,Vape Cart
Olswell-Grand Rapids,AU-R-000535,Grand Rapids,49508,1A4050300038CFE000017396,Strawberry Cough Box 5 PK Vape Cart,Vape Cart
Olswell-Grand Rapids,AU-R-000535,Grand Rapids,49508,1A4050300038CFE000014058,Strawberry Shortcake 1g Disposable,Vape Cart
Olswell-Grand Rapids,AU-R-000535,Grand Rapids,49508,1A4050300038CFE000018686,Strawberry Shortcake Vape Cart,Vape Cart
Olswell-Grand Rapids,AU-R-000535,Grand Rapids,49508,1A4050300038CFE000021433,Strawberry Shortcake Vape Cart,Vape Cart
Olswell-Grand Rapids,AU-R-000535,Grand Rapids,49508,1A4050300038CFE000014087,Watermelon Freeze Disposables,Vape Cart
Olswell-Grand Rapids,AU-R-000535,Grand Rapids,49508,1A4050300038CFE000013423,Watermelon Freeze Vape Cart,Vape Cart
Olswell-Grand Rapids,AU-R-000535,Grand Rapids,49508,1A4050300038CFE000018267,Watermelon Freeze Vape Cart,Vape Cart
"OUI-D Operations, LLC",AU-R-001034,Saginaw,48601,1A4050300038CFE000014455,Orange Soda 1g Disposable,Vape Cart
"OUI-D Operations, LLC",AU-R-001034,Saginaw,48601,1A4050300038CFE000014454,Sour Apple Vape Cart,Vape Cart
OUI-D Shop,AU-R-001077,Benzonia,49616,1A4050300038CFE000022161,Waui 1g Infused Preroll,Infused Pre-Rolls
OUI-D Shop,AU-R-001077,Benzonia,49616,1A4050300038CFE000013576,Fruity Pebbles Vape Cart,Vape Cart
OUI-D Shop,AU-R-001077,Benzonia,49616,1A4050300038CFE000014432,Grape Soda 1g Vape,Vape Cart
OUI-D Shop,AU-R-001077,Benzonia,49616,1A4050300038CFE000014433,Orange Soda 1g Disposable,Vape Cart
OUI-D Shop,AU-R-001077,Benzonia,49616,1A4050300038CFE000014075,Watermelon Freeze Disposables,Vape Cart
Pegasus,AU-R-000636,Jackson,49202,1A4050300038CFE000007671,Jungle Juice Vape Cart,Vape Cart
Pegasus,AU-R-000636,Jackson,49202,1A4050300038CFE000007676,Lemon Cheese Cake Disposable,Vape Cart
Pharmhouse Wellness,AU-R-000343,Grand Rapids,49504,1A4050300038CFE000016954,Blue Raspberry 1g Infused Preroll,Infused Pre-Rolls
Pharmhouse Wellness,AU-R-000343,Grand Rapids,49504,1A4050300038CFE000016956,Peach Mango 1g Infused Preroll,Infused Pre-Rolls
Plan B Wellness Center LLC,PC-000137,Detroit,48219,1A4050300038E8D000000813,Presidential | Pres OG | 1g IPR,Infused Pre-Rolls
Plan B Wellness Center LLC,PC-000137,Detroit,48219,1A4050300038E8D000000812,Presidential | Watermelon | 1g IPR,Infused Pre-Rolls
Plan B Wellness Center LLC,PC-000137,Detroit,48219,1A4050300038E8D000000605,Presidential | Waui | 1g PR,Infused Pre-Rolls
Plan B Wellness Center LLC,PC-000137,Detroit,48219,1A4050300038E8D000000807,Presidential | Waui | 1g PR,Infused Pre-Rolls
Plan B Wellness Center LLC,PC-000137,Detroit,48219,1A4050300038E8D000000603,Presidential | OG | 1g IPR,Shake/Trim
Plan B Wellness Center LLC,PC-000137,Detroit,48219,1A4050300038E8D000000498,Presidential | Peach Mango | 1g IPR,Shake/Trim
Plan B Wellness Center LLC,PC-000137,Detroit,48219,1A4050300038E8D000000602,Presidential | Peach Mango | 1g IPR,Shake/Trim
Plan B Wellness Center LLC,PC-000137,Detroit,48219,1A4050300038E8D000000810,Presidential | Peach Mango | 1g IPR,Shake/Trim
Plan B Wellness Center LLC,PC-000137,Detroit,48219,1A4050300038E8D000000809,Presidential | Skywalker OG | 1g IPR,Shake/Trim
Plan B Wellness Center LLC,PC-000137,Detroit,48219,1A4050300038E8D000000604,Presidential | Strawberry | 1g IPR,Shake/Trim
Plan B Wellness Center LLC,PC-000137,Detroit,48219,1A4050300038E8D000000808,Presidential | Strawberry | 1g IPR,Shake/Trim
Plan B Wellness Center LLC,PC-000137,Detroit,48219,1A4050300038E8D000000479,Amnesia | Banana Split | 1g VC,Vape Cart
Plan B Wellness Center LLC,PC-000137,Detroit,48219,1A4050300038E8D000000480,Amnesia | Blue Razz | 1g VC,Vape Cart
Plan B Wellness Center LLC,PC-000137,Detroit,48219,1A4050300038E8D000000482,Amnesia | Fruity Pebbles | 1g VC,Vape Cart
Plan B Wellness Center LLC,PC-000137,Detroit,48219,1A4050300038E8D000000484,Amnesia | OG | 1g VC,Vape Cart
Plan B Wellness Center LLC,PC-000137,Detroit,48219,1A4050300038E8D000000486,Amnesia | Peaches n' Cream | 1g VC,Vape Cart
Plan B Wellness Center LLC,PC-000137,Detroit,48219,1A4050300038E8D000000488,Amnesia | Sour Apple | 1g VC,Vape Cart
Plan B Wellness Center LLC,PC-000137,Detroit,48219,1A4050300038E8D000000490,Amnesia | Watermelon Freeze | 1g AIO,Vape Cart
Plan B Wellness Center LLC,PC-000137,Detroit,48219,1A4050300038E8D000000483,Amnesia | Watermelon Freeze | 1g VC,Vape Cart
"Plan B Wellness Center, LLC",AU-R-000911,Detroit,48219,1A4050300038CFE000006134,OG 1g Infused Preroll,Infused Pre-Rolls
"Plan B Wellness Center, LLC",AU-R-000911,Detroit,48219,1A4050300038CFE000007388,OG 1g Infused Preroll,Infused Pre-Rolls
"Plan B Wellness Center, LLC",AU-R-000911,Detroit,48219,1A4050300038CFE000010461,OG 1g Infused Preroll,Infused Pre-Rolls
"Plan B Wellness Center, LLC",AU-R-000911,Detroit,48219,1A4050300038CFE000006565,Peach Mango 1g Infused Preroll,Infused Pre-Rolls
"Plan B Wellness Center, LLC",AU-R-000911,Detroit,48219,1A4050300038CFE000007380,Peach Mango 1g Infused Preroll,Infused Pre-Rolls
"Plan B Wellness Center, LLC",AU-R-000911,Detroit,48219,1A4050300038CFE000010462,Peach Mango 1g Infused Preroll,Infused Pre-Rolls
"Plan B Wellness Center, LLC",AU-R-000911,Detroit,48219,1A4050300038CFE000006562,Skywalker 1g Infused Preroll,Infused Pre-Rolls
"Plan B Wellness Center, LLC",AU-R-000911,Detroit,48219,1A4050300038CFE000007384,Skywalker 1g Infused Preroll,Infused Pre-Rolls
"Plan B Wellness Center, LLC",AU-R-000911,Detroit,48219,1A4050300038CFE000010460,Skywalker 1g Infused Preroll,Infused Pre-Rolls
"Plan B Wellness Center, LLC",AU-R-000911,Detroit,48219,1A4050300038CFE000007389,Strawberry 1g Infused Preroll,Infused Pre-Rolls
"Plan B Wellness Center, LLC",AU-R-000911,Detroit,48219,1A4050300038CFE000010459,Strawberry 1g Infused Preroll,Infused Pre-Rolls
"Plan B Wellness Center, LLC",AU-R-000911,Detroit,48219,1A4050300038CFE000006563,Watermelon 1g Infused Preroll,Infused Pre-Rolls
"Plan B Wellness Center, LLC",AU-R-000911,Detroit,48219,1A4050300038CFE000007387,Watermelon 1g Infused Preroll,Infused Pre-Rolls
"Plan B Wellness Center, LLC",AU-R-000911,Detroit,48219,1A4050300038CFE000010458,Watermelon 1g Infused Preroll,Infused Pre-Rolls
"Plan B Wellness Center, LLC",AU-R-000911,Detroit,48219,1A4050300038CFE000007386,Waui 1g Infused Preroll,Infused Pre-Rolls
"Plan B Wellness Center, LLC",AU-R-000911,Detroit,48219,1A4050300038CFE000010457,Waui 1g Infused Preroll,Infused Pre-Rolls
"Plan B Wellness Center, LLC",AU-R-000911,Detroit,48219,1A4050300038CFE000006555,Banana Split Vape Cart,Vape Cart
"Plan B Wellness Center, LLC",AU-R-000911,Detroit,48219,1A4050300038CFE000000306,Blue Razz Vape Cart,Vape Cart
"Plan B Wellness Center, LLC",AU-R-000911,Detroit,48219,1A4050300038CFE000000339,Blue Razz Vape Cart,Vape Cart
"Plan B Wellness Center, LLC",AU-R-000911,Detroit,48219,1A4050300038CFE000006554,Blue Razz Vape Cart,Vape Cart
"Plan B Wellness Center, LLC",AU-R-000911,Detroit,48219,1A4050300038CFE000000312,Cherry Pie Vape Cart,Vape Cart
"Plan B Wellness Center, LLC",AU-R-000911,Detroit,48219,1A4050300038CFE000000338,Cherry Pie Vape Cart,Vape Cart
"Plan B Wellness Center, LLC",AU-R-000911,Detroit,48219,1A4050300038CFE000006551,Fruity Pebbles Vape Cart,Vape Cart
"Plan B Wellness Center, LLC",AU-R-000911,Detroit,48219,1A4050300038CFE000000309,OG Vape Cart,Vape Cart
"Plan B Wellness Center, LLC",AU-R-000911,Detroit,48219,1A4050300038CFE000000340,OG Vape Cart,Vape Cart
"Plan B Wellness Center, LLC",AU-R-000911,Detroit,48219,1A4050300038CFE000006549,OG Vape Cart,Vape Cart
"Plan B Wellness Center, LLC",AU-R-000911,Detroit,48219,1A4050300038CFE000000345,Peaches and Cream Vape Cart,Vape Cart
"Plan B Wellness Center, LLC",AU-R-000911,Detroit,48219,1A4050300038CFE000000346,Peaches and Cream Vape Cart,Vape Cart
"Plan B Wellness Center, LLC",AU-R-000911,Detroit,48219,1A4050300038CFE000006552,Peaches and Cream Vape Cart,Vape Cart
"Plan B Wellness Center, LLC",AU-R-000911,Detroit,48219,1A4050300038CFE000006543,Sour Apple Vape Cart,Vape Cart
"Plan B Wellness Center, LLC",AU-R-000911,Detroit,48219,1A4050300038CFE000006550,Watermelon Freeze Disposables,Vape Cart
"Plan B Wellness Center, LLC",AU-R-000911,Detroit,48219,1A4050300038CFE000006557,Watermelon Freeze Vape Cart,Vape Cart
Planet 59,AU-R-001059,WaterfoRd,48328,1A4050300038CFE000010281,OG 1g Infused Preroll,Infused Pre-Rolls
Planet 59,AU-R-001059,WaterfoRd,48328,1A4050300038CFE000017893,OG 1g Infused Preroll,Infused Pre-Rolls
Planet 59,AU-R-001059,WaterfoRd,48328,1A4050300038CFE000010279,Skywalker 1g Infused Preroll,Infused Pre-Rolls
Planet 59,AU-R-001059,WaterfoRd,48328,1A4050300038CFE000010278,Waui 1g Infused Preroll,Infused Pre-Rolls
Planet 59,AU-R-001059,WaterfoRd,48328,1A4050300038CFE000019207,Apple Burst 1g Vape,Vape Cart
Planet 59,AU-R-001059,WaterfoRd,48328,1A4050300038CFE000019223,Apple Burst 1g Vape,Vape Cart
Planet 59,AU-R-001059,WaterfoRd,48328,1A4050300038CFE000011125,Banana Split Vape Cart,Vape Cart
Planet 59,AU-R-001059,WaterfoRd,48328,1A4050300038CFE000011126,Banana Split Vape Cart,Vape Cart
Planet 59,AU-R-001059,WaterfoRd,48328,1A4050300038CFE000017477,Banana Split Vape Cart,Vape Cart
Planet 59,AU-R-001059,WaterfoRd,48328,1A4050300038CFE000017486,Banana Split Vape Cart,Vape Cart
Planet 59,AU-R-001059,WaterfoRd,48328,1A4050300038CFE000010283,Blue Dream Vape Cart,Vape Cart
Planet 59,AU-R-001059,WaterfoRd,48328,1A4050300038CFE000011107,Blue Dream Vape Cart,Vape Cart
Planet 59,AU-R-001059,WaterfoRd,48328,1A4050300038CFE000010285,Blueberry Pancake 1g vape,Vape Cart
Planet 59,AU-R-001059,WaterfoRd,48328,1A4050300038CFE000018145,Blueberry Pancake 1g vape,Vape Cart
Planet 59,AU-R-001059,WaterfoRd,48328,1A4050300038CFE000017858,Blueberry Pancake Box 5 PK Vape Cart,Vape Cart
Planet 59,AU-R-001059,WaterfoRd,48328,1A4050300038CFE000017856,Bubble Gum Box 5 PK Vape Cart,Vape Cart
Planet 59,AU-R-001059,WaterfoRd,48328,1A4050300038CFE000019285,Cherry Pie Vape Cart,Vape Cart
Planet 59,AU-R-001059,WaterfoRd,48328,1A4050300038CFE000019289,Cherry Pie Vape Cart,Vape Cart
Planet 59,AU-R-001059,WaterfoRd,48328,1A4050300038CFE000019403,Fruity Pebbles Vape Cart,Vape Cart
Planet 59,AU-R-001059,WaterfoRd,48328,1A4050300038CFE000010284,Grape Soda 1g Vape,Vape Cart
Planet 59,AU-R-001059,WaterfoRd,48328,1A4050300038CFE000011122,Lemon Cheese Cake Vape,Vape Cart
Planet 59,AU-R-001059,WaterfoRd,48328,1A4050300038CFE000019406,Lemon Cheese Cake Vape,Vape Cart
Planet 59,AU-R-001059,WaterfoRd,48328,1A4050300038CFE000017857,OG Box 5 PK Vape Cart,Vape Cart
Planet 59,AU-R-001059,WaterfoRd,48328,1A4050300038CFE000011115,OG Vape Cart,Vape Cart
Planet 59,AU-R-001059,WaterfoRd,48328,1A4050300038CFE000019408,OG Vape Cart,Vape Cart
Planet 59,AU-R-001059,WaterfoRd,48328,1A4050300038CFE000011111,Sour Apple Vape Cart,Vape Cart
Planet 59,AU-R-001059,WaterfoRd,48328,1A4050300038CFE000019417,Strawberry Cough 1g Vape,Vape Cart
Planet 59,AU-R-001059,WaterfoRd,48328,1A4050300038CFE000011113,Strawberry Shortcake Vape Cart,Vape Cart
Planet 59,AU-R-001059,WaterfoRd,48328,1A4050300038CFE000019226,Strawberry Shortcake Vape Cart,Vape Cart
Planet 59,AU-R-001059,WaterfoRd,48328,1A4050300038CFE000019230,Strawberry Shortcake Vape Cart,Vape Cart
Planet 59,AU-R-001059,WaterfoRd,48328,1A4050300038CFE000017638,Watermelon Freeze Box 5 PK Vape Cart,Vape Cart
Planet 59,AU-R-001059,WaterfoRd,48328,1A4050300038CFE000011109,Watermelon Freeze Vape Cart,Vape Cart
Planet 59,AU-R-001059,WaterfoRd,48328,1A4050300038CFE000018302,Watermelon Freeze Vape Cart,Vape Cart
Planet 59,AU-R-001059,WaterfoRd,48328,1A4050300038CFE000018306,Watermelon Freeze Vape Cart,Vape Cart
Planet Jane LLC,AU-MB-A-000003,Ypsilanti,48197,1A4050300038CFE000019166,OG 1g Infused Preroll,Infused Pre-Rolls
Planet Jane LLC,AU-MB-A-000003,Ypsilanti,48197,1A4050300038CFE000020511,Skywalker 1g Infused Preroll,Infused Pre-Rolls
Planet Jane LLC,AU-MB-A-000003,Ypsilanti,48197,1A4050300038CFE000022239,Skywalker 1g Infused Preroll,Infused Pre-Rolls
Planet Jane LLC,AU-MB-A-000003,Ypsilanti,48197,1A4050300038CFE000018005,Strawberry 1g Infused Preroll,Infused Pre-Rolls
Planet Jane LLC,AU-MB-A-000003,Ypsilanti,48197,1A4050300038CFE000022238,Waui 1g Infused Preroll,Infused Pre-Rolls
Planet Jane LLC,AU-MB-A-000003,Ypsilanti,48197,1A4050300038CFE000018007,Banana Split 1g Disposable,Vape Cart
Planet Jane LLC,AU-MB-A-000003,Ypsilanti,48197,1A4050300038CFE000016095,Blue Razz Vape Cart,Vape Cart
Planet Jane LLC,AU-MB-A-000003,Ypsilanti,48197,1A4050300038CFE000016234,Blueberry Pancake 1g Disposable,Vape Cart
Planet Jane LLC,AU-MB-A-000003,Ypsilanti,48197,1A4050300038CFE000018011,Blueberry Pancake Box 5 PK Vape Cart,Vape Cart
Planet Jane LLC,AU-MB-A-000003,Ypsilanti,48197,1A4050300038CFE000016834,Cherry Pie 1g Disposable,Vape Cart
Planet Jane LLC,AU-MB-A-000003,Ypsilanti,48197,1A4050300038CFE000017951,Dirty Shirly 1g Vape,Vape Cart
Planet Jane LLC,AU-MB-A-000003,Ypsilanti,48197,1A4050300038CFE000017195,Fruity Pebbles 1g Disposable,Vape Cart
Planet Jane LLC,AU-MB-A-000003,Ypsilanti,48197,1A4050300038CFE000017959,Fruity Pebbles Vape Cart,Vape Cart
Planet Jane LLC,AU-MB-A-000003,Ypsilanti,48197,1A4050300038CFE000018012,Fruity Pebbles Vape Cart,Vape Cart
Planet Jane LLC,AU-MB-A-000003,Ypsilanti,48197,1A4050300038CFE000017964,Grape Soda 1g Vape,Vape Cart
Planet Jane LLC,AU-MB-A-000003,Ypsilanti,48197,1A4050300038CFE000017965,Lemon Cheese Cake Vape,Vape Cart
Planet Jane LLC,AU-MB-A-000003,Ypsilanti,48197,1A4050300038CFE000017266,OG Disposables,Vape Cart
Planet Jane LLC,AU-MB-A-000003,Ypsilanti,48197,1A4050300038CFE000017777,Orange Soda Vape Cart,Vape Cart
Planet Jane LLC,AU-MB-A-000003,Ypsilanti,48197,1A4050300038CFE000016868,Pina Colada Disposables,Vape Cart
Planet Jane LLC,AU-MB-A-000003,Ypsilanti,48197,1A4050300038CFE000017968,Red Velvet 1g Vape,Vape Cart
Planet Jane LLC,AU-MB-A-000003,Ypsilanti,48197,1A4050300038CFE000016359,Strawberry Shortcake 1g Disposable,Vape Cart
Planet Jane LLC,AU-MB-A-000003,Ypsilanti,48197,1A4050300038CFE000015979,Watermelon Freeze Disposables,Vape Cart
Planet Jane LLC,AU-MB-A-000003,Ypsilanti,48197,1A4050300038CFE000018017,Watermelon Freeze Disposables,Vape Cart
Planted Provisioning,AU-R-000550,Whitmore Lake,48189,1A4050300038CFE000014121,Blue Razz 1g Disposable,Vape Cart
Planted Provisioning,AU-R-000550,Whitmore Lake,48189,1A4050300038CFE000016411,Blue Razz 1g Disposable,Vape Cart
Planted Provisioning,AU-R-000550,Whitmore Lake,48189,1A4050300038CFE000020809,Blue Razz 1g Disposable,Vape Cart
Planted Provisioning,AU-R-000550,Whitmore Lake,48189,1A4050300038CFE000019300,Fruity Pebbles Box 5 PK Vape Cart,Vape Cart
Planted Provisioning,AU-R-000550,Whitmore Lake,48189,1A4050300038CFE000018520,Grape Soda 1g Vape,Vape Cart
Planted Provisioning,AU-R-000550,Whitmore Lake,48189,1A4050300038CFE000019249,Grape Soda Box 5 PK Vape Cart,Vape Cart
Planted Provisioning,AU-R-000550,Whitmore Lake,48189,1A4050300038CFE000018026,Jungle Juice Vape Cart,Vape Cart
Planted Provisioning,AU-R-000550,Whitmore Lake,48189,1A4050300038CFE000018027,Jungle Juice Vape Cart,Vape Cart
Planted Provisioning,AU-R-000550,Whitmore Lake,48189,1A4050300038CFE000017952,OG Vape Cart,Vape Cart
Planted Provisioning,AU-R-000550,Whitmore Lake,48189,1A4050300038CFE000017954,OG Vape Cart,Vape Cart
Planted Provisioning,AU-R-000550,Whitmore Lake,48189,1A4050300038CFE000018522,Orange Soda Vape Cart,Vape Cart
Planted Provisioning,AU-R-000550,Whitmore Lake,48189,1A4050300038CFE000018557,Strawberry Cough Box 5 PK Vape Cart,Vape Cart
Planted Provisioning,AU-R-000550,Whitmore Lake,48189,1A4050300038CFE000014078,Watermelon Freeze Disposables,Vape Cart
Planted Provisioning,AU-R-000595,Flint,48507,1A4050300038CFE000015250,Banana Split 1g Disposable,Vape Cart
Planted Provisioning,AU-R-000595,Flint,48507,1A4050300038CFE000001531,Banana Split Vape Cart,Vape Cart
Planted Provisioning,AU-R-000595,Flint,48507,1A4050300038CFE000001535,Blue Razz Vape Cart,Vape Cart
Planted Provisioning,AU-R-000595,Flint,48507,1A4050300038CFE000016116,Blue Razz Vape Cart,Vape Cart
Planted Provisioning,AU-R-000595,Flint,48507,1A4050300038CFE000016120,Blue Razz Vape Cart,Vape Cart
Planted Provisioning,AU-R-000595,Flint,48507,1A4050300038CFE000018143,Blueberry Pancake 1g vape,Vape Cart
Planted Provisioning,AU-R-000595,Flint,48507,1A4050300038CFE000015446,Bubble Gum 1g vape,Vape Cart
Planted Provisioning,AU-R-000595,Flint,48507,1A4050300038CFE000015449,Bubble Gum 1g vape,Vape Cart
Planted Provisioning,AU-R-000595,Flint,48507,1A4050300038CFE000019024,Fruity Pebbles Box 5 PK Vape Cart,Vape Cart
Planted Provisioning,AU-R-000595,Flint,48507,1A4050300038CFE000015003,Fruity Pebbles Vape Cart,Vape Cart
Planted Provisioning,AU-R-000595,Flint,48507,1A4050300038CFE000015017,Fruity Pebbles Vape Cart,Vape Cart
Planted Provisioning,AU-R-000595,Flint,48507,1A4050300038CFE000019027,Fruity Pebbles Vape Cart,Vape Cart
Planted Provisioning,AU-R-000595,Flint,48507,1A4050300038CFE000020782,Fruity Pebbles Vape Cart,Vape Cart
Planted Provisioning,AU-R-000595,Flint,48507,1A4050300038CFE000019023,Grape Soda Box 5 PK Vape Cart,Vape Cart
Planted Provisioning,AU-R-000595,Flint,48507,1A4050300038CFE000013997,Lemon Cheese Cake Disposable,Vape Cart
Planted Provisioning,AU-R-000595,Flint,48507,1A4050300038CFE000018406,Lemon Drop Vape Cart,Vape Cart
Planted Provisioning,AU-R-000595,Flint,48507,1A4050300038CFE000014493,Lemon Pie Vape Cart,Vape Cart
Planted Provisioning,AU-R-000595,Flint,48507,1A4050300038CFE000019026,OG Vape Cart,Vape Cart
Planted Provisioning,AU-R-000595,Flint,48507,1A4050300038CFE000015365,Peaches and Cream Vape Cart,Vape Cart
Planted Provisioning,AU-R-000595,Flint,48507,1A4050300038CFE000015369,Peaches and Cream Vape Cart,Vape Cart
Planted Provisioning,AU-R-000595,Flint,48507,1A4050300038CFE000011649,Pina Colada Disposables,Vape Cart
Planted Provisioning,AU-R-000595,Flint,48507,1A4050300038CFE000015486,Sour Apple Vape Cart,Vape Cart
Planted Provisioning,AU-R-000595,Flint,48507,1A4050300038CFE000015499,Sour Apple Vape Cart,Vape Cart
Planted Provisioning,AU-R-000595,Flint,48507,1A4050300038CFE000019025,Sour Apple Vape Cart,Vape Cart
Planted Provisioning,AU-R-000595,Flint,48507,1A4050300038CFE000015723,Strawberry Shortcake Vape Cart,Vape Cart
Planted Provisioning,AU-R-000595,Flint,48507,1A4050300038CFE000015724,Strawberry Shortcake Vape Cart,Vape Cart
Planted Provisioning,AU-R-000595,Flint,48507,1A4050300038CFE000019031,Strawberry Shortcake Vape Cart,Vape Cart
Planted Provisioning,AU-R-000595,Flint,48507,1A4050300038CFE000020781,Strawberry Shortcake Vape Cart,Vape Cart
Planted Provisioning,AU-R-000595,Flint,48507,1A4050300038CFE000014085,Watermelon Freeze Disposables,Vape Cart
Premier Cannabis Co,AU-R-001093,Saginaw,48602,1A4050300038CFE000021637,Blue Raspberry 1g Infused Preroll,Infused Pre-Rolls
Premier Cannabis Co,AU-R-001093,Saginaw,48602,1A4050300038CFE000021555,OG 1g Infused Preroll,Infused Pre-Rolls
Premier Cannabis Co,AU-R-001093,Saginaw,48602,1A4050300038CFE000021640,Pineapple 1g Infused Preroll,Infused Pre-Rolls
Premier Cannabis Co,AU-R-001093,Saginaw,48602,1A4050300038CFE000021641,Watermelon 1g Infused Preroll,Infused Pre-Rolls
Premier Cannabis Co,AU-R-001093,Saginaw,48602,1A4050300038CFE000019215,Apple Burst 1g Vape,Vape Cart
Premier Cannabis Co,AU-R-001093,Saginaw,48602,1A4050300038CFE000012169,Blue Dream 1g Disposable,Vape Cart
Premier Cannabis Co,AU-R-001093,Saginaw,48602,1A4050300038CFE000011154,Blue Dream Vape Cart,Vape Cart
Premier Cannabis Co,AU-R-001093,Saginaw,48602,1A4050300038CFE000012177,Blue Razz 1g Disposable,Vape Cart
Premier Cannabis Co,AU-R-001093,Saginaw,48602,1A4050300038CFE000011377,Blueberry Pancake 1g vape,Vape Cart
Premier Cannabis Co,AU-R-001093,Saginaw,48602,1A4050300038CFE000012163,Grape Soda 1g Vape,Vape Cart
Premier Cannabis Co,AU-R-001093,Saginaw,48602,1A4050300038CFE000012168,Lemon Cheese Cake Disposable,Vape Cart
Premier Cannabis Co,AU-R-001093,Saginaw,48602,1A4050300038CFE000012165,Orange Soda Vape Cart,Vape Cart
Premier Cannabis Co,AU-R-001093,Saginaw,48602,1A4050300038CFE000011322,Peaches and Cream Vape Cart,Vape Cart
Premier Cannabis Co,AU-R-001093,Saginaw,48602,1A4050300038CFE000011651,Pina Colada Disposables,Vape Cart
Premier Cannabis Co,AU-R-001093,Saginaw,48602,1A4050300038CFE000021126,Strawberry Shortcake Vape Cart,Vape Cart
Premier Cannabis Co,AU-R-001093,Saginaw,48602,1A4050300038CFE000012176,Watermelon Freeze Disposables,Vape Cart
Premier Cannabis Co,AU-R-001093,Saginaw,48602,1A4050300038CFE000012166,Watermelon Freeze Vape Cart,Vape Cart
Premier Provisioning Center LLC,AU-R-000711,Caro,48723,1A4050300038CFE000018599,Watermelon Freeze Disposables,Vape Cart
Premier Saginaw III,AU-R-000547,Saginaw,48607,1A4050300038CFE000016852,Pina Colada Disposables,Vape Cart
Premier Saginaw III,AU-R-000547,Saginaw,48607,1A4050300038CFE000018604,Watermelon Freeze Disposables,Vape Cart
"Production Dr. Holdings, LLC",AU-P-000234,Harrison Township,48045,1A4050300038CFE000022316,Pineapple 1g Infused Preroll,Infused Pre-Rolls
"Production Dr. Holdings, LLC",AU-P-000234,Harrison Township,48045,1A4050300038CFE000022318,Skywalker 1g Infused Preroll,Infused Pre-Rolls
"Production Dr. Holdings, LLC",AU-P-000234,Harrison Township,48045,1A4050300038CFE000022320,Watermelon 1g Infused Preroll,Infused Pre-Rolls
"Production Dr. Holdings, LLC",AU-P-000234,Harrison Township,48045,1A4050300038CFE000022321,Waui 1g Infused Preroll,Infused Pre-Rolls
"Production Dr. Holdings, LLC",AU-P-000234,Harrison Township,48045,1A4050300038CFE000016853,Pina Colada Disposables,Vape Cart
"Production Dr. Holdings, LLC",AU-P-000234,Harrison Township,48045,1A4050300038CFE000021092,Strawberry Shortcake Vape Cart,Vape Cart
"Production Dr. Holdings, LLC",AU-P-000234,Harrison Township,48045,1A4050300038CFE000018598,Watermelon Freeze Disposables,Vape Cart
"Production Dr. Holdings, LLC",AU-P-000234,Harrison Township,48045,1A4050300038CFE000018601,Watermelon Freeze Disposables,Vape Cart
Proper Leaf Cannabis Company,AU-R-000726,Memphis,48041,1A4050300038CFE000019216,Apple Burst 1g Vape,Vape Cart
Proper Leaf Cannabis Company,AU-R-000726,Memphis,48041,1A4050300038CFE000019108,Bubble Gum 1g vape,Vape Cart
Proper Leaf Cannabis Company,AU-R-000726,Memphis,48041,1A4050300038CFE000019109,Cherry Pie Vape Cart,Vape Cart
Proper Leaf Cannabis Company,AU-R-000726,Memphis,48041,1A4050300038CFE000019836,Fruity Pebbles Vape Cart,Vape Cart
Proper Leaf Cannabis Company,AU-R-000726,Memphis,48041,1A4050300038CFE000019111,Grape Soda 1g Vape,Vape Cart
Proper Leaf Cannabis Company,AU-R-000726,Memphis,48041,1A4050300038CFE000018054,Jungle Juice Vape Cart,Vape Cart
Proper Leaf Cannabis Company,AU-R-000726,Memphis,48041,1A4050300038CFE000019231,Strawberry Shortcake Vape Cart,Vape Cart
Puff,AU-R-000524,River Rouge,48218,1A4050300038CFE000012381,Strawberry 1g Infused Preroll,Infused Pre-Rolls
Pure Cannabis Outlet,AU-R-000922,Monroe,48161,1A4050300038CFE000004802,Strawberry 1g Infused Preroll,Infused Pre-Rolls
Pure NB,AU-R-000584,New Baltimore,48047,1A4050300038CFE000005924,OG 1g Infused Preroll,Infused Pre-Rolls
Pure NB,AU-R-000584,New Baltimore,48047,1A4050300038CFE000007988,Peach Mango 1g Infused Preroll,Infused Pre-Rolls
Pure NB,AU-R-000584,New Baltimore,48047,1A4050300038CFE000007993,Waui 1g Infused Preroll,Infused Pre-Rolls
Quest Cannabis,AU-R-000585,Whitmore Lake,48189,1A4050300038CFE000016599,Blue Raspberry 1g Infused Preroll,Infused Pre-Rolls
Quest Cannabis,AU-R-000585,Whitmore Lake,48189,1A4050300038CFE000021481,Blue Raspberry 1g Infused Preroll,Infused Pre-Rolls
Quest Cannabis,AU-R-000585,Whitmore Lake,48189,1A4050300038CFE000016600,OG 1g Infused Preroll,Infused Pre-Rolls
Quest Cannabis,AU-R-000585,Whitmore Lake,48189,1A4050300038CFE000016601,Peach Mango 1g Infused Preroll,Infused Pre-Rolls
Quest Cannabis,AU-R-000585,Whitmore Lake,48189,1A4050300038CFE000021484,Pineapple 1g Infused Preroll,Infused Pre-Rolls
Quest Cannabis,AU-R-000585,Whitmore Lake,48189,1A4050300038CFE000021485,Watermelon 1g Infused Preroll,Infused Pre-Rolls
Quest Cannabis,AU-R-000585,Whitmore Lake,48189,1A4050300038CFE000015818,Blue Dream 1g Disposable,Vape Cart
Quest Cannabis,AU-R-000585,Whitmore Lake,48189,1A4050300038CFE000016062,Blue Dream Vape Cart,Vape Cart
Quest Cannabis,AU-R-000585,Whitmore Lake,48189,1A4050300038CFE000016230,Blueberry Pancake 1g Disposable,Vape Cart
Quest Cannabis,AU-R-000585,Whitmore Lake,48189,1A4050300038CFE000016289,Blueberry Pancake 1g vape,Vape Cart
Quest Cannabis,AU-R-000585,Whitmore Lake,48189,1A4050300038CFE000018705,Bubble Gum 1g vape,Vape Cart
Quest Cannabis,AU-R-000585,Whitmore Lake,48189,1A4050300038CFE000015817,Cherry Pie Vape Cart,Vape Cart
Quest Cannabis,AU-R-000585,Whitmore Lake,48189,1A4050300038CFE000014766,Fruity Pebbles 1g Disposable,Vape Cart
Quest Cannabis,AU-R-000585,Whitmore Lake,48189,1A4050300038CFE000015827,Fruity Pebbles Box 5 PK Vape Cart,Vape Cart
Quest Cannabis,AU-R-000585,Whitmore Lake,48189,1A4050300038CFE000018701,Fruity Pebbles Box 5 PK Vape Cart,Vape Cart
Quest Cannabis,AU-R-000585,Whitmore Lake,48189,1A4050300038CFE000015026,Fruity Pebbles Vape Cart,Vape Cart
Quest Cannabis,AU-R-000585,Whitmore Lake,48189,1A4050300038CFE000018703,Grape Soda Box 5 PK Vape Cart,Vape Cart
Quest Cannabis,AU-R-000585,Whitmore Lake,48189,1A4050300038CFE000015825,Jungle Juice Box 5 PK Vape Cart,Vape Cart
Quest Cannabis,AU-R-000585,Whitmore Lake,48189,1A4050300038CFE000018702,Jungle Juice Box 5 PK Vape Cart,Vape Cart
Quest Cannabis,AU-R-000585,Whitmore Lake,48189,1A4050300038CFE000015198,Jungle Juice Vape Cart,Vape Cart
Quest Cannabis,AU-R-000585,Whitmore Lake,48189,1A4050300038CFE000018041,Jungle Juice Vape Cart,Vape Cart
Quest Cannabis,AU-R-000585,Whitmore Lake,48189,1A4050300038CFE000014855,Lemon Cheese Cake Vape,Vape Cart
Quest Cannabis,AU-R-000585,Whitmore Lake,48189,1A4050300038CFE000014968,Lemon Drop Vape Cart,Vape Cart
Quest Cannabis,AU-R-000585,Whitmore Lake,48189,1A4050300038CFE000018432,Lemon Drop Vape Cart,Vape Cart
Quest Cannabis,AU-R-000585,Whitmore Lake,48189,1A4050300038CFE000015080,OG Disposables,Vape Cart
Quest Cannabis,AU-R-000585,Whitmore Lake,48189,1A4050300038CFE000015395,Pina Colada Vape Cart,Vape Cart
Quest Cannabis,AU-R-000585,Whitmore Lake,48189,1A4050300038CFE000018746,Sour Apple Vape Cart,Vape Cart
Quest Cannabis,AU-R-000585,Whitmore Lake,48189,1A4050300038CFE000015816,Strawberry Cough 1g Vape,Vape Cart
Quest Cannabis,AU-R-000585,Whitmore Lake,48189,1A4050300038CFE000015482,Strawberry Shortcake Box 5 PK Vape Cart,Vape Cart
Quest Cannabis,AU-R-000585,Whitmore Lake,48189,1A4050300038CFE000015483,Strawberry Shortcake Box 5 PK Vape Cart,Vape Cart
Quest Cannabis,AU-R-000585,Whitmore Lake,48189,1A4050300038CFE000021477,Strawberry Shortcake Vape Cart,Vape Cart
Quest Cannabis,AU-R-000585,Whitmore Lake,48189,1A4050300038CFE000015826,Watermelon Freeze Box 5 PK Vape Cart,Vape Cart
Quest Cannabis,AU-R-000585,Whitmore Lake,48189,1A4050300038CFE000018707,Watermelon Freeze Box 5 PK Vape Cart,Vape Cart
Quest Cannabis,AU-R-000585,Whitmore Lake,48189,1A4050300038CFE000014906,Watermelon Freeze Vape Cart,Vape Cart
Quest Cannabis,AU-R-000585,Whitmore Lake,48189,1A4050300038CFE000018269,Watermelon Freeze Vape Cart,Vape Cart
"Redbud Roots Lab VII, Inc.",AU-R-001025,Benton Harbor,49022,1A4050300038CFE000015239,Banana Split 1g Disposable,Vape Cart
"Redbud Roots Lab VII, Inc.",AU-R-001025,Benton Harbor,49022,1A4050300038CFE000015240,Banana Split 1g Disposable,Vape Cart
"Redbud Roots Lab VII, Inc.",AU-R-001025,Benton Harbor,49022,1A4050300038CFE000015242,Banana Split 1g Disposable,Vape Cart
"Redbud Roots Lab VII, Inc.",AU-R-001025,Benton Harbor,49022,1A4050300038CFE000015244,Banana Split 1g Disposable,Vape Cart
"Redbud Roots Lab VII, Inc.",AU-R-001025,Benton Harbor,49022,1A4050300038CFE000015256,Banana Split 1g Disposable,Vape Cart
"Redbud Roots Lab VII, Inc.",AU-R-001025,Benton Harbor,49022,1A405030003EA59000001861,Banana Split 1g Disposable,Vape Cart
"Redbud Roots Lab VII, Inc.",AU-R-001025,Benton Harbor,49022,1A4050300038CFE000015121,Banana Split Vape Cart,Vape Cart
"Redbud Roots Lab VII, Inc.",AU-R-001025,Benton Harbor,49022,1A4050300038CFE000015149,Blue Dream Vape Cart,Vape Cart
"Redbud Roots Lab VII, Inc.",AU-R-001025,Benton Harbor,49022,1A4050300038CFE000015156,Blue Dream Vape Cart,Vape Cart
"Redbud Roots Lab VII, Inc.",AU-R-001025,Benton Harbor,49022,1A4050300038CFE000015161,Blue Dream Vape Cart,Vape Cart
"Redbud Roots Lab VII, Inc.",AU-R-001025,Benton Harbor,49022,1A4050300038CFE000014123,Blue Razz 1g Disposable,Vape Cart
"Redbud Roots Lab VII, Inc.",AU-R-001025,Benton Harbor,49022,1A4050300038CFE000016400,Blue Razz 1g Disposable,Vape Cart
"Redbud Roots Lab VII, Inc.",AU-R-001025,Benton Harbor,49022,1A405030003EA59000001835,Blue Razz 1g Disposable,Vape Cart
"Redbud Roots Lab VII, Inc.",AU-R-001025,Benton Harbor,49022,1A4050300038CFE000017077,Blueberry Pancake 1g vape,Vape Cart
"Redbud Roots Lab VII, Inc.",AU-R-001025,Benton Harbor,49022,1A4050300038CFE000014874,Cherry Pie Vape Cart,Vape Cart
"Redbud Roots Lab VII, Inc.",AU-R-001025,Benton Harbor,49022,1A4050300038CFE000014880,Cherry Pie Vape Cart,Vape Cart
"Redbud Roots Lab VII, Inc.",AU-R-001025,Benton Harbor,49022,1A405030003EA59000001833,Fruity Pebbles 1g Disposable,Vape Cart
"Redbud Roots Lab VII, Inc.",AU-R-001025,Benton Harbor,49022,1A4050300038CFE000014524,Fruity Pebbles Vape Cart,Vape Cart
"Redbud Roots Lab VII, Inc.",AU-R-001025,Benton Harbor,49022,1A4050300038CFE000014531,Fruity Pebbles Vape Cart,Vape Cart
"Redbud Roots Lab VII, Inc.",AU-R-001025,Benton Harbor,49022,1A4050300038CFE000014999,Fruity Pebbles Vape Cart,Vape Cart
"Redbud Roots Lab VII, Inc.",AU-R-001025,Benton Harbor,49022,1A4050300038CFE000015001,Fruity Pebbles Vape Cart,Vape Cart
"Redbud Roots Lab VII, Inc.",AU-R-001025,Benton Harbor,49022,1A4050300038CFE000011081,Grape Soda 1g Vape,Vape Cart
"Redbud Roots Lab VII, Inc.",AU-R-001025,Benton Harbor,49022,1A4050300038CFE000015031,Grape Soda 1g Vape,Vape Cart
"Redbud Roots Lab VII, Inc.",AU-R-001025,Benton Harbor,49022,1A4050300038CFE000015037,Grape Soda 1g Vape,Vape Cart
"Redbud Roots Lab VII, Inc.",AU-R-001025,Benton Harbor,49022,1A4050300038CFE000015038,Grape Soda 1g Vape,Vape Cart
"Redbud Roots Lab VII, Inc.",AU-R-001025,Benton Harbor,49022,1A4050300038CFE000016008,Jungle Juice 1g Disposable,Vape Cart
"Redbud Roots Lab VII, Inc.",AU-R-001025,Benton Harbor,49022,1A405030003EA59000001841,Jungle Juice 1g Disposable,Vape Cart
"Redbud Roots Lab VII, Inc.",AU-R-001025,Benton Harbor,49022,1A4050300038CFE000015176,Jungle Juice Vape Cart,Vape Cart
"Redbud Roots Lab VII, Inc.",AU-R-001025,Benton Harbor,49022,1A4050300038CFE000015177,Jungle Juice Vape Cart,Vape Cart
"Redbud Roots Lab VII, Inc.",AU-R-001025,Benton Harbor,49022,1A4050300038CFE000015189,Jungle Juice Vape Cart,Vape Cart
"Redbud Roots Lab VII, Inc.",AU-R-001025,Benton Harbor,49022,1A4050300038CFE000015190,Jungle Juice Vape Cart,Vape Cart
"Redbud Roots Lab VII, Inc.",AU-R-001025,Benton Harbor,49022,1A4050300038CFE000014832,Lemon Cheese Cake Vape,Vape Cart
"Redbud Roots Lab VII, Inc.",AU-R-001025,Benton Harbor,49022,1A4050300038CFE000014837,Lemon Cheese Cake Vape,Vape Cart
"Redbud Roots Lab VII, Inc.",AU-R-001025,Benton Harbor,49022,1A4050300038CFE000014979,Lemon Drop Vape Cart,Vape Cart
"Redbud Roots Lab VII, Inc.",AU-R-001025,Benton Harbor,49022,1A4050300038CFE000014983,Lemon Drop Vape Cart,Vape Cart
"Redbud Roots Lab VII, Inc.",AU-R-001025,Benton Harbor,49022,1A4050300038CFE000014984,Lemon Drop Vape Cart,Vape Cart
"Redbud Roots Lab VII, Inc.",AU-R-001025,Benton Harbor,49022,1A4050300038CFE000014486,Lemon Pie Vape Cart,Vape Cart
"Redbud Roots Lab VII, Inc.",AU-R-001025,Benton Harbor,49022,1A4050300038CFE000014507,Lemon Pie Vape Cart,Vape Cart
"Redbud Roots Lab VII, Inc.",AU-R-001025,Benton Harbor,49022,1A4050300038CFE000014637,Lemon Pie Vape Cart,Vape Cart
"Redbud Roots Lab VII, Inc.",AU-R-001025,Benton Harbor,49022,1A4050300038CFE000014642,Lemon Pie Vape Cart,Vape Cart
"Redbud Roots Lab VII, Inc.",AU-R-001025,Benton Harbor,49022,1A4050300038CFE000011206,OG Vape Cart,Vape Cart
"Redbud Roots Lab VII, Inc.",AU-R-001025,Benton Harbor,49022,1A4050300038CFE000014934,OG Vape Cart,Vape Cart
"Redbud Roots Lab VII, Inc.",AU-R-001025,Benton Harbor,49022,1A4050300038CFE000014936,OG Vape Cart,Vape Cart
"Redbud Roots Lab VII, Inc.",AU-R-001025,Benton Harbor,49022,1A4050300038CFE000014938,OG Vape Cart,Vape Cart
"Redbud Roots Lab VII, Inc.",AU-R-001025,Benton Harbor,49022,1A4050300038CFE000014939,OG Vape Cart,Vape Cart
"Redbud Roots Lab VII, Inc.",AU-R-001025,Benton Harbor,49022,1A405030003EA59000001848,Orange Soda 1g Disposable,Vape Cart
"Redbud Roots Lab VII, Inc.",AU-R-001025,Benton Harbor,49022,1A4050300038CFE000016882,Orange Soda Vape Cart,Vape Cart
"Redbud Roots Lab VII, Inc.",AU-R-001025,Benton Harbor,49022,1A4050300038CFE000016858,Pina Colada Disposables,Vape Cart
"Redbud Roots Lab VII, Inc.",AU-R-001025,Benton Harbor,49022,1A405030003EA59000001858,Pina Colada Disposables,Vape Cart
"Redbud Roots Lab VII, Inc.",AU-R-001025,Benton Harbor,49022,1A4050300038CFE000016162,Pink Lemonade 1g Vape Cart,Vape Cart
"Redbud Roots Lab VII, Inc.",AU-R-001025,Benton Harbor,49022,1A4050300038CFE000015210,Strawberry Cough 1g Vape,Vape Cart
"Redbud Roots Lab VII, Inc.",AU-R-001025,Benton Harbor,49022,1A4050300038CFE000015211,Strawberry Cough 1g Vape,Vape Cart
"Redbud Roots Lab VII, Inc.",AU-R-001025,Benton Harbor,49022,1A4050300038CFE000015216,Strawberry Cough 1g Vape,Vape Cart
"Redbud Roots Lab VII, Inc.",AU-R-001025,Benton Harbor,49022,1A4050300038CFE000014064,Strawberry Shortcake 1g Disposable,Vape Cart
"Redbud Roots Lab VII, Inc.",AU-R-001025,Benton Harbor,49022,1A4050300038CFE000014074,Strawberry Shortcake 1g Disposable,Vape Cart
"Redbud Roots Lab VII, Inc.",AU-R-001025,Benton Harbor,49022,1A4050300038CFE000016380,Strawberry Shortcake 1g Disposable,Vape Cart
"Redbud Roots Lab VII, Inc.",AU-R-001025,Benton Harbor,49022,1A405030003EA59000001851,Watermelon Freeze Disposables,Vape Cart
"Redbud Roots Lab VII, Inc.",AU-R-001025,Benton Harbor,49022,1A4050300038CFE000013457,Watermelon Freeze Vape Cart,Vape Cart
"Redbud Roots Lab VII, Inc.",AU-R-001025,Benton Harbor,49022,1A4050300038CFE000014616,Watermelon Freeze Vape Cart,Vape Cart
"Redbud Roots Lab VII, Inc.",AU-R-001025,Benton Harbor,49022,1A4050300038CFE000014912,Watermelon Freeze Vape Cart,Vape Cart
ReLeaf Center for Compassionate Care,AU-R-000152,Niles,49120,1A4050300038CFE000018409,Lemon Drop Vape Cart,Vape Cart
ReLeaf Center for Compassionate Care,AU-R-000152,Niles,49120,1A4050300038CFE000021085,Strawberry Shortcake Vape Cart,Vape Cart
"Remedi, LLC",AU-R-000910,Orion Twp,48359,1A4050300038CFE000016302,Blue Raspberry 1g Infused Preroll,Infused Pre-Rolls
"Remedi, LLC",AU-R-000910,Orion Twp,48359,1A4050300038CFE000018901,Blue Raspberry 1g Infused Preroll,Infused Pre-Rolls
"Remedi, LLC",AU-R-000910,Orion Twp,48359,1A4050300038CFE000001807,Grape 1g Infused Preroll,Infused Pre-Rolls
"Remedi, LLC",AU-R-000910,Orion Twp,48359,1A4050300038CFE000016303,OG 1g Infused Preroll,Infused Pre-Rolls
"Remedi, LLC",AU-R-000910,Orion Twp,48359,1A4050300038CFE000018904,OG 1g Infused Preroll,Infused Pre-Rolls
"Remedi, LLC",AU-R-000910,Orion Twp,48359,1A4050300038CFE000008830,Peach Mango 1g Infused Preroll,Infused Pre-Rolls
"Remedi, LLC",AU-R-000910,Orion Twp,48359,1A4050300038CFE000018903,Peach Mango 1g Infused Preroll,Infused Pre-Rolls
"Remedi, LLC",AU-R-000910,Orion Twp,48359,1A4050300038CFE000001810,Skywalker 1g Infused Preroll,Infused Pre-Rolls
"Remedi, LLC",AU-R-000910,Orion Twp,48359,1A4050300038CFE000005230,Strawberry 1g Infused Preroll,Infused Pre-Rolls
"Remedi, LLC",AU-R-000910,Orion Twp,48359,1A4050300038CFE000005649,Strawberry 1g Infused Preroll,Infused Pre-Rolls
"Remedi, LLC",AU-R-000910,Orion Twp,48359,1A4050300038CFE000001814,Watermelon 1g Infused Preroll,Infused Pre-Rolls
"Remedi, LLC",AU-R-000910,Orion Twp,48359,1A4050300038CFE000005648,Watermelon 1g Infused Preroll,Infused Pre-Rolls
"Remedi, LLC",AU-R-000910,Orion Twp,48359,1A4050300038CFE000008831,Watermelon 1g Infused Preroll,Infused Pre-Rolls
"Remedi, LLC",AU-R-000910,Orion Twp,48359,1A4050300038CFE000016305,Watermelon 1g Infused Preroll,Infused Pre-Rolls
"Remedi, LLC",AU-R-000910,Orion Twp,48359,1A4050300038CFE000018907,Watermelon 1g Infused Preroll,Infused Pre-Rolls
"Remedi, LLC",AU-R-000910,Orion Twp,48359,1A4050300038CFE000001816,Waui 1g Infused Preroll,Infused Pre-Rolls
"Remedi, LLC",AU-R-000910,Orion Twp,48359,1A4050300038CFE000008817,Waui 1g Infused Preroll,Infused Pre-Rolls
"Remedi, LLC",AU-R-000910,Orion Twp,48359,1A4050300038CFE000016297,Waui 1g Infused Preroll,Infused Pre-Rolls
"Remedi, LLC",AU-R-000910,Orion Twp,48359,1A4050300038CFE000015232,Banana Split 1g Disposable,Vape Cart
"Remedi, LLC",AU-R-000910,Orion Twp,48359,1A4050300038CFE000015718,Blue Dream Vape Cart,Vape Cart
"Remedi, LLC",AU-R-000910,Orion Twp,48359,1A4050300038CFE000000417,Blue Razz Vape Cart,Vape Cart
"Remedi, LLC",AU-R-000910,Orion Twp,48359,1A4050300038CFE000000430,Blue Razz Vape Cart,Vape Cart
"Remedi, LLC",AU-R-000910,Orion Twp,48359,1A4050300038CFE000000432,Cherry Pie Vape Cart,Vape Cart
"Remedi, LLC",AU-R-000910,Orion Twp,48359,1A4050300038CFE000014873,Cherry Pie Vape Cart,Vape Cart
"Remedi, LLC",AU-R-000910,Orion Twp,48359,1A4050300038CFE000014760,Fruity Pebbles 1g Disposable,Vape Cart
"Remedi, LLC",AU-R-000910,Orion Twp,48359,1A4050300038CFE000000419,Fruity Pebbles Vape Cart,Vape Cart
"Remedi, LLC",AU-R-000910,Orion Twp,48359,1A4050300038CFE000014395,Jungle Juice Vape Cart,Vape Cart
"Remedi, LLC",AU-R-000910,Orion Twp,48359,1A4050300038CFE000014850,Lemon Cheese Cake Vape,Vape Cart
"Remedi, LLC",AU-R-000910,Orion Twp,48359,1A4050300038CFE000015713,Lemon Drop Vape Cart,Vape Cart
"Remedi, LLC",AU-R-000910,Orion Twp,48359,1A4050300038CFE000000433,OG Vape Cart,Vape Cart
"Remedi, LLC",AU-R-000910,Orion Twp,48359,1A4050300038CFE000015712,OG Vape Cart,Vape Cart
"Remedi, LLC",AU-R-000910,Orion Twp,48359,1A4050300038CFE000015362,Peaches and Cream Vape Cart,Vape Cart
"Remedi, LLC",AU-R-000910,Orion Twp,48359,1A4050300038CFE000000425,Pina Colada Vape Cart,Vape Cart
"Remedi, LLC",AU-R-000910,Orion Twp,48359,1A4050300038CFE000000434,Pina Colada Vape Cart,Vape Cart
"Remedi, LLC",AU-R-000910,Orion Twp,48359,1A4050300038CFE000000426,Sour Apple Vape Cart,Vape Cart
"Remedi, LLC",AU-R-000910,Orion Twp,48359,1A4050300038CFE000015716,Strawberry Cough 1g Vape,Vape Cart
"Remedi, LLC",AU-R-000910,Orion Twp,48359,1A4050300038CFE000014628,Watermelon Freeze Vape Cart,Vape Cart
Remedii,AU-R-000130,Morenci,49256,1A4050300038CFE000005254,Strawberry 1g Infused Preroll,Infused Pre-Rolls
Remedii,AU-R-000130,Morenci,49256,1A4050300038CFE000005237,Watermelon 1g Infused Preroll,Infused Pre-Rolls
Remedii,AU-R-000130,Morenci,49256,1A4050300038CFE000011498,Waui 1g Infused Preroll,Infused Pre-Rolls
Remedii Natural Health,AU-R-000143,Bay City,48706,1A405030002786E000104942,Strawberry 1g Infused Preroll,Infused Pre-Rolls
Remedii Natural Health,AU-R-000143,Bay City,48706,1A4050300038CFE000005108,Watermelon 1g Infused Preroll,Infused Pre-Rolls
Rush Cannaco,AU-R-000661,Hazel Park,48030,1A4050300038CFE000000090,Blue Razz Vape Cart,Vape Cart
Rush Cannaco,AU-R-000661,Hazel Park,48030,1A4050300038CFE000000092,Cherry Pie Vape Cart,Vape Cart
Rush Cannaco,AU-R-000661,Hazel Park,48030,1A4050300038CFE000000093,Jungle Juice Vape Cart,Vape Cart
Rush Cannaco,AU-R-000661,Hazel Park,48030,1A4050300038CFE000000088,Peaches and Cream Vape Cart,Vape Cart
Rush Cannaco,AU-R-000661,Hazel Park,48030,1A4050300038CFE000000091,Pina Colada Vape Cart,Vape Cart
Rush Cannaco,AU-R-000661,Hazel Park,48030,1A4050300038CFE000000089,Sour Apple Vape Cart,Vape Cart
Sapura,AU-R-000957,Lansing,48910,1A405030003CE9D000001038,AU: FG - Blue Razz Cartridge 1g,Vape Cart
Sapura,AU-R-000957,Lansing,48910,1A405030003CE9D000001040,AU: FG - Fruity Pebbles Cartridge 1g,Vape Cart
Sapura,AU-R-000957,Lansing,48910,1A405030003CE9D000001032,AU: FG - Watermelon Freeze Cartridge 1g,Vape Cart
Sapura,AU-R-000957,Lansing,48910,1A4050300038CFE000019809,Blue Razz Vape Cart,Vape Cart
Sapura,AU-R-000957,Lansing,48910,1A4050300038CFE000019810,Fruity Pebbles Vape Cart,Vape Cart
Sapura,AU-R-000957,Lansing,48910,1A4050300038CFE000014917,Watermelon Freeze Vape Cart,Vape Cart
"Securecann III, LLC",AU-R-000833,Flint,48507,1A4050300038CFE000006485,Lemon Pie 5 - .7g Infused Prerolls,Buds
"Securecann III, LLC",AU-R-000833,Flint,48507,1A4050300038CFE000020868,Blue Raspberry 1g Infused Preroll,Infused Pre-Rolls
"Securecann III, LLC",AU-R-000833,Flint,48507,1A4050300038CFE000002300,Grape 1g Infused Preroll,Infused Pre-Rolls
"Securecann III, LLC",AU-R-000833,Flint,48507,1A4050300038CFE000003425,OG 1g Infused Preroll,Infused Pre-Rolls
"Securecann III, LLC",AU-R-000833,Flint,48507,1A4050300038CFE000006073,OG 1g Infused Preroll,Infused Pre-Rolls
"Securecann III, LLC",AU-R-000833,Flint,48507,1A4050300038CFE000012246,OG 1g Infused Preroll,Infused Pre-Rolls
"Securecann III, LLC",AU-R-000833,Flint,48507,1A4050300038CFE000020872,OG 1g Infused Preroll,Infused Pre-Rolls
"Securecann III, LLC",AU-R-000833,Flint,48507,1A4050300038CFE000006526,Peach Mango 1g Infused Preroll,Infused Pre-Rolls
"Securecann III, LLC",AU-R-000833,Flint,48507,1A4050300038CFE000008594,Peach Mango 1g Infused Preroll,Infused Pre-Rolls
"Securecann III, LLC",AU-R-000833,Flint,48507,1A4050300038CFE000012244,Peach Mango 1g Infused Preroll,Infused Pre-Rolls
"Securecann III, LLC",AU-R-000833,Flint,48507,1A4050300038CFE000020871,Pineapple 1g Infused Preroll,Infused Pre-Rolls
"Securecann III, LLC",AU-R-000833,Flint,48507,1A4050300038CFE000002295,Skywalker 1g Infused Preroll,Infused Pre-Rolls
"Securecann III, LLC",AU-R-000833,Flint,48507,1A4050300038CFE000006525,Skywalker 1g Infused Preroll,Infused Pre-Rolls
"Securecann III, LLC",AU-R-000833,Flint,48507,1A4050300038CFE000020881,Skywalker 1g Infused Preroll,Infused Pre-Rolls
"Securecann III, LLC",AU-R-000833,Flint,48507,1A4050300038CFE000012247,Strawberry 1g Infused Preroll,Infused Pre-Rolls
"Securecann III, LLC",AU-R-000833,Flint,48507,1A4050300038CFE000002292,Watermelon 1g Infused Preroll,Infused Pre-Rolls
"Securecann III, LLC",AU-R-000833,Flint,48507,1A4050300038CFE000006524,Watermelon 1g Infused Preroll,Infused Pre-Rolls
"Securecann III, LLC",AU-R-000833,Flint,48507,1A4050300038CFE000008597,Watermelon 1g Infused Preroll,Infused Pre-Rolls
"Securecann III, LLC",AU-R-000833,Flint,48507,1A4050300038CFE000012248,Watermelon 1g Infused Preroll,Infused Pre-Rolls
"Securecann III, LLC",AU-R-000833,Flint,48507,1A4050300038CFE000020882,Watermelon 1g Infused Preroll,Infused Pre-Rolls
"Securecann III, LLC",AU-R-000833,Flint,48507,1A4050300038CFE000002299,Waui 1g Infused Preroll,Infused Pre-Rolls
"Securecann III, LLC",AU-R-000833,Flint,48507,1A4050300038CFE000008605,Waui 1g Infused Preroll,Infused Pre-Rolls
"Securecann III, LLC",AU-R-000833,Flint,48507,1A4050300038CFE000012249,Waui 1g Infused Preroll,Infused Pre-Rolls
"Securecann III, LLC",AU-R-000833,Flint,48507,1A4050300038CFE000020883,Waui 1g Infused Preroll,Infused Pre-Rolls
"Securecann III, LLC",AU-R-000833,Flint,48507,1A4050300038CFE000009822,Banana Split 1g Disposable,Vape Cart
"Securecann III, LLC",AU-R-000833,Flint,48507,1A4050300038CFE000006493,Banana Split Vape Cart,Vape Cart
"Securecann III, LLC",AU-R-000833,Flint,48507,1A4050300038CFE000009848,Banana Split Vape Cart,Vape Cart
"Securecann III, LLC",AU-R-000833,Flint,48507,1A4050300038CFE000014175,Banana Split Vape Cart,Vape Cart
"Securecann III, LLC",AU-R-000833,Flint,48507,1A4050300038CFE000014183,Blue Dream Vape Cart,Vape Cart
"Securecann III, LLC",AU-R-000833,Flint,48507,1A4050300038CFE000009841,Blue Razz 1g Disposable,Vape Cart
"Securecann III, LLC",AU-R-000833,Flint,48507,1A4050300038CFE000013531,Blueberry Pancake 1g vape,Vape Cart
"Securecann III, LLC",AU-R-000833,Flint,48507,1A4050300038CFE000014182,Cherry Pie Vape Cart,Vape Cart
"Securecann III, LLC",AU-R-000833,Flint,48507,1A4050300038CFE000013550,Fruity Pebbles Vape Cart,Vape Cart
"Securecann III, LLC",AU-R-000833,Flint,48507,1A4050300038CFE000014176,Grape Soda 1g Vape,Vape Cart
"Securecann III, LLC",AU-R-000833,Flint,48507,1A4050300038CFE000009818,Jungle Juice 1g Disposable,Vape Cart
"Securecann III, LLC",AU-R-000833,Flint,48507,1A4050300038CFE000013977,Lemon Drop Vape Cart,Vape Cart
"Securecann III, LLC",AU-R-000833,Flint,48507,1A4050300038CFE000006498,OG Vape Cart,Vape Cart
"Securecann III, LLC",AU-R-000833,Flint,48507,1A4050300038CFE000013815,OG Vape Cart,Vape Cart
"Securecann III, LLC",AU-R-000833,Flint,48507,1A4050300038CFE000009821,Orange Soda 1g Disposable,Vape Cart
"Securecann III, LLC",AU-R-000833,Flint,48507,1A4050300038CFE000014178,Peaches and Cream Vape Cart,Vape Cart
"Securecann III, LLC",AU-R-000833,Flint,48507,1A4050300038CFE000008021,Pina Colada Vape Cart,Vape Cart
"Securecann III, LLC",AU-R-000833,Flint,48507,1A4050300038CFE000006740,Watermelon Freeze Disposables,Vape Cart
"Securecann III, LLC",AU-R-000833,Flint,48507,1A4050300038CFE000006495,Watermelon Freeze Vape Cart,Vape Cart
"Securecann III, LLC",AU-R-000833,Flint,48507,1A4050300038CFE000013435,Watermelon Freeze Vape Cart,Vape Cart
Shake and Bake Detroit,PC-000226,Detroit,48235,1A405010002786D000029812,Strawberry 1g Infused Preroll,Infused Pre-Rolls
Smoke Society Bay City,AU-R-000568,Bay City,48706,1A4050300038CFE000010310,OG 1g Infused Preroll,Infused Pre-Rolls
Smoke Society Bay City,AU-R-000568,Bay City,48706,1A4050300038CFE000015764,OG 1g Infused Preroll,Infused Pre-Rolls
Smoke Society Bay City,AU-R-000568,Bay City,48706,1A4050300038CFE000010311,Skywalker 1g Infused Preroll,Infused Pre-Rolls
Smoke Society Bay City,AU-R-000568,Bay City,48706,1A4050300038CFE000010963,Skywalker 1g Infused Preroll,Infused Pre-Rolls
Smoke Society Bay City,AU-R-000568,Bay City,48706,1A4050300038CFE000010312,Watermelon 1g Infused Preroll,Infused Pre-Rolls
Smoke Society Bay City,AU-R-000568,Bay City,48706,1A4050300038CFE000015766,Watermelon 1g Infused Preroll,Infused Pre-Rolls
Smoke Society Bay City,AU-R-000568,Bay City,48706,1A4050300038CFE000010313,Waui 1g Infused Preroll,Infused Pre-Rolls
Smoke Society Bay City,AU-R-000568,Bay City,48706,1A4050300038CFE000010964,Waui 1g Infused Preroll,Infused Pre-Rolls
Smoke Society Bay City,AU-R-000568,Bay City,48706,1A4050300038CFE000015767,Waui 1g Infused Preroll,Infused Pre-Rolls
"Steadfast, LLC",AU-SC-000116,Hazel Park,48030,1A4050300038CFE000008314,Banana Split 1g Disposable,Vape Cart
"Steadfast, LLC",AU-SC-000116,Hazel Park,48030,1A4050300038CFE000000924,Banana Split Vape Cart,Vape Cart
"Steadfast, LLC",AU-SC-000116,Hazel Park,48030,1A4050300038CFE000007781,Banana Split Vape Cart,Vape Cart
"Steadfast, LLC",AU-SC-000116,Hazel Park,48030,1A4050300038CFE000010136,Banana Split Vape Cart,Vape Cart
"Steadfast, LLC",AU-SC-000116,Hazel Park,48030,1A4050300038CFE000010379,Blue Dream 1g Disposable,Vape Cart
"Steadfast, LLC",AU-SC-000116,Hazel Park,48030,1A4050300038CFE000007754,Blue Dream Vape Cart,Vape Cart
"Steadfast, LLC",AU-SC-000116,Hazel Park,48030,1A4050300038CFE000010134,Blue Dream Vape Cart,Vape Cart
"Steadfast, LLC",AU-SC-000116,Hazel Park,48030,1A4050300038CFE000010951,Blue Dream Vape Cart,Vape Cart
"Steadfast, LLC",AU-SC-000116,Hazel Park,48030,1A4050300038CFE000008318,Blue Razz 1g Disposable,Vape Cart
"Steadfast, LLC",AU-SC-000116,Hazel Park,48030,1A4050300038CFE000000802,Blue Razz Vape Cart,Vape Cart
"Steadfast, LLC",AU-SC-000116,Hazel Park,48030,1A4050300038CFE000011985,Blue Razz Vape Cart,Vape Cart
"Steadfast, LLC",AU-SC-000116,Hazel Park,48030,1A4050300038CFE000007654,Blueberry Pancake 1g vape,Vape Cart
"Steadfast, LLC",AU-SC-000116,Hazel Park,48030,1A4050300038CFE000009971,Blueberry Pancake 1g vape,Vape Cart
"Steadfast, LLC",AU-SC-000116,Hazel Park,48030,1A4050300038CFE000010709,Blueberry Pancake 1g vape,Vape Cart
"Steadfast, LLC",AU-SC-000116,Hazel Park,48030,1A4050300038CFE000007165,Cherry Pie Vape Cart,Vape Cart
"Steadfast, LLC",AU-SC-000116,Hazel Park,48030,1A4050300038CFE000012090,Cherry Pie Vape Cart,Vape Cart
"Steadfast, LLC",AU-SC-000116,Hazel Park,48030,1A4050300038CFE000014346,Cherry Pie Vape Cart,Vape Cart
"Steadfast, LLC",AU-SC-000116,Hazel Park,48030,1A4050300038CFE000010049,Fruity Pebbles 1g Disposable,Vape Cart
"Steadfast, LLC",AU-SC-000116,Hazel Park,48030,1A4050300038CFE000014342,Fruity Pebbles 1g Disposable,Vape Cart
"Steadfast, LLC",AU-SC-000116,Hazel Park,48030,1A4050300038CFE000000803,Fruity Pebbles Vape Cart,Vape Cart
"Steadfast, LLC",AU-SC-000116,Hazel Park,48030,1A4050300038CFE000012092,Fruity Pebbles Vape Cart,Vape Cart
"Steadfast, LLC",AU-SC-000116,Hazel Park,48030,1A4050300038CFE000010133,Grape Soda 1g Vape,Vape Cart
"Steadfast, LLC",AU-SC-000116,Hazel Park,48030,1A4050300038CFE000010711,Grape Soda 1g Vape,Vape Cart
"Steadfast, LLC",AU-SC-000116,Hazel Park,48030,1A4050300038CFE000011987,Grape Soda 1g Vape,Vape Cart
"Steadfast, LLC",AU-SC-000116,Hazel Park,48030,1A4050300038CFE000008137,Jungle Juice 1g Disposable,Vape Cart
"Steadfast, LLC",AU-SC-000116,Hazel Park,48030,1A4050300038CFE000007189,Jungle Juice Vape Cart,Vape Cart
"Steadfast, LLC",AU-SC-000116,Hazel Park,48030,1A4050300038CFE000011941,Jungle Juice Vape Cart,Vape Cart
"Steadfast, LLC",AU-SC-000116,Hazel Park,48030,1A4050300038CFE000010608,Lemon Cheese Cake Disposable,Vape Cart
"Steadfast, LLC",AU-SC-000116,Hazel Park,48030,1A4050300038CFE000010238,Lemon Cheese Cake Vape,Vape Cart
"Steadfast, LLC",AU-SC-000116,Hazel Park,48030,1A4050300038CFE000014344,Lemon Cheese Cake Vape,Vape Cart
"Steadfast, LLC",AU-SC-000116,Hazel Park,48030,1A4050300038CFE000008656,Lemon Drop Vape Cart,Vape Cart
"Steadfast, LLC",AU-SC-000116,Hazel Park,48030,1A4050300038CFE000001496,OG Vape Cart,Vape Cart
"Steadfast, LLC",AU-SC-000116,Hazel Park,48030,1A4050300038CFE000010137,OG Vape Cart,Vape Cart
"Steadfast, LLC",AU-SC-000116,Hazel Park,48030,1A4050300038CFE000008315,Orange Soda 1g Disposable,Vape Cart
"Steadfast, LLC",AU-SC-000116,Hazel Park,48030,1A4050300038CFE000008655,Orange Soda Vape Cart,Vape Cart
"Steadfast, LLC",AU-SC-000116,Hazel Park,48030,1A4050300038CFE000011769,Orange Soda Vape Cart,Vape Cart
"Steadfast, LLC",AU-SC-000116,Hazel Park,48030,1A4050300038CFE000001497,Peaches and Cream Vape Cart,Vape Cart
"Steadfast, LLC",AU-SC-000116,Hazel Park,48030,1A4050300038CFE000010704,Peaches and Cream Vape Cart,Vape Cart
"Steadfast, LLC",AU-SC-000116,Hazel Park,48030,1A4050300038CFE000010599,Pina Colada Disposables,Vape Cart
"Steadfast, LLC",AU-SC-000116,Hazel Park,48030,1A4050300038CFE000007796,Pina Colada Vape Cart,Vape Cart
"Steadfast, LLC",AU-SC-000116,Hazel Park,48030,1A4050300038CFE000012091,Red Velvet 1g Vape,Vape Cart
"Steadfast, LLC",AU-SC-000116,Hazel Park,48030,1A4050300038CFE000008143,Sour Apple 1g Disposable,Vape Cart
"Steadfast, LLC",AU-SC-000116,Hazel Park,48030,1A4050300038CFE000005926,Sour Apple Vape Cart,Vape Cart
"Steadfast, LLC",AU-SC-000116,Hazel Park,48030,1A4050300038CFE000008658,Sour Apple Vape Cart,Vape Cart
"Steadfast, LLC",AU-SC-000116,Hazel Park,48030,1A4050300038CFE000011858,Sour Apple Vape Cart,Vape Cart
"Steadfast, LLC",AU-SC-000116,Hazel Park,48030,1A4050300038CFE000007237,Strawberry Cough 1g Vape,Vape Cart
"Steadfast, LLC",AU-SC-000116,Hazel Park,48030,1A4050300038CFE000011859,Strawberry Cough 1g Vape,Vape Cart
"Steadfast, LLC",AU-SC-000116,Hazel Park,48030,1A4050300038CFE000007191,Strawberry Shortcake Vape Cart,Vape Cart
"Steadfast, LLC",AU-SC-000116,Hazel Park,48030,1A4050300038CFE000010703,Strawberry Shortcake Vape Cart,Vape Cart
"Steadfast, LLC",AU-SC-000116,Hazel Park,48030,1A4050300038CFE000000842,Watermelon Freeze Disposables,Vape Cart
"Steadfast, LLC",AU-SC-000116,Hazel Park,48030,1A4050300038CFE000010132,Watermelon Freeze Disposables,Vape Cart
"Steadfast, LLC",AU-SC-000116,Hazel Park,48030,1A4050300038CFE000005927,Watermelon Freeze Vape Cart,Vape Cart
"Steadfast, LLC",AU-SC-000116,Hazel Park,48030,1A4050300038CFE000007655,Watermelon Freeze Vape Cart,Vape Cart
"Steadfast, LLC",AU-SC-000116,Hazel Park,48030,1A4050300038CFE000009970,Watermelon Freeze Vape Cart,Vape Cart
"Steadfast, LLC",AU-SC-000116,Hazel Park,48030,1A4050300038CFE000011770,Watermelon Freeze Vape Cart,Vape Cart
Sticky Muskegon,AU-R-000681,Muskegon,49441,1A4050300038CFE000010393,OG 1g Infused Preroll,Infused Pre-Rolls
Sticky Muskegon,AU-R-000681,Muskegon,49441,1A4050300038CFE000010392,Peach Mango 1g Infused Preroll,Infused Pre-Rolls
Sticky Muskegon,AU-R-000681,Muskegon,49441,1A4050300038CFE000010394,Skywalker 1g Infused Preroll,Infused Pre-Rolls
Sticky Muskegon,AU-R-000681,Muskegon,49441,1A4050300038CFE000010395,Strawberry 1g Infused Preroll,Infused Pre-Rolls
Sticky Muskegon,AU-R-000681,Muskegon,49441,1A4050300038CFE000010396,Watermelon 1g Infused Preroll,Infused Pre-Rolls
Sticky Muskegon,AU-R-000681,Muskegon,49441,1A4050300038CFE000010397,Waui 1g Infused Preroll,Infused Pre-Rolls
Sticky Ypsi,AU-R-000616,Ypsilanti,48197,1A4050300038CFE000010345,OG 1g Infused Preroll,Infused Pre-Rolls
Sticky Ypsi,AU-R-000616,Ypsilanti,48197,1A4050300038CFE000010344,Peach Mango 1g Infused Preroll,Infused Pre-Rolls
Sticky Ypsi,AU-R-000616,Ypsilanti,48197,1A4050300038CFE000010346,Skywalker 1g Infused Preroll,Infused Pre-Rolls
Sticky Ypsi,AU-R-000616,Ypsilanti,48197,1A4050300038CFE000010349,Strawberry 1g Infused Preroll,Infused Pre-Rolls
Sticky Ypsi,AU-R-000616,Ypsilanti,48197,1A4050300038CFE000010347,Watermelon 1g Infused Preroll,Infused Pre-Rolls
Sticky Ypsi,AU-R-000616,Ypsilanti,48197,1A4050300038CFE000010348,Waui 1g Infused Preroll,Infused Pre-Rolls
Stiiizy,AU-R-000587,Ferndale,48220,1A4050300038CFE000021503,Watermelon 1g Infused Preroll,Infused Pre-Rolls
Stiiizy,AU-R-000587,Ferndale,48220,1A4050300038CFE000021500,Waui 1g Infused Preroll,Infused Pre-Rolls
Stiiizy,AU-R-000608,Kalamazoo,49002,1A4050300038CFE000021495,Watermelon 1g Infused Preroll,Infused Pre-Rolls
Stiiizy,AU-R-000608,Kalamazoo,49002,1A4050300038CFE000021494,Waui 1g Infused Preroll,Infused Pre-Rolls
Stiiizy,AU-R-000809,Battle Creek,49015,1A4050300038CFE000021415,Waui 1g Infused Preroll,Infused Pre-Rolls
Sunset Coast Provisions,AU-R-000459,Cassopolis,49031,1A4050300038CFE000006402,Banana Split Vape Cart,Vape Cart
Sunset Coast Provisions,AU-R-000459,Cassopolis,49031,1A4050300038CFE000010698,Banana Split Vape Cart,Vape Cart
Sunset Coast Provisions,AU-R-000459,Cassopolis,49031,1A4050300038CFE000008039,Blue Dream Vape Cart,Vape Cart
Sunset Coast Provisions,AU-R-000459,Cassopolis,49031,1A4050300038CFE000010954,Blue Dream Vape Cart,Vape Cart
Sunset Coast Provisions,AU-R-000459,Cassopolis,49031,1A4050300038CFE000006401,Blue Razz Vape Cart,Vape Cart
Sunset Coast Provisions,AU-R-000459,Cassopolis,49031,1A4050300038CFE000009765,Blueberry Pancake 1g vape,Vape Cart
Sunset Coast Provisions,AU-R-000459,Cassopolis,49031,1A4050300038CFE000010700,Blueberry Pancake 1g vape,Vape Cart
Sunset Coast Provisions,AU-R-000459,Cassopolis,49031,1A4050300038CFE000006403,Fruity Pebbles Vape Cart,Vape Cart
Sunset Coast Provisions,AU-R-000459,Cassopolis,49031,1A4050300038CFE000010945,Grape Soda 1g Vape,Vape Cart
Sunset Coast Provisions,AU-R-000459,Cassopolis,49031,1A4050300038CFE000010944,Lemon Cheese Cake Vape,Vape Cart
Sunset Coast Provisions,AU-R-000459,Cassopolis,49031,1A4050300038CFE000006405,OG Vape Cart,Vape Cart
Sunset Coast Provisions,AU-R-000459,Cassopolis,49031,1A4050300038CFE000010952,OG Vape Cart,Vape Cart
Sunset Coast Provisions,AU-R-000459,Cassopolis,49031,1A4050300038CFE000006406,Peaches and Cream Vape Cart,Vape Cart
Sunset Coast Provisions,AU-R-000459,Cassopolis,49031,1A4050300038CFE000010701,Peaches and Cream Vape Cart,Vape Cart
Sunset Coast Provisions,AU-R-000459,Cassopolis,49031,1A4050300038CFE000008020,Pina Colada Vape Cart,Vape Cart
Sunset Coast Provisions,AU-R-000459,Cassopolis,49031,1A4050300038CFE000006399,Sour Apple Vape Cart,Vape Cart
Sunset Coast Provisions,AU-R-000459,Cassopolis,49031,1A4050300038CFE000010949,Sour Apple Vape Cart,Vape Cart
Sunset Coast Provisions,AU-R-000459,Cassopolis,49031,1A4050300038CFE000006408,Watermelon Freeze Vape Cart,Vape Cart
Sunset Coast Provisions,AU-R-000459,Cassopolis,49031,1A4050300038CFE000010947,Watermelon Freeze Vape Cart,Vape Cart
Superior Buds Cannabis,AU-R-001069,Battle Creek,49014,1A4050300038CFE000012120,OG 1g Infused Preroll,Infused Pre-Rolls
Superior Buds Cannabis,AU-R-001069,Battle Creek,49014,1A4050300038CFE000012118,Peach Mango 1g Infused Preroll,Infused Pre-Rolls
Superior Buds Cannabis,AU-R-001069,Battle Creek,49014,1A4050300038CFE000012121,Strawberry 1g Infused Preroll,Infused Pre-Rolls
Superior Buds Cannabis,AU-R-001069,Battle Creek,49014,1A4050300038CFE000012122,Watermelon 1g Infused Preroll,Infused Pre-Rolls
Superior Buds Cannabis,AU-R-001069,Battle Creek,49014,1A4050300038CFE000012123,Waui 1g Infused Preroll,Infused Pre-Rolls
Superior Buds Cannabis,AU-R-001069,Battle Creek,49014,1A4050300038CFE000012131,Blue Dream 1g Disposable,Vape Cart
Superior Buds Cannabis,AU-R-001069,Battle Creek,49014,1A4050300038CFE000011142,Blue Dream Vape Cart,Vape Cart
Superior Buds Cannabis,AU-R-001069,Battle Creek,49014,1A4050300038CFE000011143,Blue Dream Vape Cart,Vape Cart
Superior Buds Cannabis,AU-R-001069,Battle Creek,49014,1A4050300038CFE000011152,Blue Dream Vape Cart,Vape Cart
Superior Buds Cannabis,AU-R-001069,Battle Creek,49014,1A4050300038CFE000011356,Blueberry Pancake 1g vape,Vape Cart
Superior Buds Cannabis,AU-R-001069,Battle Creek,49014,1A4050300038CFE000011371,Blueberry Pancake 1g vape,Vape Cart
Superior Buds Cannabis,AU-R-001069,Battle Creek,49014,1A4050300038CFE000011375,Blueberry Pancake 1g vape,Vape Cart
Superior Buds Cannabis,AU-R-001069,Battle Creek,49014,1A4050300038CFE000011075,Grape Soda 1g Vape,Vape Cart
Superior Buds Cannabis,AU-R-001069,Battle Creek,49014,1A4050300038CFE000011077,Grape Soda 1g Vape,Vape Cart
Superior Buds Cannabis,AU-R-001069,Battle Creek,49014,1A4050300038CFE000011088,Grape Soda 1g Vape,Vape Cart
Superior Buds Cannabis,AU-R-001069,Battle Creek,49014,1A4050300038CFE000012126,Lemon Cheese Cake Disposable,Vape Cart
Superior Buds Cannabis,AU-R-001069,Battle Creek,49014,1A4050300038CFE000012124,Orange Soda Vape Cart,Vape Cart
Superior Buds Cannabis,AU-R-001069,Battle Creek,49014,1A4050300038CFE000011319,Peaches and Cream Vape Cart,Vape Cart
Superior Buds Cannabis,AU-R-001069,Battle Creek,49014,1A4050300038CFE000011320,Peaches and Cream Vape Cart,Vape Cart
Superior Buds Cannabis,AU-R-001069,Battle Creek,49014,1A4050300038CFE000011334,Peaches and Cream Vape Cart,Vape Cart
Superior Buds Cannabis,AU-R-001069,Battle Creek,49014,1A4050300038CFE000011643,Pina Colada Disposables,Vape Cart
Superior Buds Cannabis,AU-R-001069,Battle Creek,49014,1A4050300038CFE000011644,Pina Colada Disposables,Vape Cart
Superior Buds Cannabis,AU-R-001069,Battle Creek,49014,1A4050300038CFE000011645,Pina Colada Disposables,Vape Cart
Superior Buds Cannabis,AU-R-001069,Battle Creek,49014,1A4050300038CFE000012132,Strawberry Shortcake Vape Cart,Vape Cart
Superior Buds Cannabis,AU-R-001069,Battle Creek,49014,1A4050300038CFE000011687,Watermelon Freeze Disposables,Vape Cart
Superior Buds Cannabis,AU-R-001069,Battle Creek,49014,1A4050300038CFE000011688,Watermelon Freeze Disposables,Vape Cart
Superior Buds Cannabis,AU-R-001069,Battle Creek,49014,1A4050300038CFE000011692,Watermelon Freeze Disposables,Vape Cart
Superior Buds Cannabis,AU-R-001069,Battle Creek,49014,1A4050300038CFE000012125,Watermelon Freeze Vape Cart,Vape Cart
Tend.Harvest.Cultivate.,AU-R-000319,Grand Rapids,49507,1A4050300038CFE000017998,OG 1g Infused Preroll,Infused Pre-Rolls
Tend.Harvest.Cultivate.,AU-R-000319,Grand Rapids,49507,1A4050300038CFE000017997,Peach Mango 1g Infused Preroll,Infused Pre-Rolls
Tend.Harvest.Cultivate.,AU-R-000319,Grand Rapids,49507,1A4050300038CFE000017999,Strawberry 1g Infused Preroll,Infused Pre-Rolls
Tend.Harvest.Cultivate.,AU-R-000319,Grand Rapids,49507,1A4050300038CFE000018000,Watermelon 1g Infused Preroll,Infused Pre-Rolls
Tend.Harvest.Cultivate.,AU-R-000319,Grand Rapids,49507,1A4050300038CFE000015235,Banana Split 1g Disposable,Vape Cart
Tend.Harvest.Cultivate.,AU-R-000319,Grand Rapids,49507,1A4050300038CFE000015146,Banana Split Vape Cart,Vape Cart
Tend.Harvest.Cultivate.,AU-R-000319,Grand Rapids,49507,1A4050300038CFE000015147,Banana Split Vape Cart,Vape Cart
Tend.Harvest.Cultivate.,AU-R-000319,Grand Rapids,49507,1A4050300038CFE000015563,Blue Dream 1g Disposable,Vape Cart
Tend.Harvest.Cultivate.,AU-R-000319,Grand Rapids,49507,1A4050300038CFE000015167,Blue Dream Vape Cart,Vape Cart
Tend.Harvest.Cultivate.,AU-R-000319,Grand Rapids,49507,1A4050300038CFE000015171,Blue Dream Vape Cart,Vape Cart
Tend.Harvest.Cultivate.,AU-R-000319,Grand Rapids,49507,1A4050300038CFE000014119,Blue Razz 1g Disposable,Vape Cart
Tend.Harvest.Cultivate.,AU-R-000319,Grand Rapids,49507,1A4050300038CFE000017168,Blue Razz Vape Cart,Vape Cart
Tend.Harvest.Cultivate.,AU-R-000319,Grand Rapids,49507,1A4050300038CFE000016232,Blueberry Pancake 1g Disposable,Vape Cart
Tend.Harvest.Cultivate.,AU-R-000319,Grand Rapids,49507,1A4050300038CFE000015414,Blueberry Pancake 1g vape,Vape Cart
Tend.Harvest.Cultivate.,AU-R-000319,Grand Rapids,49507,1A4050300038CFE000015419,Blueberry Pancake 1g vape,Vape Cart
Tend.Harvest.Cultivate.,AU-R-000319,Grand Rapids,49507,1A4050300038CFE000017064,Blueberry Pancake 1g vape,Vape Cart
Tend.Harvest.Cultivate.,AU-R-000319,Grand Rapids,49507,1A4050300038CFE000017065,Blueberry Pancake 1g vape,Vape Cart
Tend.Harvest.Cultivate.,AU-R-000319,Grand Rapids,49507,1A4050300038CFE000015959,Bubble Gum 1g vape,Vape Cart
Tend.Harvest.Cultivate.,AU-R-000319,Grand Rapids,49507,1A4050300038CFE000015960,Bubble Gum 1g vape,Vape Cart
Tend.Harvest.Cultivate.,AU-R-000319,Grand Rapids,49507,1A4050300038CFE000014770,Fruity Pebbles 1g Disposable,Vape Cart
Tend.Harvest.Cultivate.,AU-R-000319,Grand Rapids,49507,1A4050300038CFE000017144,Fruity Pebbles 1g Disposable,Vape Cart
Tend.Harvest.Cultivate.,AU-R-000319,Grand Rapids,49507,1A4050300038CFE000015012,Fruity Pebbles Vape Cart,Vape Cart
Tend.Harvest.Cultivate.,AU-R-000319,Grand Rapids,49507,1A4050300038CFE000015013,Fruity Pebbles Vape Cart,Vape Cart
Tend.Harvest.Cultivate.,AU-R-000319,Grand Rapids,49507,1A4050300038CFE000016416,Fruity Pebbles Vape Cart,Vape Cart
Tend.Harvest.Cultivate.,AU-R-000319,Grand Rapids,49507,1A4050300038CFE000015053,Grape Soda 1g Vape,Vape Cart
Tend.Harvest.Cultivate.,AU-R-000319,Grand Rapids,49507,1A4050300038CFE000015060,Grape Soda 1g Vape,Vape Cart
Tend.Harvest.Cultivate.,AU-R-000319,Grand Rapids,49507,1A4050300038CFE000016018,Jungle Juice 1g Disposable,Vape Cart
Tend.Harvest.Cultivate.,AU-R-000319,Grand Rapids,49507,1A4050300038CFE000016021,Jungle Juice 1g Disposable,Vape Cart
Tend.Harvest.Cultivate.,AU-R-000319,Grand Rapids,49507,1A4050300038CFE000014390,Jungle Juice Vape Cart,Vape Cart
Tend.Harvest.Cultivate.,AU-R-000319,Grand Rapids,49507,1A4050300038CFE000014401,Jungle Juice Vape Cart,Vape Cart
Tend.Harvest.Cultivate.,AU-R-000319,Grand Rapids,49507,1A4050300038CFE000016922,Jungle Juice Vape Cart,Vape Cart
Tend.Harvest.Cultivate.,AU-R-000319,Grand Rapids,49507,1A4050300038CFE000016923,Jungle Juice Vape Cart,Vape Cart
Tend.Harvest.Cultivate.,AU-R-000319,Grand Rapids,49507,1A4050300038CFE000014839,Lemon Cheese Cake Vape,Vape Cart
Tend.Harvest.Cultivate.,AU-R-000319,Grand Rapids,49507,1A4050300038CFE000014840,Lemon Cheese Cake Vape,Vape Cart
Tend.Harvest.Cultivate.,AU-R-000319,Grand Rapids,49507,1A4050300038CFE000016783,Lemon Drop Vape Cart,Vape Cart
Tend.Harvest.Cultivate.,AU-R-000319,Grand Rapids,49507,1A4050300038CFE000015070,OG Disposables,Vape Cart
Tend.Harvest.Cultivate.,AU-R-000319,Grand Rapids,49507,1A4050300038CFE000015603,Orange Soda 1g Disposable,Vape Cart
Tend.Harvest.Cultivate.,AU-R-000319,Grand Rapids,49507,1A4050300038CFE000016896,Orange Soda Vape Cart,Vape Cart
Tend.Harvest.Cultivate.,AU-R-000319,Grand Rapids,49507,1A4050300038CFE000016866,Pina Colada Disposables,Vape Cart
Tend.Harvest.Cultivate.,AU-R-000319,Grand Rapids,49507,1A4050300038CFE000016133,Pineapple Express 1g Vape Cart,Vape Cart
Tend.Harvest.Cultivate.,AU-R-000319,Grand Rapids,49507,1A4050300038CFE000016139,Pineapple Express 1g Vape Cart,Vape Cart
Tend.Harvest.Cultivate.,AU-R-000319,Grand Rapids,49507,1A4050300038CFE000016174,Pink Lemonade 1g Vape Cart,Vape Cart
Tend.Harvest.Cultivate.,AU-R-000319,Grand Rapids,49507,1A4050300038CFE000017105,Red Velvet 1g Vape,Vape Cart
Tend.Harvest.Cultivate.,AU-R-000319,Grand Rapids,49507,1A4050300038CFE000017111,Red Velvet 1g Vape,Vape Cart
Tend.Harvest.Cultivate.,AU-R-000319,Grand Rapids,49507,1A4050300038CFE000014062,Strawberry Shortcake 1g Disposable,Vape Cart
Tend.Harvest.Cultivate.,AU-R-000319,Grand Rapids,49507,1A4050300038CFE000016382,Strawberry Shortcake 1g Disposable,Vape Cart
Tend.Harvest.Cultivate.,AU-R-000319,Grand Rapids,49507,1A4050300038CFE000015989,Watermelon Freeze Disposables,Vape Cart
Tend.Harvest.Cultivate.,AU-R-000319,Grand Rapids,49507,1A4050300038CFE000013452,Watermelon Freeze Vape Cart,Vape Cart
Tend.Harvest.Cultivate.,AU-R-000319,Grand Rapids,49507,1A4050300038CFE000014600,Watermelon Freeze Vape Cart,Vape Cart
The Cake House,AU-R-000781,Battle Creek,49014,1A4050300038CFE000005902,OG 1g Infused Preroll,Infused Pre-Rolls
The Cake House,AU-R-000781,Battle Creek,49014,1A4050300038CFE000000847,Banana Split Vape Cart,Vape Cart
The Cake House,AU-R-000781,Battle Creek,49014,1A4050300038CFE000000849,Cherry Pie Vape Cart,Vape Cart
The Cake House,AU-R-000781,Battle Creek,49014,1A4050300038CFE000000855,Fruity Pebbles Vape Cart,Vape Cart
The Cake House,AU-R-000781,Battle Creek,49014,1A4050300038CFE000018549,OG Box 5 PK Vape Cart,Vape Cart
The Cake House,AU-R-000781,Battle Creek,49014,1A4050300038CFE000000850,OG Vape Cart,Vape Cart
The Cake House - Lansing,AU-R-001074,Lansing,48910,1A4050300038CFE000012052,OG 1g Infused Preroll,Infused Pre-Rolls
The Cake House - Lansing,AU-R-001074,Lansing,48910,1A4050300038CFE000012050,Peach Mango 1g Infused Preroll,Infused Pre-Rolls
The Cake House - Lansing,AU-R-001074,Lansing,48910,1A4050300038CFE000012053,Strawberry 1g Infused Preroll,Infused Pre-Rolls
The Cake House - Lansing,AU-R-001074,Lansing,48910,1A4050300038CFE000012054,Watermelon 1g Infused Preroll,Infused Pre-Rolls
The Cake House - Lansing,AU-R-001074,Lansing,48910,1A4050300038CFE000012055,Waui 1g Infused Preroll,Infused Pre-Rolls
The Cake House - Lansing,AU-R-001074,Lansing,48910,1A4050300038CFE000012007,Banana Split 1g Disposable,Vape Cart
The Cake House - Lansing,AU-R-001074,Lansing,48910,1A4050300038CFE000012005,Blue Dream 1g Disposable,Vape Cart
The Cake House - Lansing,AU-R-001074,Lansing,48910,1A4050300038CFE000012004,Fruity Pebbles 1g Disposable,Vape Cart
The Cake House - Lansing,AU-R-001074,Lansing,48910,1A4050300038CFE000019110,Fruity Pebbles Vape Cart,Vape Cart
The Cake House - Lansing,AU-R-001074,Lansing,48910,1A4050300038CFE000011086,Grape Soda 1g Vape,Vape Cart
The Cake House - Lansing,AU-R-001074,Lansing,48910,1A4050300038CFE000012011,Jungle Juice Vape Cart,Vape Cart
The Cake House - Lansing,AU-R-001074,Lansing,48910,1A4050300038CFE000012008,Lemon Cheese Cake Disposable,Vape Cart
The Cake House - Lansing,AU-R-001074,Lansing,48910,1A4050300038CFE000012013,Orange Soda Vape Cart,Vape Cart
The Cake House - Lansing,AU-R-001074,Lansing,48910,1A4050300038CFE000011328,Peaches and Cream Vape Cart,Vape Cart
The Cake House - Lansing,AU-R-001074,Lansing,48910,1A4050300038CFE000011640,Pina Colada Disposables,Vape Cart
The Cake House - Lansing,AU-R-001074,Lansing,48910,1A4050300038CFE000012009,Strawberry Shortcake Vape Cart,Vape Cart
The Cake House - Lansing,AU-R-001074,Lansing,48910,1A4050300038CFE000011691,Watermelon Freeze Disposables,Vape Cart
The Cake House - Lansing,AU-R-001074,Lansing,48910,1A4050300038CFE000012014,Watermelon Freeze Vape Cart,Vape Cart
The Dude Abides Marijuana Retailer,AU-R-000507,Coldwater,49036,1A4050300038CFE000013337,Peach Mango 1g Infused Preroll,Infused Pre-Rolls
The Dude Abides Marijuana Retailer,AU-R-000507,Coldwater,49036,1A4050300038CFE000013334,Strawberry 1g Infused Preroll,Infused Pre-Rolls
The Dude Abides Marijuana Retailer,AU-R-000507,Coldwater,49036,1A4050300038CFE000013330,Waui 1g Infused Preroll,Infused Pre-Rolls
The Dude Abides Provisioning Center,AU-R-000381,Constantine,49042,1A4050300038CFE000013325,Peach Mango 1g Infused Preroll,Infused Pre-Rolls
The Dude Abides Provisioning Center,AU-R-000381,Constantine,49042,1A4050300038CFE000013327,Strawberry 1g Infused Preroll,Infused Pre-Rolls
The Dude Abides Provisioning Center,AU-R-000381,Constantine,49042,1A4050300038CFE000013326,Waui 1g Infused Preroll,Infused Pre-Rolls
The Dude Abides Provisioning Center,AU-R-000744,Sturgis,49091,1A4050300038CFE000006905,Peach Mango 1g Infused Preroll,Infused Pre-Rolls
The Dude Abides Provisioning Center,AU-R-000744,Sturgis,49091,1A4050300038CFE000013294,Peach Mango 1g Infused Preroll,Infused Pre-Rolls
The Dude Abides Provisioning Center,AU-R-000744,Sturgis,49091,1A4050300038CFE000006894,Skywalker 1g Infused Preroll,Infused Pre-Rolls
The Dude Abides Provisioning Center,AU-R-000744,Sturgis,49091,1A4050300038CFE000013295,Strawberry 1g Infused Preroll,Infused Pre-Rolls
The Dude Abides Provisioning Center,AU-R-000744,Sturgis,49091,1A4050300038CFE000006903,Waui 1g Infused Preroll,Infused Pre-Rolls
The Dude Abides Provisioning Center,AU-R-000744,Sturgis,49091,1A4050300038CFE000013301,Waui 1g Infused Preroll,Infused Pre-Rolls
The Goat Cannabis Company LLC,AU-R-000819,Three Rivers,49093,1A4050300038CFE000013941,Blue Dream 1g Disposable,Vape Cart
The Goat Cannabis Company LLC,AU-R-000819,Three Rivers,49093,1A4050300038CFE000016390,Blue Razz 1g Disposable,Vape Cart
The Goat Cannabis Company LLC,AU-R-000819,Three Rivers,49093,1A4050300038CFE000015614,Blue Razz Vape Cart,Vape Cart
The Goat Cannabis Company LLC,AU-R-000819,Three Rivers,49093,1A4050300038CFE000018317,Blue Razz Vape Cart,Vape Cart
The Goat Cannabis Company LLC,AU-R-000819,Three Rivers,49093,1A4050300038CFE000013532,Blueberry Pancake 1g vape,Vape Cart
The Goat Cannabis Company LLC,AU-R-000819,Three Rivers,49093,1A4050300038CFE000015613,Blueberry Pancake 1g vape,Vape Cart
The Goat Cannabis Company LLC,AU-R-000819,Three Rivers,49093,1A4050300038CFE000015479,Bubble Gum Box 5 PK Vape Cart,Vape Cart
The Goat Cannabis Company LLC,AU-R-000819,Three Rivers,49093,1A4050300038CFE000014764,Fruity Pebbles 1g Disposable,Vape Cart
The Goat Cannabis Company LLC,AU-R-000819,Three Rivers,49093,1A4050300038CFE000017188,Fruity Pebbles 1g Disposable,Vape Cart
The Goat Cannabis Company LLC,AU-R-000819,Three Rivers,49093,1A4050300038CFE000015308,Fruity Pebbles Box 5 PK Vape Cart,Vape Cart
The Goat Cannabis Company LLC,AU-R-000819,Three Rivers,49093,1A4050300038CFE000015028,Fruity Pebbles Vape Cart,Vape Cart
The Goat Cannabis Company LLC,AU-R-000819,Three Rivers,49093,1A4050300038CFE000015062,Grape Soda 1g Vape,Vape Cart
The Goat Cannabis Company LLC,AU-R-000819,Three Rivers,49093,1A4050300038CFE000014406,Jungle Juice Vape Cart,Vape Cart
The Goat Cannabis Company LLC,AU-R-000819,Three Rivers,49093,1A4050300038CFE000018399,Lemon Drop Vape Cart,Vape Cart
The Goat Cannabis Company LLC,AU-R-000819,Three Rivers,49093,1A4050300038CFE000015071,OG Disposables,Vape Cart
The Goat Cannabis Company LLC,AU-R-000819,Three Rivers,49093,1A4050300038CFE000015072,OG Disposables,Vape Cart
The Goat Cannabis Company LLC,AU-R-000819,Three Rivers,49093,1A4050300038CFE000015629,Orange Soda 1g Disposable,Vape Cart
The Goat Cannabis Company LLC,AU-R-000819,Three Rivers,49093,1A4050300038CFE000015223,Strawberry Cough 1g Vape,Vape Cart
The Goat Cannabis Company LLC,AU-R-000819,Three Rivers,49093,1A4050300038CFE000019059,Strawberry Cough 1g Vape,Vape Cart
The Goat Cannabis Company LLC,AU-R-000819,Three Rivers,49093,1A4050300038CFE000015318,Watermelon Freeze Box 5 PK Vape Cart,Vape Cart
The Goat Cannabis Company LLC,AU-R-000819,Three Rivers,49093,1A4050300038CFE000014079,Watermelon Freeze Disposables,Vape Cart
The Goat Cannabis Company LLC,AU-R-000819,Three Rivers,49093,1A4050300038CFE000018636,Watermelon Freeze Disposables,Vape Cart
The Goat Cannabis Company LLC,AU-R-000819,Three Rivers,49093,1A4050300038CFE000013448,Watermelon Freeze Vape Cart,Vape Cart
The Goat Cannabis Company LLC,AU-R-000819,Three Rivers,49093,1A4050300038CFE000013456,Watermelon Freeze Vape Cart,Vape Cart
The Herbalist,AU-R-000924,Detroit,48228,1A4050300038CFE000017487,Banana Split Vape Cart,Vape Cart
The Herbalist,AU-R-000924,Detroit,48228,1A4050300038CFE000018325,Blue Razz Vape Cart,Vape Cart
The Herbalist,AU-R-000924,Detroit,48228,1A4050300038CFE000018541,Blueberry Pancake Box 5 PK Vape Cart,Vape Cart
The Herbalist,AU-R-000924,Detroit,48228,1A4050300038CFE000019034,Fruity Pebbles Vape Cart,Vape Cart
The Herbalist,AU-R-000924,Detroit,48228,1A4050300038CFE000019033,Lemon Cheese Cake Vape,Vape Cart
The Herbalist,AU-R-000924,Detroit,48228,1A4050300038CFE000017253,OG Disposables,Vape Cart
The Herbalist,AU-R-000924,Detroit,48228,1A4050300038CFE000019037,Watermelon Freeze Box 5 PK Vape Cart,Vape Cart
The Herbalist,AU-R-000924,Detroit,48228,1A4050300038CFE000019036,Watermelon Freeze Vape Cart,Vape Cart
The Patient Station,AU-R-000269,Ypsilanti,48197,1A4050300038CFE000006863,Lemon Pie 5 - .7g Infused Prerolls,Buds
The Patient Station,AU-R-000269,Ypsilanti,48197,1A4050300038CFE000009778,OG 1g Infused Preroll,Infused Pre-Rolls
The Patient Station,AU-R-000269,Ypsilanti,48197,1A4050300038CFE000009770,Peach Mango 1g Infused Preroll,Infused Pre-Rolls
The Patient Station,AU-R-000269,Ypsilanti,48197,1A4050300038CFE000009777,Skywalker 1g Infused Preroll,Infused Pre-Rolls
The Patient Station,AU-R-000269,Ypsilanti,48197,1A4050300038CFE000004601,Strawberry 1g Infused Preroll,Infused Pre-Rolls
The Patient Station,AU-R-000269,Ypsilanti,48197,1A4050300038CFE000009767,Strawberry 1g Infused Preroll,Infused Pre-Rolls
The Patient Station,AU-R-000269,Ypsilanti,48197,1A4050300038CFE000003029,Watermelon 1g Infused Preroll,Infused Pre-Rolls
The Patient Station,AU-R-000269,Ypsilanti,48197,1A4050300038CFE000009775,Watermelon 1g Infused Preroll,Infused Pre-Rolls
The Patient Station,AU-R-000269,Ypsilanti,48197,1A405030000C671000000566,Waui 1g Infused Preroll,Infused Pre-Rolls
The Patient Station,AU-R-000269,Ypsilanti,48197,1A4050300038CFE000009776,Waui 1g Infused Preroll,Infused Pre-Rolls
The Patient Station,AU-R-000269,Ypsilanti,48197,1A4050300038CFE000010268,Banana Split 1g Disposable,Vape Cart
The Patient Station,AU-R-000269,Ypsilanti,48197,1A4050300038CFE000004642,Banana Split Vape Cart,Vape Cart
The Patient Station,AU-R-000269,Ypsilanti,48197,1A4050300038CFE000006829,Banana Split Vape Cart,Vape Cart
The Patient Station,AU-R-000269,Ypsilanti,48197,1A4050300038CFE000006830,Banana Split Vape Cart,Vape Cart
The Patient Station,AU-R-000269,Ypsilanti,48197,1A4050300038CFE000006833,Banana Split Vape Cart,Vape Cart
The Patient Station,AU-R-000269,Ypsilanti,48197,1A4050300038CFE000010269,Banana Split Vape Cart,Vape Cart
The Patient Station,AU-R-000269,Ypsilanti,48197,1A4050300038CFE000010264,Blue Dream Vape Cart,Vape Cart
The Patient Station,AU-R-000269,Ypsilanti,48197,1A4050300038CFE000000180,Blue Razz Vape Cart,Vape Cart
The Patient Station,AU-R-000269,Ypsilanti,48197,1A4050300038CFE000000261,Blue Razz Vape Cart,Vape Cart
The Patient Station,AU-R-000269,Ypsilanti,48197,1A4050300038CFE000004641,Blue Razz Vape Cart,Vape Cart
The Patient Station,AU-R-000269,Ypsilanti,48197,1A4050300038CFE000006691,Blue Razz Vape Cart,Vape Cart
The Patient Station,AU-R-000269,Ypsilanti,48197,1A4050300038CFE000006692,Blue Razz Vape Cart,Vape Cart
The Patient Station,AU-R-000269,Ypsilanti,48197,1A4050300038CFE000006693,Blue Razz Vape Cart,Vape Cart
The Patient Station,AU-R-000269,Ypsilanti,48197,1A4050300038CFE000010265,Blueberry Pancake 1g vape,Vape Cart
The Patient Station,AU-R-000269,Ypsilanti,48197,1A4050300038CFE000000182,Cherry Pie Vape Cart,Vape Cart
The Patient Station,AU-R-000269,Ypsilanti,48197,1A4050300038CFE000000263,Cherry Pie Vape Cart,Vape Cart
The Patient Station,AU-R-000269,Ypsilanti,48197,1A4050300038CFE000010256,Fruity Pebbles 1g Disposable,Vape Cart
The Patient Station,AU-R-000269,Ypsilanti,48197,1A4050300038CFE000000276,Fruity Pebbles Vape Cart,Vape Cart
The Patient Station,AU-R-000269,Ypsilanti,48197,1A4050300038CFE000010261,Grape Soda 1g Vape,Vape Cart
The Patient Station,AU-R-000269,Ypsilanti,48197,1A4050300038CFE000000183,Jungle Juice Vape Cart,Vape Cart
The Patient Station,AU-R-000269,Ypsilanti,48197,1A4050300038CFE000000264,Jungle Juice Vape Cart,Vape Cart
The Patient Station,AU-R-000269,Ypsilanti,48197,1A4050300038CFE000010277,Lemon Drop Vape Cart,Vape Cart
The Patient Station,AU-R-000269,Ypsilanti,48197,1A4050300038CFE000000184,OG Vape Cart,Vape Cart
The Patient Station,AU-R-000269,Ypsilanti,48197,1A4050300038CFE000000265,OG Vape Cart,Vape Cart
The Patient Station,AU-R-000269,Ypsilanti,48197,1A4050300038CFE000006643,OG Vape Cart,Vape Cart
The Patient Station,AU-R-000269,Ypsilanti,48197,1A4050300038CFE000006644,OG Vape Cart,Vape Cart
The Patient Station,AU-R-000269,Ypsilanti,48197,1A4050300038CFE000006647,OG Vape Cart,Vape Cart
The Patient Station,AU-R-000269,Ypsilanti,48197,1A4050300038CFE000010270,Orange Soda 1g Disposable,Vape Cart
The Patient Station,AU-R-000269,Ypsilanti,48197,1A4050300038CFE000010288,Orange Soda Vape Cart,Vape Cart
The Patient Station,AU-R-000269,Ypsilanti,48197,1A4050300038CFE000000187,Peaches and Cream Vape Cart,Vape Cart
The Patient Station,AU-R-000269,Ypsilanti,48197,1A4050300038CFE000000267,Peaches and Cream Vape Cart,Vape Cart
The Patient Station,AU-R-000269,Ypsilanti,48197,1A4050300038CFE000006798,Peaches and Cream Vape Cart,Vape Cart
The Patient Station,AU-R-000269,Ypsilanti,48197,1A4050300038CFE000006858,Peaches and Cream Vape Cart,Vape Cart
The Patient Station,AU-R-000269,Ypsilanti,48197,1A4050300038CFE000006859,Peaches and Cream Vape Cart,Vape Cart
The Patient Station,AU-R-000269,Ypsilanti,48197,1A4050300038CFE000010275,Peaches and Cream Vape Cart,Vape Cart
The Patient Station,AU-R-000269,Ypsilanti,48197,1A4050300038CFE000000188,Pina Colada Vape Cart,Vape Cart
The Patient Station,AU-R-000269,Ypsilanti,48197,1A4050300038CFE000000269,Pina Colada Vape Cart,Vape Cart
The Patient Station,AU-R-000269,Ypsilanti,48197,1A4050300038CFE000008008,Pina Colada Vape Cart,Vape Cart
The Patient Station,AU-R-000269,Ypsilanti,48197,1A4050300038CFE000010274,Sour Apple 1g Disposable,Vape Cart
The Patient Station,AU-R-000269,Ypsilanti,48197,1A4050300038CFE000000190,Sour Apple Vape Cart,Vape Cart
The Patient Station,AU-R-000269,Ypsilanti,48197,1A4050300038CFE000000270,Sour Apple Vape Cart,Vape Cart
The Patient Station,AU-R-000269,Ypsilanti,48197,1A4050300038CFE000006835,Sour Apple Vape Cart,Vape Cart
The Patient Station,AU-R-000269,Ypsilanti,48197,1A4050300038CFE000006837,Sour Apple Vape Cart,Vape Cart
The Patient Station,AU-R-000269,Ypsilanti,48197,1A4050300038CFE000006840,Sour Apple Vape Cart,Vape Cart
The Patient Station,AU-R-000269,Ypsilanti,48197,1A4050300038CFE000004645,Watermelon Freeze Disposables,Vape Cart
The Patient Station,AU-R-000269,Ypsilanti,48197,1A4050300038CFE000010271,Watermelon Freeze Disposables,Vape Cart
The Patient Station,AU-R-000269,Ypsilanti,48197,1A4050300038CFE000006860,Watermelon Freeze Vape Cart,Vape Cart
The Patient Station,AU-R-000269,Ypsilanti,48197,1A4050300038CFE000010260,Watermelon Freeze Vape Cart,Vape Cart
The Refinery Kalamazoo,AU-R-000250,Kalamazoo,49001,1A4050300038CFE000019121,Fruity Pebbles Box 5 PK Vape Cart,Vape Cart
The Refinery Kalamazoo,AU-R-000250,Kalamazoo,49001,1A4050300038CFE000019122,Jungle Juice Box 5 PK Vape Cart,Vape Cart
The Refinery Kalamazoo,AU-R-000250,Kalamazoo,49001,1A4050300038CFE000019123,Watermelon Freeze Box 5 PK Vape Cart,Vape Cart
The Remeddi Station,AU-R-000194,Vassar,48768,1A4050300038CFE000005022,Strawberry 1g Infused Preroll,Infused Pre-Rolls
The Remeddi Station,AU-R-000194,Vassar,48768,1A4050300038CFE000005249,Watermelon 1g Infused Preroll,Infused Pre-Rolls
"The Remedy Detroit, LLC",AU-R-000912,Detroit,48219,1A4050300038CFE000018740,Blue Raspberry 1g Infused Preroll,Infused Pre-Rolls
"The Remedy Detroit, LLC",AU-R-000912,Detroit,48219,1A4050300038CFE000013886,OG 1g Infused Preroll,Infused Pre-Rolls
"The Remedy Detroit, LLC",AU-R-000912,Detroit,48219,1A4050300038CFE000018743,OG 1g Infused Preroll,Infused Pre-Rolls
"The Remedy Detroit, LLC",AU-R-000912,Detroit,48219,1A4050300038CFE000013887,Peach Mango 1g Infused Preroll,Infused Pre-Rolls
"The Remedy Detroit, LLC",AU-R-000912,Detroit,48219,1A4050300038CFE000018742,Peach Mango 1g Infused Preroll,Infused Pre-Rolls
"The Remedy Detroit, LLC",AU-R-000912,Detroit,48219,1A4050300038CFE000013888,Strawberry 1g Infused Preroll,Infused Pre-Rolls
"The Remedy Detroit, LLC",AU-R-000912,Detroit,48219,1A4050300038CFE000018744,Strawberry 1g Infused Preroll,Infused Pre-Rolls
"The Remedy Detroit, LLC",AU-R-000912,Detroit,48219,1A4050300038CFE000018745,Watermelon 1g Infused Preroll,Infused Pre-Rolls
The Wellflower,AU-R-000753,Whitmore Lake,48189,1A4050300038CFE000013201,OG 1g Infused Preroll,Infused Pre-Rolls
The Wellflower,AU-R-000753,Whitmore Lake,48189,1A4050300038CFE000013229,OG 1g Infused Preroll,Infused Pre-Rolls
The Wellflower,AU-R-000753,Whitmore Lake,48189,1A4050300038CFE000013199,Peach Mango 1g Infused Preroll,Infused Pre-Rolls
The Wellflower,AU-R-000753,Whitmore Lake,48189,1A4050300038CFE000013228,Peach Mango 1g Infused Preroll,Infused Pre-Rolls
The Wellflower,AU-R-000753,Whitmore Lake,48189,1A4050300038CFE000013200,Pineapple 1g Infused Preroll,Infused Pre-Rolls
The Wellflower,AU-R-000753,Whitmore Lake,48189,1A4050300038CFE000013231,Pineapple 1g Infused Preroll,Infused Pre-Rolls
The Wellflower,AU-R-000753,Whitmore Lake,48189,1A4050300038CFE000013202,Skywalker 1g Infused Preroll,Infused Pre-Rolls
The Wellflower,AU-R-000753,Whitmore Lake,48189,1A4050300038CFE000013203,Strawberry 1g Infused Preroll,Infused Pre-Rolls
The Wellflower,AU-R-000753,Whitmore Lake,48189,1A4050300038CFE000013204,Watermelon 1g Infused Preroll,Infused Pre-Rolls
The Wellflower,AU-R-000753,Whitmore Lake,48189,1A4050300038CFE000013230,Watermelon 1g Infused Preroll,Infused Pre-Rolls
The Wellflower,AU-R-000753,Whitmore Lake,48189,1A4050300038CFE000013205,Waui 1g Infused Preroll,Infused Pre-Rolls
The Wellflower,AU-R-000753,Whitmore Lake,48189,1A4050300038CFE000019212,Apple Burst 1g Vape,Vape Cart
The Wellflower,AU-R-000753,Whitmore Lake,48189,1A4050300038CFE000017498,Banana Split Vape Cart,Vape Cart
The Wellflower,AU-R-000753,Whitmore Lake,48189,1A4050300038CFE000013151,Blue Dream Vape Cart,Vape Cart
The Wellflower,AU-R-000753,Whitmore Lake,48189,1A4050300038CFE000013168,Blue Razz 1g Disposable,Vape Cart
The Wellflower,AU-R-000753,Whitmore Lake,48189,1A4050300038CFE000013152,Blue Razz Vape Cart,Vape Cart
The Wellflower,AU-R-000753,Whitmore Lake,48189,1A4050300038CFE000016100,Blue Razz Vape Cart,Vape Cart
The Wellflower,AU-R-000753,Whitmore Lake,48189,1A4050300038CFE000017958,Blueberry Pancake 1g vape,Vape Cart
The Wellflower,AU-R-000753,Whitmore Lake,48189,1A4050300038CFE000015461,Bubble Gum 1g vape,Vape Cart
The Wellflower,AU-R-000753,Whitmore Lake,48189,1A4050300038CFE000013153,Cherry Pie Vape Cart,Vape Cart
The Wellflower,AU-R-000753,Whitmore Lake,48189,1A4050300038CFE000017947,Cherry Pie Vape Cart,Vape Cart
The Wellflower,AU-R-000753,Whitmore Lake,48189,1A4050300038CFE000017949,Dirty Shirly 1g Vape,Vape Cart
The Wellflower,AU-R-000753,Whitmore Lake,48189,1A4050300038CFE000013172,Fruity Pebbles 1g Disposable,Vape Cart
The Wellflower,AU-R-000753,Whitmore Lake,48189,1A4050300038CFE000013154,Fruity Pebbles Vape Cart,Vape Cart
The Wellflower,AU-R-000753,Whitmore Lake,48189,1A4050300038CFE000019562,Fruity Pebbles Vape Cart,Vape Cart
The Wellflower,AU-R-000753,Whitmore Lake,48189,1A4050300038CFE000013155,Grape Soda 1g Vape,Vape Cart
The Wellflower,AU-R-000753,Whitmore Lake,48189,1A4050300038CFE000013156,Jungle Juice Vape Cart,Vape Cart
The Wellflower,AU-R-000753,Whitmore Lake,48189,1A4050300038CFE000018059,Jungle Juice Vape Cart,Vape Cart
The Wellflower,AU-R-000753,Whitmore Lake,48189,1A4050300038CFE000018420,Lemon Drop Vape Cart,Vape Cart
The Wellflower,AU-R-000753,Whitmore Lake,48189,1A4050300038CFE000013158,Lemon Pie Vape Cart,Vape Cart
The Wellflower,AU-R-000753,Whitmore Lake,48189,1A4050300038CFE000017955,OG Vape Cart,Vape Cart
The Wellflower,AU-R-000753,Whitmore Lake,48189,1A4050300038CFE000019565,OG Vape Cart,Vape Cart
The Wellflower,AU-R-000753,Whitmore Lake,48189,1A4050300038CFE000013161,Orange Soda Vape Cart,Vape Cart
The Wellflower,AU-R-000753,Whitmore Lake,48189,1A4050300038CFE000013162,Peaches and Cream Vape Cart,Vape Cart
The Wellflower,AU-R-000753,Whitmore Lake,48189,1A4050300038CFE000013163,Red Velvet 1g Vape,Vape Cart
The Wellflower,AU-R-000753,Whitmore Lake,48189,1A4050300038CFE000013164,Sour Apple Vape Cart,Vape Cart
The Wellflower,AU-R-000753,Whitmore Lake,48189,1A4050300038CFE000013165,Strawberry Cough 1g Vape,Vape Cart
The Wellflower,AU-R-000753,Whitmore Lake,48189,1A4050300038CFE000019567,Strawberry Cough 1g Vape,Vape Cart
The Wellflower,AU-R-000753,Whitmore Lake,48189,1A4050300038CFE000013171,Strawberry Shortcake 1g Disposable,Vape Cart
The Wellflower,AU-R-000753,Whitmore Lake,48189,1A4050300038CFE000013166,Strawberry Shortcake Vape Cart,Vape Cart
The Wellflower,AU-R-000753,Whitmore Lake,48189,1A4050300038CFE000019225,Strawberry Shortcake Vape Cart,Vape Cart
The Wellflower,AU-R-000753,Whitmore Lake,48189,1A4050300038CFE000013167,Watermelon Freeze Vape Cart,Vape Cart
The Wellflower,AU-R-000753,Whitmore Lake,48189,1A4050300038CFE000018304,Watermelon Freeze Vape Cart,Vape Cart
"The WellFlower Ypsilanti, LLC",AU-R-000665,Ypsilanti,48197,1A4050300038CFE000012730,OG 1g Infused Preroll,Infused Pre-Rolls
"The WellFlower Ypsilanti, LLC",AU-R-000665,Ypsilanti,48197,1A4050300038CFE000012729,Peach Mango 1g Infused Preroll,Infused Pre-Rolls
"The WellFlower Ypsilanti, LLC",AU-R-000665,Ypsilanti,48197,1A4050300038CFE000012738,Pineapple 1g Infused Preroll,Infused Pre-Rolls
"The WellFlower Ypsilanti, LLC",AU-R-000665,Ypsilanti,48197,1A4050300038CFE000012731,Skywalker 1g Infused Preroll,Infused Pre-Rolls
"The WellFlower Ypsilanti, LLC",AU-R-000665,Ypsilanti,48197,1A4050300038CFE000012732,Strawberry 1g Infused Preroll,Infused Pre-Rolls
"The WellFlower Ypsilanti, LLC",AU-R-000665,Ypsilanti,48197,1A4050300038CFE000012733,Watermelon 1g Infused Preroll,Infused Pre-Rolls
"The WellFlower Ypsilanti, LLC",AU-R-000665,Ypsilanti,48197,1A4050300038CFE000012734,Waui 1g Infused Preroll,Infused Pre-Rolls
"The WellFlower Ypsilanti, LLC",AU-R-000665,Ypsilanti,48197,1A4050300038CFE000008228,Banana Split Vape Cart,Vape Cart
"The WellFlower Ypsilanti, LLC",AU-R-000665,Ypsilanti,48197,1A4050300038CFE000008045,Blue Dream Vape Cart,Vape Cart
"The WellFlower Ypsilanti, LLC",AU-R-000665,Ypsilanti,48197,1A4050300038CFE000008046,Blue Dream Vape Cart,Vape Cart
"The WellFlower Ypsilanti, LLC",AU-R-000665,Ypsilanti,48197,1A4050300038CFE000008049,Blue Dream Vape Cart,Vape Cart
"The WellFlower Ypsilanti, LLC",AU-R-000665,Ypsilanti,48197,1A4050300038CFE000008059,Blue Dream Vape Cart,Vape Cart
"The WellFlower Ypsilanti, LLC",AU-R-000665,Ypsilanti,48197,1A4050300038CFE000008234,Blueberry Pancake 1g vape,Vape Cart
"The WellFlower Ypsilanti, LLC",AU-R-000665,Ypsilanti,48197,1A4050300038CFE000008232,Cherry Pie Vape Cart,Vape Cart
"The WellFlower Ypsilanti, LLC",AU-R-000665,Ypsilanti,48197,1A4050300038CFE000019554,Fruity Pebbles Vape Cart,Vape Cart
"The WellFlower Ypsilanti, LLC",AU-R-000665,Ypsilanti,48197,1A4050300038CFE000018061,Jungle Juice Vape Cart,Vape Cart
"The WellFlower Ypsilanti, LLC",AU-R-000665,Ypsilanti,48197,1A4050300038CFE000018428,Lemon Drop Vape Cart,Vape Cart
"The WellFlower Ypsilanti, LLC",AU-R-000665,Ypsilanti,48197,1A4050300038CFE000018429,Lemon Drop Vape Cart,Vape Cart
"The WellFlower Ypsilanti, LLC",AU-R-000665,Ypsilanti,48197,1A4050300038CFE000007997,Pina Colada Vape Cart,Vape Cart
"The WellFlower Ypsilanti, LLC",AU-R-000665,Ypsilanti,48197,1A4050300038CFE000008001,Pina Colada Vape Cart,Vape Cart
"The WellFlower Ypsilanti, LLC",AU-R-000665,Ypsilanti,48197,1A4050300038CFE000008003,Pina Colada Vape Cart,Vape Cart
"The WellFlower Ypsilanti, LLC",AU-R-000665,Ypsilanti,48197,1A4050300038CFE000008024,Pina Colada Vape Cart,Vape Cart
"The WellFlower Ypsilanti, LLC",AU-R-000665,Ypsilanti,48197,1A4050300038CFE000019555,Strawberry Cough 1g Vape,Vape Cart
"The WellFlower Ypsilanti, LLC",AU-R-000665,Ypsilanti,48197,1A4050300038CFE000006729,Watermelon Freeze Disposables,Vape Cart
"The WellFlower Ypsilanti, LLC",AU-R-000665,Ypsilanti,48197,1A4050300038CFE000008231,Watermelon Freeze Vape Cart,Vape Cart
"The WellFlower Ypsilanti, LLC",AU-R-000665,Ypsilanti,48197,1A4050300038CFE000019556,Watermelon Freeze Vape Cart,Vape Cart
The Woods Whitehall,AU-R-000945,Whitehall,49461,1A4050300038CFE000015164,Blue Dream Vape Cart,Vape Cart
The Woods Whitehall,AU-R-000945,Whitehall,49461,1A4050300038CFE000014711,Blueberry Pancake 1g vape,Vape Cart
The Woods Whitehall,AU-R-000945,Whitehall,49461,1A4050300038CFE000015030,Grape Soda 1g Vape,Vape Cart
The Woods Whitehall,AU-R-000945,Whitehall,49461,1A4050300038CFE000014835,Lemon Cheese Cake Vape,Vape Cart
The Woods Whitehall,AU-R-000945,Whitehall,49461,1A4050300038CFE000015091,Orange Soda 1g Disposable,Vape Cart
The Woods Whitehall,AU-R-000945,Whitehall,49461,1A4050300038CFE000015257,Peaches and Cream Vape Cart,Vape Cart
The Woods Whitehall,AU-R-000945,Whitehall,49461,1A4050300038CFE000014067,Strawberry Shortcake 1g Disposable,Vape Cart
Top Cannabis Outlet,AU-R-001012,Bay City,48708,1A4050300038CFE000018573,Blue Raspberry 1g Infused Preroll,Infused Pre-Rolls
Top Cannabis Outlet,AU-R-001012,Bay City,48708,1A4050300038CFE000018576,OG 1g Infused Preroll,Infused Pre-Rolls
Top Cannabis Outlet,AU-R-001012,Bay City,48708,1A4050300038CFE000009647,Peach Mango 1g Infused Preroll,Infused Pre-Rolls
Top Cannabis Outlet,AU-R-001012,Bay City,48708,1A4050300038CFE000014688,Peach Mango 1g Infused Preroll,Infused Pre-Rolls
Top Cannabis Outlet,AU-R-001012,Bay City,48708,1A4050300038CFE000014689,Peach Mango 1g Infused Preroll,Infused Pre-Rolls
Top Cannabis Outlet,AU-R-001012,Bay City,48708,1A4050300038CFE000018575,Peach Mango 1g Infused Preroll,Infused Pre-Rolls
Top Cannabis Outlet,AU-R-001012,Bay City,48708,1A4050300038CFE000018580,Peach Mango 1g Infused Preroll,Infused Pre-Rolls
Top Cannabis Outlet,AU-R-001012,Bay City,48708,1A4050300038CFE000009654,Skywalker 1g Infused Preroll,Infused Pre-Rolls
Top Cannabis Outlet,AU-R-001012,Bay City,48708,1A4050300038CFE000014687,Skywalker 1g Infused Preroll,Infused Pre-Rolls
Top Cannabis Outlet,AU-R-001012,Bay City,48708,1A4050300038CFE000018578,Strawberry 1g Infused Preroll,Infused Pre-Rolls
Top Cannabis Outlet,AU-R-001012,Bay City,48708,1A4050300038CFE000009653,Watermelon 1g Infused Preroll,Infused Pre-Rolls
Top Cannabis Outlet,AU-R-001012,Bay City,48708,1A4050300038CFE000014686,Watermelon 1g Infused Preroll,Infused Pre-Rolls
Top Cannabis Outlet,AU-R-001012,Bay City,48708,1A4050300038CFE000018579,Watermelon 1g Infused Preroll,Infused Pre-Rolls
Top Cannabis Outlet,AU-R-001012,Bay City,48708,1A4050300038CFE000009648,Waui 1g Infused Preroll,Infused Pre-Rolls
Top Cannabis Outlet,AU-R-001012,Bay City,48708,1A4050300038CFE000014685,Waui 1g Infused Preroll,Infused Pre-Rolls
Top Cannabis Outlet,AU-R-001012,Bay City,48708,1A4050300038CFE000009642,Banana Split 1g Disposable,Vape Cart
Top Cannabis Outlet,AU-R-001012,Bay City,48708,1A4050300038CFE000009629,Banana Split Vape Cart,Vape Cart
Top Cannabis Outlet,AU-R-001012,Bay City,48708,1A4050300038CFE000008037,Blue Dream Vape Cart,Vape Cart
Top Cannabis Outlet,AU-R-001012,Bay City,48708,1A4050300038CFE000009643,Blue Razz 1g Disposable,Vape Cart
Top Cannabis Outlet,AU-R-001012,Bay City,48708,1A4050300038CFE000009617,Blueberry Pancake 1g vape,Vape Cart
Top Cannabis Outlet,AU-R-001012,Bay City,48708,1A4050300038CFE000015407,Blueberry Pancake 1g vape,Vape Cart
Top Cannabis Outlet,AU-R-001012,Bay City,48708,1A4050300038CFE000015409,Blueberry Pancake 1g vape,Vape Cart
Top Cannabis Outlet,AU-R-001012,Bay City,48708,1A4050300038CFE000018538,Blueberry Pancake Box 5 PK Vape Cart,Vape Cart
Top Cannabis Outlet,AU-R-001012,Bay City,48708,1A4050300038CFE000018543,Bubble Gum Box 5 PK Vape Cart,Vape Cart
Top Cannabis Outlet,AU-R-001012,Bay City,48708,1A4050300038CFE000015760,Cherry Pie Vape Cart,Vape Cart
Top Cannabis Outlet,AU-R-001012,Bay City,48708,1A4050300038CFE000015016,Fruity Pebbles Vape Cart,Vape Cart
Top Cannabis Outlet,AU-R-001012,Bay City,48708,1A4050300038CFE000015023,Fruity Pebbles Vape Cart,Vape Cart
Top Cannabis Outlet,AU-R-001012,Bay City,48708,1A4050300038CFE000009631,Jungle Juice 1g Disposable,Vape Cart
Top Cannabis Outlet,AU-R-001012,Bay City,48708,1A4050300038CFE000008106,Jungle Juice Vape Cart,Vape Cart
Top Cannabis Outlet,AU-R-001012,Bay City,48708,1A4050300038CFE000014402,Jungle Juice Vape Cart,Vape Cart
Top Cannabis Outlet,AU-R-001012,Bay City,48708,1A4050300038CFE000015762,Jungle Juice Vape Cart,Vape Cart
Top Cannabis Outlet,AU-R-001012,Bay City,48708,1A4050300038CFE000015286,Lemon Cheese Cake Vape,Vape Cart
Top Cannabis Outlet,AU-R-001012,Bay City,48708,1A4050300038CFE000015288,Lemon Cheese Cake Vape,Vape Cart
Top Cannabis Outlet,AU-R-001012,Bay City,48708,1A4050300038CFE000009618,Lemon Drop Vape Cart,Vape Cart
Top Cannabis Outlet,AU-R-001012,Bay City,48708,1A4050300038CFE000018548,OG Box 5 PK Vape Cart,Vape Cart
Top Cannabis Outlet,AU-R-001012,Bay City,48708,1A4050300038CFE000009641,Orange Soda 1g Disposable,Vape Cart
Top Cannabis Outlet,AU-R-001012,Bay City,48708,1A4050300038CFE000009616,Orange Soda Vape Cart,Vape Cart
Top Cannabis Outlet,AU-R-001012,Bay City,48708,1A4050300038CFE000015529,Peaches and Cream Vape Cart,Vape Cart
Top Cannabis Outlet,AU-R-001012,Bay City,48708,1A4050300038CFE000015533,Peaches and Cream Vape Cart,Vape Cart
Top Cannabis Outlet,AU-R-001012,Bay City,48708,1A4050300038CFE000009628,Sour Apple 1g Disposable,Vape Cart
Top Cannabis Outlet,AU-R-001012,Bay City,48708,1A4050300038CFE000009627,Sour Apple Vape Cart,Vape Cart
Top Cannabis Outlet,AU-R-001012,Bay City,48708,1A4050300038CFE000015498,Sour Apple Vape Cart,Vape Cart
Top Cannabis Outlet,AU-R-001012,Bay City,48708,1A4050300038CFE000015561,Sour Apple Vape Cart,Vape Cart
Top Cannabis Outlet,AU-R-001012,Bay City,48708,1A4050300038CFE000015226,Strawberry Cough 1g Vape,Vape Cart
Top Cannabis Outlet,AU-R-001012,Bay City,48708,1A4050300038CFE000015227,Strawberry Cough 1g Vape,Vape Cart
Top Cannabis Outlet,AU-R-001012,Bay City,48708,1A4050300038CFE000015761,Strawberry Cough 1g Vape,Vape Cart
Top Cannabis Outlet,AU-R-001012,Bay City,48708,1A4050300038CFE000018554,Strawberry Cough Box 5 PK Vape Cart,Vape Cart
Top Cannabis Outlet,AU-R-001012,Bay City,48708,1A4050300038CFE000015429,Strawberry Shortcake Vape Cart,Vape Cart
Top Cannabis Outlet,AU-R-001012,Bay City,48708,1A4050300038CFE000015437,Strawberry Shortcake Vape Cart,Vape Cart
Top Cannabis Outlet,AU-R-001012,Bay City,48708,1A4050300038CFE000006741,Watermelon Freeze Disposables,Vape Cart
Top Cannabis Outlet,AU-R-001012,Bay City,48708,1A4050300038CFE000009623,Watermelon Freeze Vape Cart,Vape Cart
Top Cannabis Outlet,AU-R-001012,Bay City,48708,1A4050300038CFE000014920,Watermelon Freeze Vape Cart,Vape Cart
Top Cannabis Outlet,AU-R-001012,Bay City,48708,1A4050300038CFE000014921,Watermelon Freeze Vape Cart,Vape Cart
Ultra Cannabis,AU-R-001066,Detroit,48219,1A4050300038CFE000020522,Blue Raspberry 1g Infused Preroll,Infused Pre-Rolls
Ultra Cannabis,AU-R-001066,Detroit,48219,1A4050300038CFE000009709,OG 1g Infused Preroll,Infused Pre-Rolls
Ultra Cannabis,AU-R-001066,Detroit,48219,1A4050300038CFE000020526,OG 1g Infused Preroll,Infused Pre-Rolls
Ultra Cannabis,AU-R-001066,Detroit,48219,1A4050300038CFE000009717,Peach Mango 1g Infused Preroll,Infused Pre-Rolls
Ultra Cannabis,AU-R-001066,Detroit,48219,1A4050300038CFE000020524,Pineapple 1g Infused Preroll,Infused Pre-Rolls
Ultra Cannabis,AU-R-001066,Detroit,48219,1A4050300038CFE000009708,Skywalker 1g Infused Preroll,Infused Pre-Rolls
Ultra Cannabis,AU-R-001066,Detroit,48219,1A4050300038CFE000020527,Skywalker 1g Infused Preroll,Infused Pre-Rolls
Ultra Cannabis,AU-R-001066,Detroit,48219,1A4050300038CFE000009706,Strawberry 1g Infused Preroll,Infused Pre-Rolls
Ultra Cannabis,AU-R-001066,Detroit,48219,1A4050300038CFE000020528,Strawberry 1g Infused Preroll,Infused Pre-Rolls
Ultra Cannabis,AU-R-001066,Detroit,48219,1A4050300038CFE000009707,Watermelon 1g Infused Preroll,Infused Pre-Rolls
Ultra Cannabis,AU-R-001066,Detroit,48219,1A4050300038CFE000020529,Watermelon 1g Infused Preroll,Infused Pre-Rolls
Ultra Cannabis,AU-R-001066,Detroit,48219,1A4050300038CFE000009718,Waui 1g Infused Preroll,Infused Pre-Rolls
Ultra Cannabis,AU-R-001066,Detroit,48219,1A4050300038CFE000009698,Banana Split 1g Disposable,Vape Cart
Ultra Cannabis,AU-R-001066,Detroit,48219,1A4050300038CFE000009693,Banana Split Vape Cart,Vape Cart
Ultra Cannabis,AU-R-001066,Detroit,48219,1A4050300038CFE000008056,Blue Dream Vape Cart,Vape Cart
Ultra Cannabis,AU-R-001066,Detroit,48219,1A4050300038CFE000009699,Blue Razz 1g Disposable,Vape Cart
Ultra Cannabis,AU-R-001066,Detroit,48219,1A4050300038CFE000020486,Blue Razz 1g Disposable,Vape Cart
Ultra Cannabis,AU-R-001066,Detroit,48219,1A4050300038CFE000009692,Blueberry Pancake 1g vape,Vape Cart
Ultra Cannabis,AU-R-001066,Detroit,48219,1A4050300038CFE000016830,Cherry Pie 1g Disposable,Vape Cart
Ultra Cannabis,AU-R-001066,Detroit,48219,1A4050300038CFE000019291,Cherry Pie Box 5 PK Vape Cart,Vape Cart
Ultra Cannabis,AU-R-001066,Detroit,48219,1A4050300038CFE000009697,Jungle Juice 1g Disposable,Vape Cart
Ultra Cannabis,AU-R-001066,Detroit,48219,1A4050300038CFE000009695,Lemon Drop Vape Cart,Vape Cart
Ultra Cannabis,AU-R-001066,Detroit,48219,1A4050300038CFE000017256,OG Disposables,Vape Cart
Ultra Cannabis,AU-R-001066,Detroit,48219,1A4050300038CFE000009704,Orange Soda 1g Disposable,Vape Cart
Ultra Cannabis,AU-R-001066,Detroit,48219,1A4050300038CFE000008006,Pina Colada Vape Cart,Vape Cart
Ultra Cannabis,AU-R-001066,Detroit,48219,1A4050300038CFE000009702,Sour Apple 1g Disposable,Vape Cart
Ultra Cannabis,AU-R-001066,Detroit,48219,1A4050300038CFE000016362,Strawberry Shortcake 1g Disposable,Vape Cart
Ultra Cannabis,AU-R-001066,Detroit,48219,1A4050300038CFE000018626,Watermelon Freeze Disposables,Vape Cart
Ultra Cannabis,AU-R-001066,Detroit,48219,1A4050300038CFE000009694,Watermelon Freeze Vape Cart,Vape Cart
Uniq Cannabis,AU-R-001028,Monroe,48161,1A4050300038CFE000017566,Blue Raspberry 1g Infused Preroll,Infused Pre-Rolls
Vibe the Ultimate Cannabis Experience,AU-R-000420,Inkster,48141,1A4050300038CFE000013928,Banana Split Vape Cart,Vape Cart
Vibe the Ultimate Cannabis Experience,AU-R-000420,Inkster,48141,1A4050300038CFE000014169,Blue Dream Vape Cart,Vape Cart
Vibe the Ultimate Cannabis Experience,AU-R-000420,Inkster,48141,1A4050300038CFE000014171,Cherry Pie Vape Cart,Vape Cart
Vibe the Ultimate Cannabis Experience,AU-R-000420,Inkster,48141,1A4050300038CFE000011092,Grape Soda 1g Vape,Vape Cart
Vibe the Ultimate Cannabis Experience,AU-R-000420,Inkster,48141,1A4050300038CFE000013979,Lemon Drop Vape Cart,Vape Cart
Vibe the Ultimate Cannabis Experience,AU-R-000420,Inkster,48141,1A4050300038CFE000013604,Orange Soda Vape Cart,Vape Cart
Vibe the Ultimate Cannabis Experience,AU-R-000420,Inkster,48141,1A4050300038CFE000011648,Pina Colada Disposables,Vape Cart
Viridis North,AU-SC-000103,Bay City,48706,1A4050300038CFE000000392,Banana Split Vape Cart,Vape Cart
Viridis North,AU-SC-000103,Bay City,48706,1A4050300038CFE000000058,Blue Razz Vape Cart,Vape Cart
Viridis North,AU-SC-000103,Bay City,48706,1A4050300038CFE000000061,Cherry Pie Vape Cart,Vape Cart
Viridis North,AU-SC-000103,Bay City,48706,1A4050300038CFE000000060,Fruity Pebbles Vape Cart,Vape Cart
Viridis North,AU-SC-000103,Bay City,48706,1A4050300038CFE000000497,Lemon Drop Vape Cart,Vape Cart
Viridis North,AU-SC-000103,Bay City,48706,1A4050300038CFE000000086,OG Vape Cart,Vape Cart
Viridis North,AU-SC-000103,Bay City,48706,1A4050300038CFE000000013,Peaches and Cream Vape Cart,Vape Cart
Viridis North,AU-SC-000103,Bay City,48706,1A4050300038CFE000000011,Pina Colada Vape Cart,Vape Cart
Viridis North,AU-SC-000103,Bay City,48706,1A4050300038CFE000000059,Sour Apple Vape Cart,Vape Cart
Wayne Releaf,AU-R-000291,Wayne,48184,1A4050300038CFE000013364,Pineapple 1g Infused Preroll,Infused Pre-Rolls
Wayne Releaf,AU-R-000291,Wayne,48184,1A4050300038CFE000013367,Skywalker 1g Infused Preroll,Infused Pre-Rolls
Wayne Releaf,AU-R-000291,Wayne,48184,1A4050300038CFE000013366,Waui 1g Infused Preroll,Infused Pre-Rolls
Wayne Releaf,AU-R-000291,Wayne,48184,1A4050300038CFE000013352,Banana Split Vape Cart,Vape Cart
Wayne Releaf,AU-R-000291,Wayne,48184,1A4050300038CFE000017472,Banana Split Vape Cart,Vape Cart
Wayne Releaf,AU-R-000291,Wayne,48184,1A4050300038CFE000017475,Banana Split Vape Cart,Vape Cart
Wayne Releaf,AU-R-000291,Wayne,48184,1A4050300038CFE000013353,Blue Dream 1g Disposable,Vape Cart
Wayne Releaf,AU-R-000291,Wayne,48184,1A4050300038CFE000018326,Blue Razz Vape Cart,Vape Cart
Wayne Releaf,AU-R-000291,Wayne,48184,1A4050300038CFE000018327,Blue Razz Vape Cart,Vape Cart
Wayne Releaf,AU-R-000291,Wayne,48184,1A4050300038CFE000018334,Blue Razz Vape Cart,Vape Cart
Wayne Releaf,AU-R-000291,Wayne,48184,1A4050300038CFE000013542,Fruity Pebbles Vape Cart,Vape Cart
Wayne Releaf,AU-R-000291,Wayne,48184,1A4050300038CFE000013543,Fruity Pebbles Vape Cart,Vape Cart
Wayne Releaf,AU-R-000291,Wayne,48184,1A4050300038CFE000013544,Fruity Pebbles Vape Cart,Vape Cart
Wayne Releaf,AU-R-000291,Wayne,48184,1A4050300038CFE000013545,Fruity Pebbles Vape Cart,Vape Cart
Wayne Releaf,AU-R-000291,Wayne,48184,1A4050300038CFE000013546,Fruity Pebbles Vape Cart,Vape Cart
Wayne Releaf,AU-R-000291,Wayne,48184,1A4050300038CFE000013816,OG Vape Cart,Vape Cart
Wayne Releaf,AU-R-000291,Wayne,48184,1A4050300038CFE000013817,OG Vape Cart,Vape Cart
Wayne Releaf,AU-R-000291,Wayne,48184,1A4050300038CFE000013818,OG Vape Cart,Vape Cart
Wayne Releaf,AU-R-000291,Wayne,48184,1A4050300038CFE000013819,OG Vape Cart,Vape Cart
Wayne Releaf,AU-R-000291,Wayne,48184,1A4050300038CFE000013820,OG Vape Cart,Vape Cart
Wayne Releaf,AU-R-000291,Wayne,48184,1A4050300038CFE000013413,Watermelon Freeze Vape Cart,Vape Cart
Wayne Releaf,AU-R-000291,Wayne,48184,1A4050300038CFE000013414,Watermelon Freeze Vape Cart,Vape Cart
Wayne Releaf,AU-R-000291,Wayne,48184,1A4050300038CFE000013415,Watermelon Freeze Vape Cart,Vape Cart
Wayne Releaf,AU-R-000291,Wayne,48184,1A4050300038CFE000013416,Watermelon Freeze Vape Cart,Vape Cart
Wayne Releaf,AU-R-000291,Wayne,48184,1A4050300038CFE000013417,Watermelon Freeze Vape Cart,Vape Cart
West Coast Meds,AU-R-000919,Detroit,48238,1A4050300038CFE000018732,Blue Raspberry 1g Infused Preroll,Infused Pre-Rolls
West Coast Meds,AU-R-000919,Detroit,48238,1A4050300038CFE000018727,OG 1g Infused Preroll,Infused Pre-Rolls
West Coast Meds,AU-R-000919,Detroit,48238,1A4050300038CFE000008181,Peach Mango 1g Infused Preroll,Infused Pre-Rolls
West Coast Meds,AU-R-000919,Detroit,48238,1A4050300038CFE000008192,Peach Mango 1g Infused Preroll,Infused Pre-Rolls
West Coast Meds,AU-R-000919,Detroit,48238,1A4050300038CFE000018726,Peach Mango 1g Infused Preroll,Infused Pre-Rolls
West Coast Meds,AU-R-000919,Detroit,48238,1A4050300038CFE000018728,Strawberry 1g Infused Preroll,Infused Pre-Rolls
West Coast Meds,AU-R-000919,Detroit,48238,1A4050300038CFE000008175,Watermelon 1g Infused Preroll,Infused Pre-Rolls
West Coast Meds,AU-R-000919,Detroit,48238,1A4050300038CFE000008195,Watermelon 1g Infused Preroll,Infused Pre-Rolls
West Coast Meds,AU-R-000919,Detroit,48238,1A4050300038CFE000018730,Watermelon 1g Infused Preroll,Infused Pre-Rolls
West Coast Meds,AU-R-000919,Detroit,48238,1A4050300038CFE000008189,Waui 1g Infused Preroll,Infused Pre-Rolls
West Coast Meds,AU-R-000919,Detroit,48238,1A4050300038CFE000008196,Banana Split Vape Cart,Vape Cart
West Coast Meds,AU-R-000919,Detroit,48238,1A4050300038CFE000008054,Blue Dream Vape Cart,Vape Cart
West Coast Meds,AU-R-000919,Detroit,48238,1A4050300038CFE000020795,Blue Razz 1g Disposable,Vape Cart
West Coast Meds,AU-R-000919,Detroit,48238,1A4050300038CFE000008199,Blueberry Pancake 1g vape,Vape Cart
West Coast Meds,AU-R-000919,Detroit,48238,1A4050300038CFE000020801,Cherry Pie 1g Disposable,Vape Cart
West Coast Meds,AU-R-000919,Detroit,48238,1A4050300038CFE000008197,Cherry Pie Vape Cart,Vape Cart
West Coast Meds,AU-R-000919,Detroit,48238,1A4050300038CFE000020803,Strawberry Shortcake 1g Disposable,Vape Cart
West Coast Meds,AU-R-000919,Detroit,48238,1A4050300038CFE000006747,Watermelon Freeze Disposables,Vape Cart
West Coast Meds,AU-R-000919,Detroit,48238,1A4050300038CFE000018627,Watermelon Freeze Disposables,Vape Cart
West Coast Meds,AU-R-000919,Detroit,48238,1A4050300038CFE000008198,Watermelon Freeze Vape Cart,Vape Cart
White Flower Cannabis Co.,AU-R-000571,Paw Paw,49079,1A4050300038CFE000015165,Blue Dream Vape Cart,Vape Cart
White Flower Cannabis Co.,AU-R-000571,Paw Paw,49079,1A4050300038CFE000015612,Blueberry Pancake 1g vape,Vape Cart
White Flower Cannabis Co.,AU-R-000571,Paw Paw,49079,1A4050300038CFE000014888,Cherry Pie Vape Cart,Vape Cart
White Flower Cannabis Co.,AU-R-000571,Paw Paw,49079,1A4050300038CFE000015011,Fruity Pebbles Vape Cart,Vape Cart
White Flower Cannabis Co.,AU-R-000571,Paw Paw,49079,1A4050300038CFE000015061,Grape Soda 1g Vape,Vape Cart
White Flower Cannabis Co.,AU-R-000571,Paw Paw,49079,1A4050300038CFE000014394,Jungle Juice Vape Cart,Vape Cart
White Flower Cannabis Co.,AU-R-000571,Paw Paw,49079,1A4050300038CFE000015289,Lemon Cheese Cake Vape,Vape Cart
White Flower Cannabis Co.,AU-R-000571,Paw Paw,49079,1A4050300038CFE000014957,Lemon Drop Vape Cart,Vape Cart
White Flower Cannabis Co.,AU-R-000571,Paw Paw,49079,1A4050300038CFE000014644,Lemon Pie Vape Cart,Vape Cart
White Flower Cannabis Co.,AU-R-000571,Paw Paw,49079,1A4050300038CFE000014952,OG Vape Cart,Vape Cart
White Flower Cannabis Co.,AU-R-000571,Paw Paw,49079,1A4050300038CFE000015360,Peaches and Cream Vape Cart,Vape Cart
White Flower Cannabis Co.,AU-R-000571,Paw Paw,49079,1A4050300038CFE000015518,Red Velvet 1g Vape,Vape Cart
White Flower Cannabis Co.,AU-R-000571,Paw Paw,49079,1A4050300038CFE000015493,Sour Apple Vape Cart,Vape Cart
White Flower Cannabis Co.,AU-R-000571,Paw Paw,49079,1A4050300038CFE000015228,Strawberry Cough 1g Vape,Vape Cart
White Flower Cannabis Co.,AU-R-000571,Paw Paw,49079,1A4050300038CFE000015445,Strawberry Shortcake Vape Cart,Vape Cart
White Flower Cannabis Co.,AU-R-000571,Paw Paw,49079,1A4050300038CFE000014629,Watermelon Freeze Vape Cart,Vape Cart
